
> @jatra/admin-service@1.0.0 start:dev /home/bayajidswe/My-files/my-projects/jatra-railway/apps/admin-service
> ts-node-dev -r tsconfig-paths/register --respawn --transpile-only src/main.ts

[INFO] 21:05:48 ts-node-dev ver. 2.0.0 (using ts-node ver. 10.9.2, typescript ver. 5.9.3)
[32m[Nest] 34236  - [39m01/04/2026, 9:05:50 PM [32m    LOG[39m [38;5;3m[NestFactory] [39m[32mStarting Nest application...[39m
[32m[Nest] 34236  - [39m01/04/2026, 9:05:50 PM [32m    LOG[39m [38;5;3m[InstanceLoader] [39m[32mAppModule dependencies initialized[39m[38;5;3m +20ms[39m
[32m[Nest] 34236  - [39m01/04/2026, 9:05:50 PM [32m    LOG[39m [38;5;3m[InstanceLoader] [39m[32mPrismaModule dependencies initialized[39m[38;5;3m +1ms[39m
[32m[Nest] 34236  - [39m01/04/2026, 9:05:50 PM [32m    LOG[39m [38;5;3m[InstanceLoader] [39m[32mConfigHostModule dependencies initialized[39m[38;5;3m +0ms[39m
[32m[Nest] 34236  - [39m01/04/2026, 9:05:50 PM [32m    LOG[39m [38;5;3m[InstanceLoader] [39m[32mTrainsModule dependencies initialized[39m[38;5;3m +1ms[39m
[32m[Nest] 34236  - [39m01/04/2026, 9:05:50 PM [32m    LOG[39m [38;5;3m[InstanceLoader] [39m[32mRoutesModule dependencies initialized[39m[38;5;3m +0ms[39m
[32m[Nest] 34236  - [39m01/04/2026, 9:05:50 PM [32m    LOG[39m [38;5;3m[InstanceLoader] [39m[32mJourneysModule dependencies initialized[39m[38;5;3m +0ms[39m
[32m[Nest] 34236  - [39m01/04/2026, 9:05:50 PM [32m    LOG[39m [38;5;3m[InstanceLoader] [39m[32mStationsModule dependencies initialized[39m[38;5;3m +0ms[39m
[32m[Nest] 34236  - [39m01/04/2026, 9:05:50 PM [32m    LOG[39m [38;5;3m[InstanceLoader] [39m[32mUsersModule dependencies initialized[39m[38;5;3m +0ms[39m
[32m[Nest] 34236  - [39m01/04/2026, 9:05:50 PM [32m    LOG[39m [38;5;3m[InstanceLoader] [39m[32mBookingsModule dependencies initialized[39m[38;5;3m +0ms[39m
[32m[Nest] 34236  - [39m01/04/2026, 9:05:50 PM [32m    LOG[39m [38;5;3m[InstanceLoader] [39m[32mStatsModule dependencies initialized[39m[38;5;3m +0ms[39m
[32m[Nest] 34236  - [39m01/04/2026, 9:05:50 PM [32m    LOG[39m [38;5;3m[InstanceLoader] [39m[32mConfigModule dependencies initialized[39m[38;5;3m +0ms[39m
[32m[Nest] 34236  - [39m01/04/2026, 9:05:50 PM [32m    LOG[39m [38;5;3m[InstanceLoader] [39m[32mCoachesModule dependencies initialized[39m[38;5;3m +0ms[39m
[32m[Nest] 34236  - [39m01/04/2026, 9:05:50 PM [32m    LOG[39m [38;5;3m[InstanceLoader] [39m[32mSeatsModule dependencies initialized[39m[38;5;3m +0ms[39m
[32m[Nest] 34236  - [39m01/04/2026, 9:05:50 PM [32m    LOG[39m [38;5;3m[InstanceLoader] [39m[32mSettingsModule dependencies initialized[39m[38;5;3m +0ms[39m
[32m[Nest] 34236  - [39m01/04/2026, 9:05:50 PM [32m    LOG[39m [38;5;3m[InstanceLoader] [39m[32mPaymentsModule dependencies initialized[39m[38;5;3m +0ms[39m
[32m[Nest] 34236  - [39m01/04/2026, 9:05:50 PM [32m    LOG[39m [38;5;3m[RoutesResolver] [39m[32mTrainsController {/api/admin/trains}:[39m[38;5;3m +31ms[39m
[32m[Nest] 34236  - [39m01/04/2026, 9:05:50 PM [32m    LOG[39m [38;5;3m[RouterExplorer] [39m[32mMapped {/api/admin/trains, GET} route[39m[38;5;3m +1ms[39m
[32m[Nest] 34236  - [39m01/04/2026, 9:05:50 PM [32m    LOG[39m [38;5;3m[RouterExplorer] [39m[32mMapped {/api/admin/trains/:id, GET} route[39m[38;5;3m +0ms[39m
[32m[Nest] 34236  - [39m01/04/2026, 9:05:50 PM [32m    LOG[39m [38;5;3m[RouterExplorer] [39m[32mMapped {/api/admin/trains, POST} route[39m[38;5;3m +0ms[39m
[32m[Nest] 34236  - [39m01/04/2026, 9:05:50 PM [32m    LOG[39m [38;5;3m[RouterExplorer] [39m[32mMapped {/api/admin/trains/:id, PUT} route[39m[38;5;3m +1ms[39m
[32m[Nest] 34236  - [39m01/04/2026, 9:05:50 PM [32m    LOG[39m [38;5;3m[RouterExplorer] [39m[32mMapped {/api/admin/trains/:id, DELETE} route[39m[38;5;3m +0ms[39m
[32m[Nest] 34236  - [39m01/04/2026, 9:05:50 PM [32m    LOG[39m [38;5;3m[RoutesResolver] [39m[32mRoutesController {/api/admin/routes}:[39m[38;5;3m +0ms[39m
[32m[Nest] 34236  - [39m01/04/2026, 9:05:50 PM [32m    LOG[39m [38;5;3m[RouterExplorer] [39m[32mMapped {/api/admin/routes, GET} route[39m[38;5;3m +0ms[39m
[32m[Nest] 34236  - [39m01/04/2026, 9:05:50 PM [32m    LOG[39m [38;5;3m[RouterExplorer] [39m[32mMapped {/api/admin/routes/:id, GET} route[39m[38;5;3m +0ms[39m
[32m[Nest] 34236  - [39m01/04/2026, 9:05:50 PM [32m    LOG[39m [38;5;3m[RoutesResolver] [39m[32mJourneysController {/api/admin/journeys}:[39m[38;5;3m +0ms[39m
[32m[Nest] 34236  - [39m01/04/2026, 9:05:50 PM [32m    LOG[39m [38;5;3m[RouterExplorer] [39m[32mMapped {/api/admin/journeys, GET} route[39m[38;5;3m +0ms[39m
[32m[Nest] 34236  - [39m01/04/2026, 9:05:50 PM [32m    LOG[39m [38;5;3m[RouterExplorer] [39m[32mMapped {/api/admin/journeys/:id, GET} route[39m[38;5;3m +1ms[39m
[32m[Nest] 34236  - [39m01/04/2026, 9:05:50 PM [32m    LOG[39m [38;5;3m[RoutesResolver] [39m[32mStationsController {/api/admin/stations}:[39m[38;5;3m +0ms[39m
[32m[Nest] 34236  - [39m01/04/2026, 9:05:50 PM [32m    LOG[39m [38;5;3m[RouterExplorer] [39m[32mMapped {/api/admin/stations, GET} route[39m[38;5;3m +0ms[39m
[32m[Nest] 34236  - [39m01/04/2026, 9:05:50 PM [32m    LOG[39m [38;5;3m[RoutesResolver] [39m[32mUsersController {/api/admin/users}:[39m[38;5;3m +0ms[39m
[32m[Nest] 34236  - [39m01/04/2026, 9:05:50 PM [32m    LOG[39m [38;5;3m[RouterExplorer] [39m[32mMapped {/api/admin/users, GET} route[39m[38;5;3m +0ms[39m
[32m[Nest] 34236  - [39m01/04/2026, 9:05:50 PM [32m    LOG[39m [38;5;3m[RouterExplorer] [39m[32mMapped {/api/admin/users/:id, GET} route[39m[38;5;3m +0ms[39m
[32m[Nest] 34236  - [39m01/04/2026, 9:05:50 PM [32m    LOG[39m [38;5;3m[RoutesResolver] [39m[32mBookingsController {/api/admin/bookings}:[39m[38;5;3m +0ms[39m
[32m[Nest] 34236  - [39m01/04/2026, 9:05:50 PM [32m    LOG[39m [38;5;3m[RouterExplorer] [39m[32mMapped {/api/admin/bookings, GET} route[39m[38;5;3m +1ms[39m
[32m[Nest] 34236  - [39m01/04/2026, 9:05:50 PM [32m    LOG[39m [38;5;3m[RouterExplorer] [39m[32mMapped {/api/admin/bookings/:id, GET} route[39m[38;5;3m +0ms[39m
[32m[Nest] 34236  - [39m01/04/2026, 9:05:50 PM [32m    LOG[39m [38;5;3m[RoutesResolver] [39m[32mStatsController {/api/admin/stats}:[39m[38;5;3m +0ms[39m
[32m[Nest] 34236  - [39m01/04/2026, 9:05:50 PM [32m    LOG[39m [38;5;3m[RouterExplorer] [39m[32mMapped {/api/admin/stats/dashboard, GET} route[39m[38;5;3m +0ms[39m
[32m[Nest] 34236  - [39m01/04/2026, 9:05:50 PM [32m    LOG[39m [38;5;3m[RoutesResolver] [39m[32mCoachesController {/api/admin/coaches}:[39m[38;5;3m +0ms[39m
[32m[Nest] 34236  - [39m01/04/2026, 9:05:50 PM [32m    LOG[39m [38;5;3m[RouterExplorer] [39m[32mMapped {/api/admin/coaches, GET} route[39m[38;5;3m +0ms[39m
[32m[Nest] 34236  - [39m01/04/2026, 9:05:50 PM [32m    LOG[39m [38;5;3m[RouterExplorer] [39m[32mMapped {/api/admin/coaches/:id, GET} route[39m[38;5;3m +0ms[39m
[32m[Nest] 34236  - [39m01/04/2026, 9:05:50 PM [32m    LOG[39m [38;5;3m[RouterExplorer] [39m[32mMapped {/api/admin/coaches, POST} route[39m[38;5;3m +0ms[39m
[32m[Nest] 34236  - [39m01/04/2026, 9:05:50 PM [32m    LOG[39m [38;5;3m[RouterExplorer] [39m[32mMapped {/api/admin/coaches/:id, PUT} route[39m[38;5;3m +0ms[39m
[32m[Nest] 34236  - [39m01/04/2026, 9:05:50 PM [32m    LOG[39m [38;5;3m[RouterExplorer] [39m[32mMapped {/api/admin/coaches/:id, DELETE} route[39m[38;5;3m +0ms[39m
[32m[Nest] 34236  - [39m01/04/2026, 9:05:50 PM [32m    LOG[39m [38;5;3m[RoutesResolver] [39m[32mSeatsController {/api/admin/seats}:[39m[38;5;3m +0ms[39m
[32m[Nest] 34236  - [39m01/04/2026, 9:05:50 PM [32m    LOG[39m [38;5;3m[RouterExplorer] [39m[32mMapped {/api/admin/seats, GET} route[39m[38;5;3m +0ms[39m
[32m[Nest] 34236  - [39m01/04/2026, 9:05:50 PM [32m    LOG[39m [38;5;3m[RouterExplorer] [39m[32mMapped {/api/admin/seats/:id, GET} route[39m[38;5;3m +0ms[39m
[32m[Nest] 34236  - [39m01/04/2026, 9:05:50 PM [32m    LOG[39m [38;5;3m[RouterExplorer] [39m[32mMapped {/api/admin/seats, POST} route[39m[38;5;3m +0ms[39m
[32m[Nest] 34236  - [39m01/04/2026, 9:05:50 PM [32m    LOG[39m [38;5;3m[RouterExplorer] [39m[32mMapped {/api/admin/seats/bulk, POST} route[39m[38;5;3m +0ms[39m
[32m[Nest] 34236  - [39m01/04/2026, 9:05:50 PM [32m    LOG[39m [38;5;3m[RouterExplorer] [39m[32mMapped {/api/admin/seats/:id, PUT} route[39m[38;5;3m +0ms[39m
[32m[Nest] 34236  - [39m01/04/2026, 9:05:50 PM [32m    LOG[39m [38;5;3m[RouterExplorer] [39m[32mMapped {/api/admin/seats/:id, DELETE} route[39m[38;5;3m +0ms[39m
[32m[Nest] 34236  - [39m01/04/2026, 9:05:50 PM [32m    LOG[39m [38;5;3m[RoutesResolver] [39m[32mSettingsController {/api/admin/settings}:[39m[38;5;3m +0ms[39m
[32m[Nest] 34236  - [39m01/04/2026, 9:05:50 PM [32m    LOG[39m [38;5;3m[RouterExplorer] [39m[32mMapped {/api/admin/settings, GET} route[39m[38;5;3m +0ms[39m
[32m[Nest] 34236  - [39m01/04/2026, 9:05:50 PM [32m    LOG[39m [38;5;3m[RouterExplorer] [39m[32mMapped {/api/admin/settings/:key, GET} route[39m[38;5;3m +1ms[39m
[32m[Nest] 34236  - [39m01/04/2026, 9:05:50 PM [32m    LOG[39m [38;5;3m[RouterExplorer] [39m[32mMapped {/api/admin/settings, POST} route[39m[38;5;3m +0ms[39m
[32m[Nest] 34236  - [39m01/04/2026, 9:05:50 PM [32m    LOG[39m [38;5;3m[RouterExplorer] [39m[32mMapped {/api/admin/settings/:key, PUT} route[39m[38;5;3m +0ms[39m
[32m[Nest] 34236  - [39m01/04/2026, 9:05:50 PM [32m    LOG[39m [38;5;3m[RouterExplorer] [39m[32mMapped {/api/admin/settings/:key, DELETE} route[39m[38;5;3m +0ms[39m
[32m[Nest] 34236  - [39m01/04/2026, 9:05:50 PM [32m    LOG[39m [38;5;3m[RoutesResolver] [39m[32mPaymentsController {/api/admin/payments}:[39m[38;5;3m +0ms[39m
[32m[Nest] 34236  - [39m01/04/2026, 9:05:50 PM [32m    LOG[39m [38;5;3m[RouterExplorer] [39m[32mMapped {/api/admin/payments/stats, GET} route[39m[38;5;3m +0ms[39m
[32m[Nest] 34236  - [39m01/04/2026, 9:05:50 PM [32m    LOG[39m [38;5;3m[RouterExplorer] [39m[32mMapped {/api/admin/payments, GET} route[39m[38;5;3m +0ms[39m
[32m[Nest] 34236  - [39m01/04/2026, 9:05:50 PM [32m    LOG[39m [38;5;3m[RouterExplorer] [39m[32mMapped {/api/admin/payments/:id, GET} route[39m[38;5;3m +0ms[39m
[32m[Nest] 34236  - [39m01/04/2026, 9:05:50 PM [32m    LOG[39m [38;5;3m[NestApplication] [39m[32mNest application successfully started[39m[38;5;3m +72ms[39m
🚀 Admin Service is running on: http://localhost:3010
📚 Swagger documentation: http://localhost:3010/api/docs
🔐 Admin operations - requires ADMIN role
[INFO] 00:12:04 Restarting: /home/bayajidswe/My-files/my-projects/jatra-railway/apps/admin-service/src/routes/routes.controller.ts has been modified
[32m[Nest] 212789  - [39m01/05/2026, 12:12:05 AM [32m    LOG[39m [38;5;3m[NestFactory] [39m[32mStarting Nest application...[39m
[32m[Nest] 212789  - [39m01/05/2026, 12:12:05 AM [32m    LOG[39m [38;5;3m[InstanceLoader] [39m[32mAppModule dependencies initialized[39m[38;5;3m +12ms[39m
[32m[Nest] 212789  - [39m01/05/2026, 12:12:05 AM [32m    LOG[39m [38;5;3m[InstanceLoader] [39m[32mPrismaModule dependencies initialized[39m[38;5;3m +0ms[39m
[32m[Nest] 212789  - [39m01/05/2026, 12:12:05 AM [32m    LOG[39m [38;5;3m[InstanceLoader] [39m[32mConfigHostModule dependencies initialized[39m[38;5;3m +0ms[39m
[32m[Nest] 212789  - [39m01/05/2026, 12:12:05 AM [32m    LOG[39m [38;5;3m[InstanceLoader] [39m[32mTrainsModule dependencies initialized[39m[38;5;3m +1ms[39m
[32m[Nest] 212789  - [39m01/05/2026, 12:12:05 AM [32m    LOG[39m [38;5;3m[InstanceLoader] [39m[32mRoutesModule dependencies initialized[39m[38;5;3m +0ms[39m
[32m[Nest] 212789  - [39m01/05/2026, 12:12:05 AM [32m    LOG[39m [38;5;3m[InstanceLoader] [39m[32mJourneysModule dependencies initialized[39m[38;5;3m +0ms[39m
[32m[Nest] 212789  - [39m01/05/2026, 12:12:05 AM [32m    LOG[39m [38;5;3m[InstanceLoader] [39m[32mStationsModule dependencies initialized[39m[38;5;3m +0ms[39m
[32m[Nest] 212789  - [39m01/05/2026, 12:12:05 AM [32m    LOG[39m [38;5;3m[InstanceLoader] [39m[32mUsersModule dependencies initialized[39m[38;5;3m +0ms[39m
[32m[Nest] 212789  - [39m01/05/2026, 12:12:05 AM [32m    LOG[39m [38;5;3m[InstanceLoader] [39m[32mBookingsModule dependencies initialized[39m[38;5;3m +0ms[39m
[32m[Nest] 212789  - [39m01/05/2026, 12:12:05 AM [32m    LOG[39m [38;5;3m[InstanceLoader] [39m[32mStatsModule dependencies initialized[39m[38;5;3m +0ms[39m
[32m[Nest] 212789  - [39m01/05/2026, 12:12:05 AM [32m    LOG[39m [38;5;3m[InstanceLoader] [39m[32mConfigModule dependencies initialized[39m[38;5;3m +0ms[39m
[32m[Nest] 212789  - [39m01/05/2026, 12:12:05 AM [32m    LOG[39m [38;5;3m[InstanceLoader] [39m[32mCoachesModule dependencies initialized[39m[38;5;3m +0ms[39m
[32m[Nest] 212789  - [39m01/05/2026, 12:12:05 AM [32m    LOG[39m [38;5;3m[InstanceLoader] [39m[32mSeatsModule dependencies initialized[39m[38;5;3m +0ms[39m
[32m[Nest] 212789  - [39m01/05/2026, 12:12:05 AM [32m    LOG[39m [38;5;3m[InstanceLoader] [39m[32mSettingsModule dependencies initialized[39m[38;5;3m +0ms[39m
[32m[Nest] 212789  - [39m01/05/2026, 12:12:05 AM [32m    LOG[39m [38;5;3m[InstanceLoader] [39m[32mPaymentsModule dependencies initialized[39m[38;5;3m +0ms[39m
[32m[Nest] 212789  - [39m01/05/2026, 12:12:05 AM [32m    LOG[39m [38;5;3m[RoutesResolver] [39m[32mTrainsController {/api/admin/trains}:[39m[38;5;3m +24ms[39m
[32m[Nest] 212789  - [39m01/05/2026, 12:12:05 AM [32m    LOG[39m [38;5;3m[RouterExplorer] [39m[32mMapped {/api/admin/trains, GET} route[39m[38;5;3m +1ms[39m
[32m[Nest] 212789  - [39m01/05/2026, 12:12:05 AM [32m    LOG[39m [38;5;3m[RouterExplorer] [39m[32mMapped {/api/admin/trains/:id, GET} route[39m[38;5;3m +0ms[39m
[32m[Nest] 212789  - [39m01/05/2026, 12:12:05 AM [32m    LOG[39m [38;5;3m[RouterExplorer] [39m[32mMapped {/api/admin/trains, POST} route[39m[38;5;3m +0ms[39m
[32m[Nest] 212789  - [39m01/05/2026, 12:12:05 AM [32m    LOG[39m [38;5;3m[RouterExplorer] [39m[32mMapped {/api/admin/trains/:id, PUT} route[39m[38;5;3m +1ms[39m
[32m[Nest] 212789  - [39m01/05/2026, 12:12:05 AM [32m    LOG[39m [38;5;3m[RouterExplorer] [39m[32mMapped {/api/admin/trains/:id, DELETE} route[39m[38;5;3m +0ms[39m
[32m[Nest] 212789  - [39m01/05/2026, 12:12:05 AM [32m    LOG[39m [38;5;3m[RoutesResolver] [39m[32mRoutesController {/admin/routes}:[39m[38;5;3m +0ms[39m
[32m[Nest] 212789  - [39m01/05/2026, 12:12:05 AM [32m    LOG[39m [38;5;3m[RouterExplorer] [39m[32mMapped {/admin/routes, GET} route[39m[38;5;3m +0ms[39m
[32m[Nest] 212789  - [39m01/05/2026, 12:12:05 AM [32m    LOG[39m [38;5;3m[RouterExplorer] [39m[32mMapped {/admin/routes/:id, GET} route[39m[38;5;3m +0ms[39m
[32m[Nest] 212789  - [39m01/05/2026, 12:12:05 AM [32m    LOG[39m [38;5;3m[RoutesResolver] [39m[32mJourneysController {/api/admin/journeys}:[39m[38;5;3m +0ms[39m
[32m[Nest] 212789  - [39m01/05/2026, 12:12:05 AM [32m    LOG[39m [38;5;3m[RouterExplorer] [39m[32mMapped {/api/admin/journeys, GET} route[39m[38;5;3m +0ms[39m
[32m[Nest] 212789  - [39m01/05/2026, 12:12:05 AM [32m    LOG[39m [38;5;3m[RouterExplorer] [39m[32mMapped {/api/admin/journeys/:id, GET} route[39m[38;5;3m +0ms[39m
[32m[Nest] 212789  - [39m01/05/2026, 12:12:05 AM [32m    LOG[39m [38;5;3m[RoutesResolver] [39m[32mStationsController {/api/admin/stations}:[39m[38;5;3m +0ms[39m
[32m[Nest] 212789  - [39m01/05/2026, 12:12:05 AM [32m    LOG[39m [38;5;3m[RouterExplorer] [39m[32mMapped {/api/admin/stations, GET} route[39m[38;5;3m +1ms[39m
[32m[Nest] 212789  - [39m01/05/2026, 12:12:05 AM [32m    LOG[39m [38;5;3m[RoutesResolver] [39m[32mUsersController {/api/admin/users}:[39m[38;5;3m +0ms[39m
[32m[Nest] 212789  - [39m01/05/2026, 12:12:05 AM [32m    LOG[39m [38;5;3m[RouterExplorer] [39m[32mMapped {/api/admin/users, GET} route[39m[38;5;3m +0ms[39m
[32m[Nest] 212789  - [39m01/05/2026, 12:12:05 AM [32m    LOG[39m [38;5;3m[RouterExplorer] [39m[32mMapped {/api/admin/users/:id, GET} route[39m[38;5;3m +0ms[39m
[32m[Nest] 212789  - [39m01/05/2026, 12:12:05 AM [32m    LOG[39m [38;5;3m[RoutesResolver] [39m[32mBookingsController {/api/admin/bookings}:[39m[38;5;3m +0ms[39m
[32m[Nest] 212789  - [39m01/05/2026, 12:12:05 AM [32m    LOG[39m [38;5;3m[RouterExplorer] [39m[32mMapped {/api/admin/bookings, GET} route[39m[38;5;3m +0ms[39m
[32m[Nest] 212789  - [39m01/05/2026, 12:12:05 AM [32m    LOG[39m [38;5;3m[RouterExplorer] [39m[32mMapped {/api/admin/bookings/:id, GET} route[39m[38;5;3m +0ms[39m
[32m[Nest] 212789  - [39m01/05/2026, 12:12:05 AM [32m    LOG[39m [38;5;3m[RoutesResolver] [39m[32mStatsController {/api/admin/stats}:[39m[38;5;3m +0ms[39m
[32m[Nest] 212789  - [39m01/05/2026, 12:12:05 AM [32m    LOG[39m [38;5;3m[RouterExplorer] [39m[32mMapped {/api/admin/stats/dashboard, GET} route[39m[38;5;3m +0ms[39m
[32m[Nest] 212789  - [39m01/05/2026, 12:12:05 AM [32m    LOG[39m [38;5;3m[RoutesResolver] [39m[32mCoachesController {/api/admin/coaches}:[39m[38;5;3m +0ms[39m
[32m[Nest] 212789  - [39m01/05/2026, 12:12:05 AM [32m    LOG[39m [38;5;3m[RouterExplorer] [39m[32mMapped {/api/admin/coaches, GET} route[39m[38;5;3m +0ms[39m
[32m[Nest] 212789  - [39m01/05/2026, 12:12:05 AM [32m    LOG[39m [38;5;3m[RouterExplorer] [39m[32mMapped {/api/admin/coaches/:id, GET} route[39m[38;5;3m +0ms[39m
[32m[Nest] 212789  - [39m01/05/2026, 12:12:05 AM [32m    LOG[39m [38;5;3m[RouterExplorer] [39m[32mMapped {/api/admin/coaches, POST} route[39m[38;5;3m +0ms[39m
[32m[Nest] 212789  - [39m01/05/2026, 12:12:05 AM [32m    LOG[39m [38;5;3m[RouterExplorer] [39m[32mMapped {/api/admin/coaches/:id, PUT} route[39m[38;5;3m +0ms[39m
[32m[Nest] 212789  - [39m01/05/2026, 12:12:05 AM [32m    LOG[39m [38;5;3m[RouterExplorer] [39m[32mMapped {/api/admin/coaches/:id, DELETE} route[39m[38;5;3m +0ms[39m
[32m[Nest] 212789  - [39m01/05/2026, 12:12:05 AM [32m    LOG[39m [38;5;3m[RoutesResolver] [39m[32mSeatsController {/api/admin/seats}:[39m[38;5;3m +0ms[39m
[32m[Nest] 212789  - [39m01/05/2026, 12:12:05 AM [32m    LOG[39m [38;5;3m[RouterExplorer] [39m[32mMapped {/api/admin/seats, GET} route[39m[38;5;3m +1ms[39m
[32m[Nest] 212789  - [39m01/05/2026, 12:12:05 AM [32m    LOG[39m [38;5;3m[RouterExplorer] [39m[32mMapped {/api/admin/seats/:id, GET} route[39m[38;5;3m +0ms[39m
[32m[Nest] 212789  - [39m01/05/2026, 12:12:05 AM [32m    LOG[39m [38;5;3m[RouterExplorer] [39m[32mMapped {/api/admin/seats, POST} route[39m[38;5;3m +0ms[39m
[32m[Nest] 212789  - [39m01/05/2026, 12:12:05 AM [32m    LOG[39m [38;5;3m[RouterExplorer] [39m[32mMapped {/api/admin/seats/bulk, POST} route[39m[38;5;3m +0ms[39m
[32m[Nest] 212789  - [39m01/05/2026, 12:12:05 AM [32m    LOG[39m [38;5;3m[RouterExplorer] [39m[32mMapped {/api/admin/seats/:id, PUT} route[39m[38;5;3m +0ms[39m
[32m[Nest] 212789  - [39m01/05/2026, 12:12:05 AM [32m    LOG[39m [38;5;3m[RouterExplorer] [39m[32mMapped {/api/admin/seats/:id, DELETE} route[39m[38;5;3m +0ms[39m
[32m[Nest] 212789  - [39m01/05/2026, 12:12:05 AM [32m    LOG[39m [38;5;3m[RoutesResolver] [39m[32mSettingsController {/api/admin/settings}:[39m[38;5;3m +0ms[39m
[32m[Nest] 212789  - [39m01/05/2026, 12:12:05 AM [32m    LOG[39m [38;5;3m[RouterExplorer] [39m[32mMapped {/api/admin/settings, GET} route[39m[38;5;3m +0ms[39m
[32m[Nest] 212789  - [39m01/05/2026, 12:12:05 AM [32m    LOG[39m [38;5;3m[RouterExplorer] [39m[32mMapped {/api/admin/settings/:key, GET} route[39m[38;5;3m +0ms[39m
[32m[Nest] 212789  - [39m01/05/2026, 12:12:05 AM [32m    LOG[39m [38;5;3m[RouterExplorer] [39m[32mMapped {/api/admin/settings, POST} route[39m[38;5;3m +0ms[39m
[32m[Nest] 212789  - [39m01/05/2026, 12:12:05 AM [32m    LOG[39m [38;5;3m[RouterExplorer] [39m[32mMapped {/api/admin/settings/:key, PUT} route[39m[38;5;3m +0ms[39m
[32m[Nest] 212789  - [39m01/05/2026, 12:12:05 AM [32m    LOG[39m [38;5;3m[RouterExplorer] [39m[32mMapped {/api/admin/settings/:key, DELETE} route[39m[38;5;3m +0ms[39m
[32m[Nest] 212789  - [39m01/05/2026, 12:12:05 AM [32m    LOG[39m [38;5;3m[RoutesResolver] [39m[32mPaymentsController {/api/admin/payments}:[39m[38;5;3m +0ms[39m
[32m[Nest] 212789  - [39m01/05/2026, 12:12:05 AM [32m    LOG[39m [38;5;3m[RouterExplorer] [39m[32mMapped {/api/admin/payments/stats, GET} route[39m[38;5;3m +0ms[39m
[32m[Nest] 212789  - [39m01/05/2026, 12:12:05 AM [32m    LOG[39m [38;5;3m[RouterExplorer] [39m[32mMapped {/api/admin/payments, GET} route[39m[38;5;3m +0ms[39m
[32m[Nest] 212789  - [39m01/05/2026, 12:12:05 AM [32m    LOG[39m [38;5;3m[RouterExplorer] [39m[32mMapped {/api/admin/payments/:id, GET} route[39m[38;5;3m +0ms[39m
[32m[Nest] 212789  - [39m01/05/2026, 12:12:05 AM [32m    LOG[39m [38;5;3m[NestApplication] [39m[32mNest application successfully started[39m[38;5;3m +51ms[39m
[31m[Nest] 212789  - [39m01/05/2026, 12:12:05 AM [31m  ERROR[39m [38;5;3m[NestApplication] [39m[31mError: listen EADDRINUSE: address already in use :::3010[39m[38;5;3m +2ms[39m
Error: listen EADDRINUSE: address already in use :::3010
    at Server.setupListenHandle [as _listen2] (node:net:1908:16)
    at listenInCluster (node:net:1965:12)
    at Server.listen (node:net:2067:7)
    at ExpressAdapter.listen (/home/bayajidswe/My-files/my-projects/jatra-railway/node_modules/.pnpm/@nestjs+platform-express@10.4.20_@nestjs+common@10.4.20_class-transformer@0.5.1_class-v_bd7e093f0b2f45f3454d4c6bd5ff4f44/node_modules/@nestjs/platform-express/adapters/express-adapter.js:95:32)
    at /home/bayajidswe/My-files/my-projects/jatra-railway/node_modules/.pnpm/@nestjs+core@10.4.20_@nestjs+common@10.4.20_class-transformer@0.5.1_class-validator@0.1_6ee324c1921a1c6c0e69db7d70d61af1/node_modules/@nestjs/core/nest-application.js:183:30
    at new Promise (<anonymous>)
    at NestApplication.listen (/home/bayajidswe/My-files/my-projects/jatra-railway/node_modules/.pnpm/@nestjs+core@10.4.20_@nestjs+common@10.4.20_class-transformer@0.5.1_class-validator@0.1_6ee324c1921a1c6c0e69db7d70d61af1/node_modules/@nestjs/core/nest-application.js:173:16)
    at bootstrap (/home/bayajidswe/My-files/my-projects/jatra-railway/apps/admin-service/src/main.ts:45:3)
[ERROR] 00:12:05 Error: listen EADDRINUSE: address already in use :::3010
[INFO] 00:12:06 Restarting: /home/bayajidswe/My-files/my-projects/jatra-railway/apps/admin-service/src/trains/trains.controller.ts has been modified
[32m[Nest] 212868  - [39m01/05/2026, 12:12:07 AM [32m    LOG[39m [38;5;3m[NestFactory] [39m[32mStarting Nest application...[39m
[32m[Nest] 212868  - [39m01/05/2026, 12:12:07 AM [32m    LOG[39m [38;5;3m[InstanceLoader] [39m[32mAppModule dependencies initialized[39m[38;5;3m +9ms[39m
[32m[Nest] 212868  - [39m01/05/2026, 12:12:07 AM [32m    LOG[39m [38;5;3m[InstanceLoader] [39m[32mPrismaModule dependencies initialized[39m[38;5;3m +1ms[39m
[32m[Nest] 212868  - [39m01/05/2026, 12:12:07 AM [32m    LOG[39m [38;5;3m[InstanceLoader] [39m[32mConfigHostModule dependencies initialized[39m[38;5;3m +0ms[39m
[32m[Nest] 212868  - [39m01/05/2026, 12:12:07 AM [32m    LOG[39m [38;5;3m[InstanceLoader] [39m[32mTrainsModule dependencies initialized[39m[38;5;3m +1ms[39m
[32m[Nest] 212868  - [39m01/05/2026, 12:12:07 AM [32m    LOG[39m [38;5;3m[InstanceLoader] [39m[32mRoutesModule dependencies initialized[39m[38;5;3m +0ms[39m
[32m[Nest] 212868  - [39m01/05/2026, 12:12:07 AM [32m    LOG[39m [38;5;3m[InstanceLoader] [39m[32mJourneysModule dependencies initialized[39m[38;5;3m +0ms[39m
[32m[Nest] 212868  - [39m01/05/2026, 12:12:07 AM [32m    LOG[39m [38;5;3m[InstanceLoader] [39m[32mStationsModule dependencies initialized[39m[38;5;3m +0ms[39m
[32m[Nest] 212868  - [39m01/05/2026, 12:12:07 AM [32m    LOG[39m [38;5;3m[InstanceLoader] [39m[32mUsersModule dependencies initialized[39m[38;5;3m +0ms[39m
[32m[Nest] 212868  - [39m01/05/2026, 12:12:07 AM [32m    LOG[39m [38;5;3m[InstanceLoader] [39m[32mBookingsModule dependencies initialized[39m[38;5;3m +0ms[39m
[32m[Nest] 212868  - [39m01/05/2026, 12:12:07 AM [32m    LOG[39m [38;5;3m[InstanceLoader] [39m[32mStatsModule dependencies initialized[39m[38;5;3m +0ms[39m
[32m[Nest] 212868  - [39m01/05/2026, 12:12:07 AM [32m    LOG[39m [38;5;3m[InstanceLoader] [39m[32mConfigModule dependencies initialized[39m[38;5;3m +0ms[39m
[32m[Nest] 212868  - [39m01/05/2026, 12:12:07 AM [32m    LOG[39m [38;5;3m[InstanceLoader] [39m[32mCoachesModule dependencies initialized[39m[38;5;3m +0ms[39m
[32m[Nest] 212868  - [39m01/05/2026, 12:12:07 AM [32m    LOG[39m [38;5;3m[InstanceLoader] [39m[32mSeatsModule dependencies initialized[39m[38;5;3m +0ms[39m
[32m[Nest] 212868  - [39m01/05/2026, 12:12:07 AM [32m    LOG[39m [38;5;3m[InstanceLoader] [39m[32mSettingsModule dependencies initialized[39m[38;5;3m +0ms[39m
[32m[Nest] 212868  - [39m01/05/2026, 12:12:07 AM [32m    LOG[39m [38;5;3m[InstanceLoader] [39m[32mPaymentsModule dependencies initialized[39m[38;5;3m +0ms[39m
[32m[Nest] 212868  - [39m01/05/2026, 12:12:07 AM [32m    LOG[39m [38;5;3m[RoutesResolver] [39m[32mTrainsController {/admin/trains}:[39m[38;5;3m +25ms[39m
[32m[Nest] 212868  - [39m01/05/2026, 12:12:07 AM [32m    LOG[39m [38;5;3m[RouterExplorer] [39m[32mMapped {/admin/trains, GET} route[39m[38;5;3m +1ms[39m
[32m[Nest] 212868  - [39m01/05/2026, 12:12:07 AM [32m    LOG[39m [38;5;3m[RouterExplorer] [39m[32mMapped {/admin/trains/:id, GET} route[39m[38;5;3m +0ms[39m
[32m[Nest] 212868  - [39m01/05/2026, 12:12:07 AM [32m    LOG[39m [38;5;3m[RouterExplorer] [39m[32mMapped {/admin/trains, POST} route[39m[38;5;3m +1ms[39m
[32m[Nest] 212868  - [39m01/05/2026, 12:12:07 AM [32m    LOG[39m [38;5;3m[RouterExplorer] [39m[32mMapped {/admin/trains/:id, PUT} route[39m[38;5;3m +0ms[39m
[32m[Nest] 212868  - [39m01/05/2026, 12:12:07 AM [32m    LOG[39m [38;5;3m[RouterExplorer] [39m[32mMapped {/admin/trains/:id, DELETE} route[39m[38;5;3m +0ms[39m
[32m[Nest] 212868  - [39m01/05/2026, 12:12:07 AM [32m    LOG[39m [38;5;3m[RoutesResolver] [39m[32mRoutesController {/admin/routes}:[39m[38;5;3m +0ms[39m
[32m[Nest] 212868  - [39m01/05/2026, 12:12:07 AM [32m    LOG[39m [38;5;3m[RouterExplorer] [39m[32mMapped {/admin/routes, GET} route[39m[38;5;3m +0ms[39m
[32m[Nest] 212868  - [39m01/05/2026, 12:12:07 AM [32m    LOG[39m [38;5;3m[RouterExplorer] [39m[32mMapped {/admin/routes/:id, GET} route[39m[38;5;3m +0ms[39m
[32m[Nest] 212868  - [39m01/05/2026, 12:12:07 AM [32m    LOG[39m [38;5;3m[RoutesResolver] [39m[32mJourneysController {/api/admin/journeys}:[39m[38;5;3m +0ms[39m
[32m[Nest] 212868  - [39m01/05/2026, 12:12:07 AM [32m    LOG[39m [38;5;3m[RouterExplorer] [39m[32mMapped {/api/admin/journeys, GET} route[39m[38;5;3m +0ms[39m
[32m[Nest] 212868  - [39m01/05/2026, 12:12:07 AM [32m    LOG[39m [38;5;3m[RouterExplorer] [39m[32mMapped {/api/admin/journeys/:id, GET} route[39m[38;5;3m +1ms[39m
[32m[Nest] 212868  - [39m01/05/2026, 12:12:07 AM [32m    LOG[39m [38;5;3m[RoutesResolver] [39m[32mStationsController {/api/admin/stations}:[39m[38;5;3m +0ms[39m
[32m[Nest] 212868  - [39m01/05/2026, 12:12:07 AM [32m    LOG[39m [38;5;3m[RouterExplorer] [39m[32mMapped {/api/admin/stations, GET} route[39m[38;5;3m +0ms[39m
[32m[Nest] 212868  - [39m01/05/2026, 12:12:07 AM [32m    LOG[39m [38;5;3m[RoutesResolver] [39m[32mUsersController {/api/admin/users}:[39m[38;5;3m +0ms[39m
[32m[Nest] 212868  - [39m01/05/2026, 12:12:07 AM [32m    LOG[39m [38;5;3m[RouterExplorer] [39m[32mMapped {/api/admin/users, GET} route[39m[38;5;3m +0ms[39m
[32m[Nest] 212868  - [39m01/05/2026, 12:12:07 AM [32m    LOG[39m [38;5;3m[RouterExplorer] [39m[32mMapped {/api/admin/users/:id, GET} route[39m[38;5;3m +0ms[39m
[32m[Nest] 212868  - [39m01/05/2026, 12:12:07 AM [32m    LOG[39m [38;5;3m[RoutesResolver] [39m[32mBookingsController {/api/admin/bookings}:[39m[38;5;3m +0ms[39m
[32m[Nest] 212868  - [39m01/05/2026, 12:12:07 AM [32m    LOG[39m [38;5;3m[RouterExplorer] [39m[32mMapped {/api/admin/bookings, GET} route[39m[38;5;3m +0ms[39m
[32m[Nest] 212868  - [39m01/05/2026, 12:12:07 AM [32m    LOG[39m [38;5;3m[RouterExplorer] [39m[32mMapped {/api/admin/bookings/:id, GET} route[39m[38;5;3m +0ms[39m
[32m[Nest] 212868  - [39m01/05/2026, 12:12:07 AM [32m    LOG[39m [38;5;3m[RoutesResolver] [39m[32mStatsController {/api/admin/stats}:[39m[38;5;3m +0ms[39m
[32m[Nest] 212868  - [39m01/05/2026, 12:12:07 AM [32m    LOG[39m [38;5;3m[RouterExplorer] [39m[32mMapped {/api/admin/stats/dashboard, GET} route[39m[38;5;3m +0ms[39m
[32m[Nest] 212868  - [39m01/05/2026, 12:12:07 AM [32m    LOG[39m [38;5;3m[RoutesResolver] [39m[32mCoachesController {/api/admin/coaches}:[39m[38;5;3m +0ms[39m
[32m[Nest] 212868  - [39m01/05/2026, 12:12:07 AM [32m    LOG[39m [38;5;3m[RouterExplorer] [39m[32mMapped {/api/admin/coaches, GET} route[39m[38;5;3m +0ms[39m
[32m[Nest] 212868  - [39m01/05/2026, 12:12:07 AM [32m    LOG[39m [38;5;3m[RouterExplorer] [39m[32mMapped {/api/admin/coaches/:id, GET} route[39m[38;5;3m +0ms[39m
[32m[Nest] 212868  - [39m01/05/2026, 12:12:07 AM [32m    LOG[39m [38;5;3m[RouterExplorer] [39m[32mMapped {/api/admin/coaches, POST} route[39m[38;5;3m +0ms[39m
[32m[Nest] 212868  - [39m01/05/2026, 12:12:07 AM [32m    LOG[39m [38;5;3m[RouterExplorer] [39m[32mMapped {/api/admin/coaches/:id, PUT} route[39m[38;5;3m +1ms[39m
[32m[Nest] 212868  - [39m01/05/2026, 12:12:07 AM [32m    LOG[39m [38;5;3m[RouterExplorer] [39m[32mMapped {/api/admin/coaches/:id, DELETE} route[39m[38;5;3m +0ms[39m
[32m[Nest] 212868  - [39m01/05/2026, 12:12:07 AM [32m    LOG[39m [38;5;3m[RoutesResolver] [39m[32mSeatsController {/api/admin/seats}:[39m[38;5;3m +0ms[39m
[32m[Nest] 212868  - [39m01/05/2026, 12:12:07 AM [32m    LOG[39m [38;5;3m[RouterExplorer] [39m[32mMapped {/api/admin/seats, GET} route[39m[38;5;3m +0ms[39m
[32m[Nest] 212868  - [39m01/05/2026, 12:12:07 AM [32m    LOG[39m [38;5;3m[RouterExplorer] [39m[32mMapped {/api/admin/seats/:id, GET} route[39m[38;5;3m +0ms[39m
[32m[Nest] 212868  - [39m01/05/2026, 12:12:07 AM [32m    LOG[39m [38;5;3m[RouterExplorer] [39m[32mMapped {/api/admin/seats, POST} route[39m[38;5;3m +0ms[39m
[32m[Nest] 212868  - [39m01/05/2026, 12:12:07 AM [32m    LOG[39m [38;5;3m[RouterExplorer] [39m[32mMapped {/api/admin/seats/bulk, POST} route[39m[38;5;3m +0ms[39m
[32m[Nest] 212868  - [39m01/05/2026, 12:12:07 AM [32m    LOG[39m [38;5;3m[RouterExplorer] [39m[32mMapped {/api/admin/seats/:id, PUT} route[39m[38;5;3m +0ms[39m
[32m[Nest] 212868  - [39m01/05/2026, 12:12:07 AM [32m    LOG[39m [38;5;3m[RouterExplorer] [39m[32mMapped {/api/admin/seats/:id, DELETE} route[39m[38;5;3m +0ms[39m
[32m[Nest] 212868  - [39m01/05/2026, 12:12:07 AM [32m    LOG[39m [38;5;3m[RoutesResolver] [39m[32mSettingsController {/api/admin/settings}:[39m[38;5;3m +0ms[39m
[32m[Nest] 212868  - [39m01/05/2026, 12:12:07 AM [32m    LOG[39m [38;5;3m[RouterExplorer] [39m[32mMapped {/api/admin/settings, GET} route[39m[38;5;3m +0ms[39m
[32m[Nest] 212868  - [39m01/05/2026, 12:12:07 AM [32m    LOG[39m [38;5;3m[RouterExplorer] [39m[32mMapped {/api/admin/settings/:key, GET} route[39m[38;5;3m +0ms[39m
[32m[Nest] 212868  - [39m01/05/2026, 12:12:07 AM [32m    LOG[39m [38;5;3m[RouterExplorer] [39m[32mMapped {/api/admin/settings, POST} route[39m[38;5;3m +0ms[39m
[32m[Nest] 212868  - [39m01/05/2026, 12:12:07 AM [32m    LOG[39m [38;5;3m[RouterExplorer] [39m[32mMapped {/api/admin/settings/:key, PUT} route[39m[38;5;3m +0ms[39m
[32m[Nest] 212868  - [39m01/05/2026, 12:12:07 AM [32m    LOG[39m [38;5;3m[RouterExplorer] [39m[32mMapped {/api/admin/settings/:key, DELETE} route[39m[38;5;3m +0ms[39m
[32m[Nest] 212868  - [39m01/05/2026, 12:12:07 AM [32m    LOG[39m [38;5;3m[RoutesResolver] [39m[32mPaymentsController {/api/admin/payments}:[39m[38;5;3m +0ms[39m
[32m[Nest] 212868  - [39m01/05/2026, 12:12:07 AM [32m    LOG[39m [38;5;3m[RouterExplorer] [39m[32mMapped {/api/admin/payments/stats, GET} route[39m[38;5;3m +0ms[39m
[32m[Nest] 212868  - [39m01/05/2026, 12:12:07 AM [32m    LOG[39m [38;5;3m[RouterExplorer] [39m[32mMapped {/api/admin/payments, GET} route[39m[38;5;3m +0ms[39m
[32m[Nest] 212868  - [39m01/05/2026, 12:12:07 AM [32m    LOG[39m [38;5;3m[RouterExplorer] [39m[32mMapped {/api/admin/payments/:id, GET} route[39m[38;5;3m +0ms[39m
[32m[Nest] 212868  - [39m01/05/2026, 12:12:07 AM [32m    LOG[39m [38;5;3m[NestApplication] [39m[32mNest application successfully started[39m[38;5;3m +47ms[39m
[31m[Nest] 212868  - [39m01/05/2026, 12:12:07 AM [31m  ERROR[39m [38;5;3m[NestApplication] [39m[31mError: listen EADDRINUSE: address already in use :::3010[39m[38;5;3m +1ms[39m
Error: listen EADDRINUSE: address already in use :::3010
    at Server.setupListenHandle [as _listen2] (node:net:1908:16)
    at listenInCluster (node:net:1965:12)
    at Server.listen (node:net:2067:7)
    at ExpressAdapter.listen (/home/bayajidswe/My-files/my-projects/jatra-railway/node_modules/.pnpm/@nestjs+platform-express@10.4.20_@nestjs+common@10.4.20_class-transformer@0.5.1_class-v_bd7e093f0b2f45f3454d4c6bd5ff4f44/node_modules/@nestjs/platform-express/adapters/express-adapter.js:95:32)
    at /home/bayajidswe/My-files/my-projects/jatra-railway/node_modules/.pnpm/@nestjs+core@10.4.20_@nestjs+common@10.4.20_class-transformer@0.5.1_class-validator@0.1_6ee324c1921a1c6c0e69db7d70d61af1/node_modules/@nestjs/core/nest-application.js:183:30
    at new Promise (<anonymous>)
    at NestApplication.listen (/home/bayajidswe/My-files/my-projects/jatra-railway/node_modules/.pnpm/@nestjs+core@10.4.20_@nestjs+common@10.4.20_class-transformer@0.5.1_class-validator@0.1_6ee324c1921a1c6c0e69db7d70d61af1/node_modules/@nestjs/core/nest-application.js:173:16)
    at bootstrap (/home/bayajidswe/My-files/my-projects/jatra-railway/apps/admin-service/src/main.ts:45:3)
[ERROR] 00:12:07 Error: listen EADDRINUSE: address already in use :::3010
[INFO] 00:12:08 Restarting: /home/bayajidswe/My-files/my-projects/jatra-railway/apps/admin-service/src/users/users.controller.ts has been modified
[32m[Nest] 212940  - [39m01/05/2026, 12:12:09 AM [32m    LOG[39m [38;5;3m[NestFactory] [39m[32mStarting Nest application...[39m
[32m[Nest] 212940  - [39m01/05/2026, 12:12:09 AM [32m    LOG[39m [38;5;3m[InstanceLoader] [39m[32mAppModule dependencies initialized[39m[38;5;3m +12ms[39m
[32m[Nest] 212940  - [39m01/05/2026, 12:12:09 AM [32m    LOG[39m [38;5;3m[InstanceLoader] [39m[32mPrismaModule dependencies initialized[39m[38;5;3m +0ms[39m
[32m[Nest] 212940  - [39m01/05/2026, 12:12:09 AM [32m    LOG[39m [38;5;3m[InstanceLoader] [39m[32mConfigHostModule dependencies initialized[39m[38;5;3m +1ms[39m
[32m[Nest] 212940  - [39m01/05/2026, 12:12:09 AM [32m    LOG[39m [38;5;3m[InstanceLoader] [39m[32mTrainsModule dependencies initialized[39m[38;5;3m +0ms[39m
[32m[Nest] 212940  - [39m01/05/2026, 12:12:09 AM [32m    LOG[39m [38;5;3m[InstanceLoader] [39m[32mRoutesModule dependencies initialized[39m[38;5;3m +0ms[39m
[32m[Nest] 212940  - [39m01/05/2026, 12:12:09 AM [32m    LOG[39m [38;5;3m[InstanceLoader] [39m[32mJourneysModule dependencies initialized[39m[38;5;3m +0ms[39m
[32m[Nest] 212940  - [39m01/05/2026, 12:12:09 AM [32m    LOG[39m [38;5;3m[InstanceLoader] [39m[32mStationsModule dependencies initialized[39m[38;5;3m +0ms[39m
[32m[Nest] 212940  - [39m01/05/2026, 12:12:09 AM [32m    LOG[39m [38;5;3m[InstanceLoader] [39m[32mUsersModule dependencies initialized[39m[38;5;3m +0ms[39m
[32m[Nest] 212940  - [39m01/05/2026, 12:12:09 AM [32m    LOG[39m [38;5;3m[InstanceLoader] [39m[32mBookingsModule dependencies initialized[39m[38;5;3m +0ms[39m
[32m[Nest] 212940  - [39m01/05/2026, 12:12:09 AM [32m    LOG[39m [38;5;3m[InstanceLoader] [39m[32mStatsModule dependencies initialized[39m[38;5;3m +0ms[39m
[32m[Nest] 212940  - [39m01/05/2026, 12:12:09 AM [32m    LOG[39m [38;5;3m[InstanceLoader] [39m[32mConfigModule dependencies initialized[39m[38;5;3m +0ms[39m
[32m[Nest] 212940  - [39m01/05/2026, 12:12:09 AM [32m    LOG[39m [38;5;3m[InstanceLoader] [39m[32mCoachesModule dependencies initialized[39m[38;5;3m +0ms[39m
[32m[Nest] 212940  - [39m01/05/2026, 12:12:09 AM [32m    LOG[39m [38;5;3m[InstanceLoader] [39m[32mSeatsModule dependencies initialized[39m[38;5;3m +0ms[39m
[32m[Nest] 212940  - [39m01/05/2026, 12:12:09 AM [32m    LOG[39m [38;5;3m[InstanceLoader] [39m[32mSettingsModule dependencies initialized[39m[38;5;3m +0ms[39m
[32m[Nest] 212940  - [39m01/05/2026, 12:12:09 AM [32m    LOG[39m [38;5;3m[InstanceLoader] [39m[32mPaymentsModule dependencies initialized[39m[38;5;3m +0ms[39m
[32m[Nest] 212940  - [39m01/05/2026, 12:12:09 AM [32m    LOG[39m [38;5;3m[RoutesResolver] [39m[32mTrainsController {/admin/trains}:[39m[38;5;3m +24ms[39m
[32m[Nest] 212940  - [39m01/05/2026, 12:12:09 AM [32m    LOG[39m [38;5;3m[RouterExplorer] [39m[32mMapped {/admin/trains, GET} route[39m[38;5;3m +1ms[39m
[32m[Nest] 212940  - [39m01/05/2026, 12:12:09 AM [32m    LOG[39m [38;5;3m[RouterExplorer] [39m[32mMapped {/admin/trains/:id, GET} route[39m[38;5;3m +1ms[39m
[32m[Nest] 212940  - [39m01/05/2026, 12:12:09 AM [32m    LOG[39m [38;5;3m[RouterExplorer] [39m[32mMapped {/admin/trains, POST} route[39m[38;5;3m +0ms[39m
[32m[Nest] 212940  - [39m01/05/2026, 12:12:09 AM [32m    LOG[39m [38;5;3m[RouterExplorer] [39m[32mMapped {/admin/trains/:id, PUT} route[39m[38;5;3m +0ms[39m
[32m[Nest] 212940  - [39m01/05/2026, 12:12:09 AM [32m    LOG[39m [38;5;3m[RouterExplorer] [39m[32mMapped {/admin/trains/:id, DELETE} route[39m[38;5;3m +0ms[39m
[32m[Nest] 212940  - [39m01/05/2026, 12:12:09 AM [32m    LOG[39m [38;5;3m[RoutesResolver] [39m[32mRoutesController {/admin/routes}:[39m[38;5;3m +1ms[39m
[32m[Nest] 212940  - [39m01/05/2026, 12:12:09 AM [32m    LOG[39m [38;5;3m[RouterExplorer] [39m[32mMapped {/admin/routes, GET} route[39m[38;5;3m +0ms[39m
[32m[Nest] 212940  - [39m01/05/2026, 12:12:09 AM [32m    LOG[39m [38;5;3m[RouterExplorer] [39m[32mMapped {/admin/routes/:id, GET} route[39m[38;5;3m +0ms[39m
[32m[Nest] 212940  - [39m01/05/2026, 12:12:09 AM [32m    LOG[39m [38;5;3m[RoutesResolver] [39m[32mJourneysController {/api/admin/journeys}:[39m[38;5;3m +0ms[39m
[32m[Nest] 212940  - [39m01/05/2026, 12:12:09 AM [32m    LOG[39m [38;5;3m[RouterExplorer] [39m[32mMapped {/api/admin/journeys, GET} route[39m[38;5;3m +0ms[39m
[32m[Nest] 212940  - [39m01/05/2026, 12:12:09 AM [32m    LOG[39m [38;5;3m[RouterExplorer] [39m[32mMapped {/api/admin/journeys/:id, GET} route[39m[38;5;3m +0ms[39m
[32m[Nest] 212940  - [39m01/05/2026, 12:12:09 AM [32m    LOG[39m [38;5;3m[RoutesResolver] [39m[32mStationsController {/api/admin/stations}:[39m[38;5;3m +0ms[39m
[32m[Nest] 212940  - [39m01/05/2026, 12:12:09 AM [32m    LOG[39m [38;5;3m[RouterExplorer] [39m[32mMapped {/api/admin/stations, GET} route[39m[38;5;3m +1ms[39m
[32m[Nest] 212940  - [39m01/05/2026, 12:12:09 AM [32m    LOG[39m [38;5;3m[RoutesResolver] [39m[32mUsersController {/admin/users}:[39m[38;5;3m +0ms[39m
[32m[Nest] 212940  - [39m01/05/2026, 12:12:09 AM [32m    LOG[39m [38;5;3m[RouterExplorer] [39m[32mMapped {/admin/users, GET} route[39m[38;5;3m +0ms[39m
[32m[Nest] 212940  - [39m01/05/2026, 12:12:09 AM [32m    LOG[39m [38;5;3m[RouterExplorer] [39m[32mMapped {/admin/users/:id, GET} route[39m[38;5;3m +0ms[39m
[32m[Nest] 212940  - [39m01/05/2026, 12:12:09 AM [32m    LOG[39m [38;5;3m[RoutesResolver] [39m[32mBookingsController {/api/admin/bookings}:[39m[38;5;3m +0ms[39m
[32m[Nest] 212940  - [39m01/05/2026, 12:12:09 AM [32m    LOG[39m [38;5;3m[RouterExplorer] [39m[32mMapped {/api/admin/bookings, GET} route[39m[38;5;3m +0ms[39m
[32m[Nest] 212940  - [39m01/05/2026, 12:12:09 AM [32m    LOG[39m [38;5;3m[RouterExplorer] [39m[32mMapped {/api/admin/bookings/:id, GET} route[39m[38;5;3m +0ms[39m
[32m[Nest] 212940  - [39m01/05/2026, 12:12:09 AM [32m    LOG[39m [38;5;3m[RoutesResolver] [39m[32mStatsController {/api/admin/stats}:[39m[38;5;3m +0ms[39m
[32m[Nest] 212940  - [39m01/05/2026, 12:12:09 AM [32m    LOG[39m [38;5;3m[RouterExplorer] [39m[32mMapped {/api/admin/stats/dashboard, GET} route[39m[38;5;3m +0ms[39m
[32m[Nest] 212940  - [39m01/05/2026, 12:12:09 AM [32m    LOG[39m [38;5;3m[RoutesResolver] [39m[32mCoachesController {/api/admin/coaches}:[39m[38;5;3m +0ms[39m
[32m[Nest] 212940  - [39m01/05/2026, 12:12:09 AM [32m    LOG[39m [38;5;3m[RouterExplorer] [39m[32mMapped {/api/admin/coaches, GET} route[39m[38;5;3m +0ms[39m
[32m[Nest] 212940  - [39m01/05/2026, 12:12:09 AM [32m    LOG[39m [38;5;3m[RouterExplorer] [39m[32mMapped {/api/admin/coaches/:id, GET} route[39m[38;5;3m +1ms[39m
[32m[Nest] 212940  - [39m01/05/2026, 12:12:09 AM [32m    LOG[39m [38;5;3m[RouterExplorer] [39m[32mMapped {/api/admin/coaches, POST} route[39m[38;5;3m +0ms[39m
[32m[Nest] 212940  - [39m01/05/2026, 12:12:09 AM [32m    LOG[39m [38;5;3m[RouterExplorer] [39m[32mMapped {/api/admin/coaches/:id, PUT} route[39m[38;5;3m +0ms[39m
[32m[Nest] 212940  - [39m01/05/2026, 12:12:09 AM [32m    LOG[39m [38;5;3m[RouterExplorer] [39m[32mMapped {/api/admin/coaches/:id, DELETE} route[39m[38;5;3m +0ms[39m
[32m[Nest] 212940  - [39m01/05/2026, 12:12:09 AM [32m    LOG[39m [38;5;3m[RoutesResolver] [39m[32mSeatsController {/api/admin/seats}:[39m[38;5;3m +0ms[39m
[32m[Nest] 212940  - [39m01/05/2026, 12:12:09 AM [32m    LOG[39m [38;5;3m[RouterExplorer] [39m[32mMapped {/api/admin/seats, GET} route[39m[38;5;3m +0ms[39m
[32m[Nest] 212940  - [39m01/05/2026, 12:12:09 AM [32m    LOG[39m [38;5;3m[RouterExplorer] [39m[32mMapped {/api/admin/seats/:id, GET} route[39m[38;5;3m +0ms[39m
[32m[Nest] 212940  - [39m01/05/2026, 12:12:09 AM [32m    LOG[39m [38;5;3m[RouterExplorer] [39m[32mMapped {/api/admin/seats, POST} route[39m[38;5;3m +0ms[39m
[32m[Nest] 212940  - [39m01/05/2026, 12:12:09 AM [32m    LOG[39m [38;5;3m[RouterExplorer] [39m[32mMapped {/api/admin/seats/bulk, POST} route[39m[38;5;3m +0ms[39m
[32m[Nest] 212940  - [39m01/05/2026, 12:12:09 AM [32m    LOG[39m [38;5;3m[RouterExplorer] [39m[32mMapped {/api/admin/seats/:id, PUT} route[39m[38;5;3m +0ms[39m
[32m[Nest] 212940  - [39m01/05/2026, 12:12:09 AM [32m    LOG[39m [38;5;3m[RouterExplorer] [39m[32mMapped {/api/admin/seats/:id, DELETE} route[39m[38;5;3m +0ms[39m
[32m[Nest] 212940  - [39m01/05/2026, 12:12:09 AM [32m    LOG[39m [38;5;3m[RoutesResolver] [39m[32mSettingsController {/api/admin/settings}:[39m[38;5;3m +0ms[39m
[32m[Nest] 212940  - [39m01/05/2026, 12:12:09 AM [32m    LOG[39m [38;5;3m[RouterExplorer] [39m[32mMapped {/api/admin/settings, GET} route[39m[38;5;3m +0ms[39m
[32m[Nest] 212940  - [39m01/05/2026, 12:12:09 AM [32m    LOG[39m [38;5;3m[RouterExplorer] [39m[32mMapped {/api/admin/settings/:key, GET} route[39m[38;5;3m +0ms[39m
[32m[Nest] 212940  - [39m01/05/2026, 12:12:09 AM [32m    LOG[39m [38;5;3m[RouterExplorer] [39m[32mMapped {/api/admin/settings, POST} route[39m[38;5;3m +0ms[39m
[32m[Nest] 212940  - [39m01/05/2026, 12:12:09 AM [32m    LOG[39m [38;5;3m[RouterExplorer] [39m[32mMapped {/api/admin/settings/:key, PUT} route[39m[38;5;3m +0ms[39m
[32m[Nest] 212940  - [39m01/05/2026, 12:12:09 AM [32m    LOG[39m [38;5;3m[RouterExplorer] [39m[32mMapped {/api/admin/settings/:key, DELETE} route[39m[38;5;3m +0ms[39m
[32m[Nest] 212940  - [39m01/05/2026, 12:12:09 AM [32m    LOG[39m [38;5;3m[RoutesResolver] [39m[32mPaymentsController {/api/admin/payments}:[39m[38;5;3m +1ms[39m
[32m[Nest] 212940  - [39m01/05/2026, 12:12:09 AM [32m    LOG[39m [38;5;3m[RouterExplorer] [39m[32mMapped {/api/admin/payments/stats, GET} route[39m[38;5;3m +0ms[39m
[32m[Nest] 212940  - [39m01/05/2026, 12:12:09 AM [32m    LOG[39m [38;5;3m[RouterExplorer] [39m[32mMapped {/api/admin/payments, GET} route[39m[38;5;3m +0ms[39m
[32m[Nest] 212940  - [39m01/05/2026, 12:12:09 AM [32m    LOG[39m [38;5;3m[RouterExplorer] [39m[32mMapped {/api/admin/payments/:id, GET} route[39m[38;5;3m +0ms[39m
[32m[Nest] 212940  - [39m01/05/2026, 12:12:09 AM [32m    LOG[39m [38;5;3m[NestApplication] [39m[32mNest application successfully started[39m[38;5;3m +45ms[39m
🚀 Admin Service is running on: http://localhost:3010
📚 Swagger documentation: http://localhost:3010/api/docs
🔐 Admin operations - requires ADMIN role
[INFO] 00:12:23 Restarting: /home/bayajidswe/My-files/my-projects/jatra-railway/apps/admin-service/src/stats/stats.controller.ts has been modified
[32m[Nest] 213217  - [39m01/05/2026, 12:12:24 AM [32m    LOG[39m [38;5;3m[NestFactory] [39m[32mStarting Nest application...[39m
[32m[Nest] 213217  - [39m01/05/2026, 12:12:24 AM [32m    LOG[39m [38;5;3m[InstanceLoader] [39m[32mAppModule dependencies initialized[39m[38;5;3m +11ms[39m
[32m[Nest] 213217  - [39m01/05/2026, 12:12:24 AM [32m    LOG[39m [38;5;3m[InstanceLoader] [39m[32mPrismaModule dependencies initialized[39m[38;5;3m +0ms[39m
[32m[Nest] 213217  - [39m01/05/2026, 12:12:24 AM [32m    LOG[39m [38;5;3m[InstanceLoader] [39m[32mConfigHostModule dependencies initialized[39m[38;5;3m +1ms[39m
[32m[Nest] 213217  - [39m01/05/2026, 12:12:24 AM [32m    LOG[39m [38;5;3m[InstanceLoader] [39m[32mTrainsModule dependencies initialized[39m[38;5;3m +0ms[39m
[32m[Nest] 213217  - [39m01/05/2026, 12:12:24 AM [32m    LOG[39m [38;5;3m[InstanceLoader] [39m[32mRoutesModule dependencies initialized[39m[38;5;3m +0ms[39m
[32m[Nest] 213217  - [39m01/05/2026, 12:12:24 AM [32m    LOG[39m [38;5;3m[InstanceLoader] [39m[32mJourneysModule dependencies initialized[39m[38;5;3m +0ms[39m
[32m[Nest] 213217  - [39m01/05/2026, 12:12:24 AM [32m    LOG[39m [38;5;3m[InstanceLoader] [39m[32mStationsModule dependencies initialized[39m[38;5;3m +0ms[39m
[32m[Nest] 213217  - [39m01/05/2026, 12:12:24 AM [32m    LOG[39m [38;5;3m[InstanceLoader] [39m[32mUsersModule dependencies initialized[39m[38;5;3m +0ms[39m
[32m[Nest] 213217  - [39m01/05/2026, 12:12:24 AM [32m    LOG[39m [38;5;3m[InstanceLoader] [39m[32mBookingsModule dependencies initialized[39m[38;5;3m +0ms[39m
[32m[Nest] 213217  - [39m01/05/2026, 12:12:24 AM [32m    LOG[39m [38;5;3m[InstanceLoader] [39m[32mStatsModule dependencies initialized[39m[38;5;3m +0ms[39m
[32m[Nest] 213217  - [39m01/05/2026, 12:12:24 AM [32m    LOG[39m [38;5;3m[InstanceLoader] [39m[32mConfigModule dependencies initialized[39m[38;5;3m +0ms[39m
[32m[Nest] 213217  - [39m01/05/2026, 12:12:24 AM [32m    LOG[39m [38;5;3m[InstanceLoader] [39m[32mCoachesModule dependencies initialized[39m[38;5;3m +0ms[39m
[32m[Nest] 213217  - [39m01/05/2026, 12:12:24 AM [32m    LOG[39m [38;5;3m[InstanceLoader] [39m[32mSeatsModule dependencies initialized[39m[38;5;3m +0ms[39m
[32m[Nest] 213217  - [39m01/05/2026, 12:12:24 AM [32m    LOG[39m [38;5;3m[InstanceLoader] [39m[32mSettingsModule dependencies initialized[39m[38;5;3m +0ms[39m
[32m[Nest] 213217  - [39m01/05/2026, 12:12:24 AM [32m    LOG[39m [38;5;3m[InstanceLoader] [39m[32mPaymentsModule dependencies initialized[39m[38;5;3m +0ms[39m
[32m[Nest] 213217  - [39m01/05/2026, 12:12:24 AM [32m    LOG[39m [38;5;3m[RoutesResolver] [39m[32mTrainsController {/admin/trains}:[39m[38;5;3m +26ms[39m
[32m[Nest] 213217  - [39m01/05/2026, 12:12:24 AM [32m    LOG[39m [38;5;3m[RouterExplorer] [39m[32mMapped {/admin/trains, GET} route[39m[38;5;3m +2ms[39m
[32m[Nest] 213217  - [39m01/05/2026, 12:12:24 AM [32m    LOG[39m [38;5;3m[RouterExplorer] [39m[32mMapped {/admin/trains/:id, GET} route[39m[38;5;3m +0ms[39m
[32m[Nest] 213217  - [39m01/05/2026, 12:12:24 AM [32m    LOG[39m [38;5;3m[RouterExplorer] [39m[32mMapped {/admin/trains, POST} route[39m[38;5;3m +0ms[39m
[32m[Nest] 213217  - [39m01/05/2026, 12:12:24 AM [32m    LOG[39m [38;5;3m[RouterExplorer] [39m[32mMapped {/admin/trains/:id, PUT} route[39m[38;5;3m +1ms[39m
[32m[Nest] 213217  - [39m01/05/2026, 12:12:24 AM [32m    LOG[39m [38;5;3m[RouterExplorer] [39m[32mMapped {/admin/trains/:id, DELETE} route[39m[38;5;3m +0ms[39m
[32m[Nest] 213217  - [39m01/05/2026, 12:12:24 AM [32m    LOG[39m [38;5;3m[RoutesResolver] [39m[32mRoutesController {/admin/routes}:[39m[38;5;3m +0ms[39m
[32m[Nest] 213217  - [39m01/05/2026, 12:12:24 AM [32m    LOG[39m [38;5;3m[RouterExplorer] [39m[32mMapped {/admin/routes, GET} route[39m[38;5;3m +0ms[39m
[32m[Nest] 213217  - [39m01/05/2026, 12:12:24 AM [32m    LOG[39m [38;5;3m[RouterExplorer] [39m[32mMapped {/admin/routes/:id, GET} route[39m[38;5;3m +0ms[39m
[32m[Nest] 213217  - [39m01/05/2026, 12:12:24 AM [32m    LOG[39m [38;5;3m[RoutesResolver] [39m[32mJourneysController {/api/admin/journeys}:[39m[38;5;3m +0ms[39m
[32m[Nest] 213217  - [39m01/05/2026, 12:12:24 AM [32m    LOG[39m [38;5;3m[RouterExplorer] [39m[32mMapped {/api/admin/journeys, GET} route[39m[38;5;3m +1ms[39m
[32m[Nest] 213217  - [39m01/05/2026, 12:12:24 AM [32m    LOG[39m [38;5;3m[RouterExplorer] [39m[32mMapped {/api/admin/journeys/:id, GET} route[39m[38;5;3m +0ms[39m
[32m[Nest] 213217  - [39m01/05/2026, 12:12:24 AM [32m    LOG[39m [38;5;3m[RoutesResolver] [39m[32mStationsController {/api/admin/stations}:[39m[38;5;3m +0ms[39m
[32m[Nest] 213217  - [39m01/05/2026, 12:12:24 AM [32m    LOG[39m [38;5;3m[RouterExplorer] [39m[32mMapped {/api/admin/stations, GET} route[39m[38;5;3m +0ms[39m
[32m[Nest] 213217  - [39m01/05/2026, 12:12:24 AM [32m    LOG[39m [38;5;3m[RoutesResolver] [39m[32mUsersController {/admin/users}:[39m[38;5;3m +0ms[39m
[32m[Nest] 213217  - [39m01/05/2026, 12:12:24 AM [32m    LOG[39m [38;5;3m[RouterExplorer] [39m[32mMapped {/admin/users, GET} route[39m[38;5;3m +0ms[39m
[32m[Nest] 213217  - [39m01/05/2026, 12:12:24 AM [32m    LOG[39m [38;5;3m[RouterExplorer] [39m[32mMapped {/admin/users/:id, GET} route[39m[38;5;3m +0ms[39m
[32m[Nest] 213217  - [39m01/05/2026, 12:12:24 AM [32m    LOG[39m [38;5;3m[RoutesResolver] [39m[32mBookingsController {/api/admin/bookings}:[39m[38;5;3m +0ms[39m
[32m[Nest] 213217  - [39m01/05/2026, 12:12:24 AM [32m    LOG[39m [38;5;3m[RouterExplorer] [39m[32mMapped {/api/admin/bookings, GET} route[39m[38;5;3m +1ms[39m
[32m[Nest] 213217  - [39m01/05/2026, 12:12:24 AM [32m    LOG[39m [38;5;3m[RouterExplorer] [39m[32mMapped {/api/admin/bookings/:id, GET} route[39m[38;5;3m +0ms[39m
[32m[Nest] 213217  - [39m01/05/2026, 12:12:24 AM [32m    LOG[39m [38;5;3m[RoutesResolver] [39m[32mStatsController {/admin/stats}:[39m[38;5;3m +0ms[39m
[32m[Nest] 213217  - [39m01/05/2026, 12:12:24 AM [32m    LOG[39m [38;5;3m[RouterExplorer] [39m[32mMapped {/admin/stats/dashboard, GET} route[39m[38;5;3m +0ms[39m
[32m[Nest] 213217  - [39m01/05/2026, 12:12:24 AM [32m    LOG[39m [38;5;3m[RoutesResolver] [39m[32mCoachesController {/api/admin/coaches}:[39m[38;5;3m +0ms[39m
[32m[Nest] 213217  - [39m01/05/2026, 12:12:24 AM [32m    LOG[39m [38;5;3m[RouterExplorer] [39m[32mMapped {/api/admin/coaches, GET} route[39m[38;5;3m +0ms[39m
[32m[Nest] 213217  - [39m01/05/2026, 12:12:24 AM [32m    LOG[39m [38;5;3m[RouterExplorer] [39m[32mMapped {/api/admin/coaches/:id, GET} route[39m[38;5;3m +0ms[39m
[32m[Nest] 213217  - [39m01/05/2026, 12:12:24 AM [32m    LOG[39m [38;5;3m[RouterExplorer] [39m[32mMapped {/api/admin/coaches, POST} route[39m[38;5;3m +0ms[39m
[32m[Nest] 213217  - [39m01/05/2026, 12:12:24 AM [32m    LOG[39m [38;5;3m[RouterExplorer] [39m[32mMapped {/api/admin/coaches/:id, PUT} route[39m[38;5;3m +0ms[39m
[32m[Nest] 213217  - [39m01/05/2026, 12:12:24 AM [32m    LOG[39m [38;5;3m[RouterExplorer] [39m[32mMapped {/api/admin/coaches/:id, DELETE} route[39m[38;5;3m +1ms[39m
[32m[Nest] 213217  - [39m01/05/2026, 12:12:24 AM [32m    LOG[39m [38;5;3m[RoutesResolver] [39m[32mSeatsController {/api/admin/seats}:[39m[38;5;3m +0ms[39m
[32m[Nest] 213217  - [39m01/05/2026, 12:12:24 AM [32m    LOG[39m [38;5;3m[RouterExplorer] [39m[32mMapped {/api/admin/seats, GET} route[39m[38;5;3m +0ms[39m
[32m[Nest] 213217  - [39m01/05/2026, 12:12:24 AM [32m    LOG[39m [38;5;3m[RouterExplorer] [39m[32mMapped {/api/admin/seats/:id, GET} route[39m[38;5;3m +0ms[39m
[32m[Nest] 213217  - [39m01/05/2026, 12:12:24 AM [32m    LOG[39m [38;5;3m[RouterExplorer] [39m[32mMapped {/api/admin/seats, POST} route[39m[38;5;3m +0ms[39m
[32m[Nest] 213217  - [39m01/05/2026, 12:12:24 AM [32m    LOG[39m [38;5;3m[RouterExplorer] [39m[32mMapped {/api/admin/seats/bulk, POST} route[39m[38;5;3m +0ms[39m
[32m[Nest] 213217  - [39m01/05/2026, 12:12:24 AM [32m    LOG[39m [38;5;3m[RouterExplorer] [39m[32mMapped {/api/admin/seats/:id, PUT} route[39m[38;5;3m +0ms[39m
[32m[Nest] 213217  - [39m01/05/2026, 12:12:24 AM [32m    LOG[39m [38;5;3m[RouterExplorer] [39m[32mMapped {/api/admin/seats/:id, DELETE} route[39m[38;5;3m +0ms[39m
[32m[Nest] 213217  - [39m01/05/2026, 12:12:24 AM [32m    LOG[39m [38;5;3m[RoutesResolver] [39m[32mSettingsController {/api/admin/settings}:[39m[38;5;3m +0ms[39m
[32m[Nest] 213217  - [39m01/05/2026, 12:12:24 AM [32m    LOG[39m [38;5;3m[RouterExplorer] [39m[32mMapped {/api/admin/settings, GET} route[39m[38;5;3m +0ms[39m
[32m[Nest] 213217  - [39m01/05/2026, 12:12:24 AM [32m    LOG[39m [38;5;3m[RouterExplorer] [39m[32mMapped {/api/admin/settings/:key, GET} route[39m[38;5;3m +0ms[39m
[32m[Nest] 213217  - [39m01/05/2026, 12:12:24 AM [32m    LOG[39m [38;5;3m[RouterExplorer] [39m[32mMapped {/api/admin/settings, POST} route[39m[38;5;3m +0ms[39m
[32m[Nest] 213217  - [39m01/05/2026, 12:12:24 AM [32m    LOG[39m [38;5;3m[RouterExplorer] [39m[32mMapped {/api/admin/settings/:key, PUT} route[39m[38;5;3m +0ms[39m
[32m[Nest] 213217  - [39m01/05/2026, 12:12:24 AM [32m    LOG[39m [38;5;3m[RouterExplorer] [39m[32mMapped {/api/admin/settings/:key, DELETE} route[39m[38;5;3m +0ms[39m
[32m[Nest] 213217  - [39m01/05/2026, 12:12:24 AM [32m    LOG[39m [38;5;3m[RoutesResolver] [39m[32mPaymentsController {/api/admin/payments}:[39m[38;5;3m +0ms[39m
[32m[Nest] 213217  - [39m01/05/2026, 12:12:24 AM [32m    LOG[39m [38;5;3m[RouterExplorer] [39m[32mMapped {/api/admin/payments/stats, GET} route[39m[38;5;3m +0ms[39m
[32m[Nest] 213217  - [39m01/05/2026, 12:12:24 AM [32m    LOG[39m [38;5;3m[RouterExplorer] [39m[32mMapped {/api/admin/payments, GET} route[39m[38;5;3m +0ms[39m
[32m[Nest] 213217  - [39m01/05/2026, 12:12:24 AM [32m    LOG[39m [38;5;3m[RouterExplorer] [39m[32mMapped {/api/admin/payments/:id, GET} route[39m[38;5;3m +0ms[39m
[32m[Nest] 213217  - [39m01/05/2026, 12:12:24 AM [32m    LOG[39m [38;5;3m[NestApplication] [39m[32mNest application successfully started[39m[38;5;3m +46ms[39m
[31m[Nest] 213217  - [39m01/05/2026, 12:12:24 AM [31m  ERROR[39m [38;5;3m[NestApplication] [39m[31mError: listen EADDRINUSE: address already in use :::3010[39m[38;5;3m +1ms[39m
Error: listen EADDRINUSE: address already in use :::3010
    at Server.setupListenHandle [as _listen2] (node:net:1908:16)
    at listenInCluster (node:net:1965:12)
    at Server.listen (node:net:2067:7)
    at ExpressAdapter.listen (/home/bayajidswe/My-files/my-projects/jatra-railway/node_modules/.pnpm/@nestjs+platform-express@10.4.20_@nestjs+common@10.4.20_class-transformer@0.5.1_class-v_bd7e093f0b2f45f3454d4c6bd5ff4f44/node_modules/@nestjs/platform-express/adapters/express-adapter.js:95:32)
    at /home/bayajidswe/My-files/my-projects/jatra-railway/node_modules/.pnpm/@nestjs+core@10.4.20_@nestjs+common@10.4.20_class-transformer@0.5.1_class-validator@0.1_6ee324c1921a1c6c0e69db7d70d61af1/node_modules/@nestjs/core/nest-application.js:183:30
    at new Promise (<anonymous>)
    at NestApplication.listen (/home/bayajidswe/My-files/my-projects/jatra-railway/node_modules/.pnpm/@nestjs+core@10.4.20_@nestjs+common@10.4.20_class-transformer@0.5.1_class-validator@0.1_6ee324c1921a1c6c0e69db7d70d61af1/node_modules/@nestjs/core/nest-application.js:173:16)
    at bootstrap (/home/bayajidswe/My-files/my-projects/jatra-railway/apps/admin-service/src/main.ts:45:3)
[ERROR] 00:12:24 Error: listen EADDRINUSE: address already in use :::3010
[INFO] 00:12:25 Restarting: /home/bayajidswe/My-files/my-projects/jatra-railway/apps/admin-service/src/stations/stations.controller.ts has been modified
[32m[Nest] 213361  - [39m01/05/2026, 12:12:26 AM [32m    LOG[39m [38;5;3m[NestFactory] [39m[32mStarting Nest application...[39m
[32m[Nest] 213361  - [39m01/05/2026, 12:12:26 AM [32m    LOG[39m [38;5;3m[InstanceLoader] [39m[32mAppModule dependencies initialized[39m[38;5;3m +9ms[39m
[32m[Nest] 213361  - [39m01/05/2026, 12:12:26 AM [32m    LOG[39m [38;5;3m[InstanceLoader] [39m[32mPrismaModule dependencies initialized[39m[38;5;3m +0ms[39m
[32m[Nest] 213361  - [39m01/05/2026, 12:12:26 AM [32m    LOG[39m [38;5;3m[InstanceLoader] [39m[32mConfigHostModule dependencies initialized[39m[38;5;3m +0ms[39m
[32m[Nest] 213361  - [39m01/05/2026, 12:12:26 AM [32m    LOG[39m [38;5;3m[InstanceLoader] [39m[32mTrainsModule dependencies initialized[39m[38;5;3m +1ms[39m
[32m[Nest] 213361  - [39m01/05/2026, 12:12:26 AM [32m    LOG[39m [38;5;3m[InstanceLoader] [39m[32mRoutesModule dependencies initialized[39m[38;5;3m +0ms[39m
[32m[Nest] 213361  - [39m01/05/2026, 12:12:26 AM [32m    LOG[39m [38;5;3m[InstanceLoader] [39m[32mJourneysModule dependencies initialized[39m[38;5;3m +0ms[39m
[32m[Nest] 213361  - [39m01/05/2026, 12:12:26 AM [32m    LOG[39m [38;5;3m[InstanceLoader] [39m[32mStationsModule dependencies initialized[39m[38;5;3m +0ms[39m
[32m[Nest] 213361  - [39m01/05/2026, 12:12:26 AM [32m    LOG[39m [38;5;3m[InstanceLoader] [39m[32mUsersModule dependencies initialized[39m[38;5;3m +0ms[39m
[32m[Nest] 213361  - [39m01/05/2026, 12:12:26 AM [32m    LOG[39m [38;5;3m[InstanceLoader] [39m[32mBookingsModule dependencies initialized[39m[38;5;3m +0ms[39m
[32m[Nest] 213361  - [39m01/05/2026, 12:12:26 AM [32m    LOG[39m [38;5;3m[InstanceLoader] [39m[32mStatsModule dependencies initialized[39m[38;5;3m +0ms[39m
[32m[Nest] 213361  - [39m01/05/2026, 12:12:26 AM [32m    LOG[39m [38;5;3m[InstanceLoader] [39m[32mConfigModule dependencies initialized[39m[38;5;3m +0ms[39m
[32m[Nest] 213361  - [39m01/05/2026, 12:12:26 AM [32m    LOG[39m [38;5;3m[InstanceLoader] [39m[32mCoachesModule dependencies initialized[39m[38;5;3m +0ms[39m
[32m[Nest] 213361  - [39m01/05/2026, 12:12:26 AM [32m    LOG[39m [38;5;3m[InstanceLoader] [39m[32mSeatsModule dependencies initialized[39m[38;5;3m +0ms[39m
[32m[Nest] 213361  - [39m01/05/2026, 12:12:26 AM [32m    LOG[39m [38;5;3m[InstanceLoader] [39m[32mSettingsModule dependencies initialized[39m[38;5;3m +0ms[39m
[32m[Nest] 213361  - [39m01/05/2026, 12:12:26 AM [32m    LOG[39m [38;5;3m[InstanceLoader] [39m[32mPaymentsModule dependencies initialized[39m[38;5;3m +0ms[39m
[32m[Nest] 213361  - [39m01/05/2026, 12:12:26 AM [32m    LOG[39m [38;5;3m[RoutesResolver] [39m[32mTrainsController {/admin/trains}:[39m[38;5;3m +24ms[39m
[32m[Nest] 213361  - [39m01/05/2026, 12:12:26 AM [32m    LOG[39m [38;5;3m[RouterExplorer] [39m[32mMapped {/admin/trains, GET} route[39m[38;5;3m +1ms[39m
[32m[Nest] 213361  - [39m01/05/2026, 12:12:26 AM [32m    LOG[39m [38;5;3m[RouterExplorer] [39m[32mMapped {/admin/trains/:id, GET} route[39m[38;5;3m +0ms[39m
[32m[Nest] 213361  - [39m01/05/2026, 12:12:26 AM [32m    LOG[39m [38;5;3m[RouterExplorer] [39m[32mMapped {/admin/trains, POST} route[39m[38;5;3m +0ms[39m
[32m[Nest] 213361  - [39m01/05/2026, 12:12:26 AM [32m    LOG[39m [38;5;3m[RouterExplorer] [39m[32mMapped {/admin/trains/:id, PUT} route[39m[38;5;3m +0ms[39m
[32m[Nest] 213361  - [39m01/05/2026, 12:12:26 AM [32m    LOG[39m [38;5;3m[RouterExplorer] [39m[32mMapped {/admin/trains/:id, DELETE} route[39m[38;5;3m +1ms[39m
[32m[Nest] 213361  - [39m01/05/2026, 12:12:26 AM [32m    LOG[39m [38;5;3m[RoutesResolver] [39m[32mRoutesController {/admin/routes}:[39m[38;5;3m +0ms[39m
[32m[Nest] 213361  - [39m01/05/2026, 12:12:26 AM [32m    LOG[39m [38;5;3m[RouterExplorer] [39m[32mMapped {/admin/routes, GET} route[39m[38;5;3m +0ms[39m
[32m[Nest] 213361  - [39m01/05/2026, 12:12:26 AM [32m    LOG[39m [38;5;3m[RouterExplorer] [39m[32mMapped {/admin/routes/:id, GET} route[39m[38;5;3m +0ms[39m
[32m[Nest] 213361  - [39m01/05/2026, 12:12:26 AM [32m    LOG[39m [38;5;3m[RoutesResolver] [39m[32mJourneysController {/api/admin/journeys}:[39m[38;5;3m +0ms[39m
[32m[Nest] 213361  - [39m01/05/2026, 12:12:26 AM [32m    LOG[39m [38;5;3m[RouterExplorer] [39m[32mMapped {/api/admin/journeys, GET} route[39m[38;5;3m +0ms[39m
[32m[Nest] 213361  - [39m01/05/2026, 12:12:26 AM [32m    LOG[39m [38;5;3m[RouterExplorer] [39m[32mMapped {/api/admin/journeys/:id, GET} route[39m[38;5;3m +0ms[39m
[32m[Nest] 213361  - [39m01/05/2026, 12:12:26 AM [32m    LOG[39m [38;5;3m[RoutesResolver] [39m[32mStationsController {/admin/stations}:[39m[38;5;3m +0ms[39m
[32m[Nest] 213361  - [39m01/05/2026, 12:12:26 AM [32m    LOG[39m [38;5;3m[RouterExplorer] [39m[32mMapped {/admin/stations, GET} route[39m[38;5;3m +0ms[39m
[32m[Nest] 213361  - [39m01/05/2026, 12:12:26 AM [32m    LOG[39m [38;5;3m[RoutesResolver] [39m[32mUsersController {/admin/users}:[39m[38;5;3m +1ms[39m
[32m[Nest] 213361  - [39m01/05/2026, 12:12:26 AM [32m    LOG[39m [38;5;3m[RouterExplorer] [39m[32mMapped {/admin/users, GET} route[39m[38;5;3m +0ms[39m
[32m[Nest] 213361  - [39m01/05/2026, 12:12:26 AM [32m    LOG[39m [38;5;3m[RouterExplorer] [39m[32mMapped {/admin/users/:id, GET} route[39m[38;5;3m +0ms[39m
[32m[Nest] 213361  - [39m01/05/2026, 12:12:26 AM [32m    LOG[39m [38;5;3m[RoutesResolver] [39m[32mBookingsController {/api/admin/bookings}:[39m[38;5;3m +0ms[39m
[32m[Nest] 213361  - [39m01/05/2026, 12:12:26 AM [32m    LOG[39m [38;5;3m[RouterExplorer] [39m[32mMapped {/api/admin/bookings, GET} route[39m[38;5;3m +0ms[39m
[32m[Nest] 213361  - [39m01/05/2026, 12:12:26 AM [32m    LOG[39m [38;5;3m[RouterExplorer] [39m[32mMapped {/api/admin/bookings/:id, GET} route[39m[38;5;3m +0ms[39m
[32m[Nest] 213361  - [39m01/05/2026, 12:12:26 AM [32m    LOG[39m [38;5;3m[RoutesResolver] [39m[32mStatsController {/admin/stats}:[39m[38;5;3m +0ms[39m
[32m[Nest] 213361  - [39m01/05/2026, 12:12:26 AM [32m    LOG[39m [38;5;3m[RouterExplorer] [39m[32mMapped {/admin/stats/dashboard, GET} route[39m[38;5;3m +0ms[39m
[32m[Nest] 213361  - [39m01/05/2026, 12:12:26 AM [32m    LOG[39m [38;5;3m[RoutesResolver] [39m[32mCoachesController {/api/admin/coaches}:[39m[38;5;3m +0ms[39m
[32m[Nest] 213361  - [39m01/05/2026, 12:12:26 AM [32m    LOG[39m [38;5;3m[RouterExplorer] [39m[32mMapped {/api/admin/coaches, GET} route[39m[38;5;3m +0ms[39m
[32m[Nest] 213361  - [39m01/05/2026, 12:12:26 AM [32m    LOG[39m [38;5;3m[RouterExplorer] [39m[32mMapped {/api/admin/coaches/:id, GET} route[39m[38;5;3m +0ms[39m
[32m[Nest] 213361  - [39m01/05/2026, 12:12:26 AM [32m    LOG[39m [38;5;3m[RouterExplorer] [39m[32mMapped {/api/admin/coaches, POST} route[39m[38;5;3m +0ms[39m
[32m[Nest] 213361  - [39m01/05/2026, 12:12:26 AM [32m    LOG[39m [38;5;3m[RouterExplorer] [39m[32mMapped {/api/admin/coaches/:id, PUT} route[39m[38;5;3m +0ms[39m
[32m[Nest] 213361  - [39m01/05/2026, 12:12:26 AM [32m    LOG[39m [38;5;3m[RouterExplorer] [39m[32mMapped {/api/admin/coaches/:id, DELETE} route[39m[38;5;3m +0ms[39m
[32m[Nest] 213361  - [39m01/05/2026, 12:12:26 AM [32m    LOG[39m [38;5;3m[RoutesResolver] [39m[32mSeatsController {/api/admin/seats}:[39m[38;5;3m +0ms[39m
[32m[Nest] 213361  - [39m01/05/2026, 12:12:26 AM [32m    LOG[39m [38;5;3m[RouterExplorer] [39m[32mMapped {/api/admin/seats, GET} route[39m[38;5;3m +0ms[39m
[32m[Nest] 213361  - [39m01/05/2026, 12:12:26 AM [32m    LOG[39m [38;5;3m[RouterExplorer] [39m[32mMapped {/api/admin/seats/:id, GET} route[39m[38;5;3m +0ms[39m
[32m[Nest] 213361  - [39m01/05/2026, 12:12:26 AM [32m    LOG[39m [38;5;3m[RouterExplorer] [39m[32mMapped {/api/admin/seats, POST} route[39m[38;5;3m +1ms[39m
[32m[Nest] 213361  - [39m01/05/2026, 12:12:26 AM [32m    LOG[39m [38;5;3m[RouterExplorer] [39m[32mMapped {/api/admin/seats/bulk, POST} route[39m[38;5;3m +0ms[39m
[32m[Nest] 213361  - [39m01/05/2026, 12:12:26 AM [32m    LOG[39m [38;5;3m[RouterExplorer] [39m[32mMapped {/api/admin/seats/:id, PUT} route[39m[38;5;3m +0ms[39m
[32m[Nest] 213361  - [39m01/05/2026, 12:12:26 AM [32m    LOG[39m [38;5;3m[RouterExplorer] [39m[32mMapped {/api/admin/seats/:id, DELETE} route[39m[38;5;3m +0ms[39m
[32m[Nest] 213361  - [39m01/05/2026, 12:12:26 AM [32m    LOG[39m [38;5;3m[RoutesResolver] [39m[32mSettingsController {/api/admin/settings}:[39m[38;5;3m +0ms[39m
[32m[Nest] 213361  - [39m01/05/2026, 12:12:26 AM [32m    LOG[39m [38;5;3m[RouterExplorer] [39m[32mMapped {/api/admin/settings, GET} route[39m[38;5;3m +0ms[39m
[32m[Nest] 213361  - [39m01/05/2026, 12:12:26 AM [32m    LOG[39m [38;5;3m[RouterExplorer] [39m[32mMapped {/api/admin/settings/:key, GET} route[39m[38;5;3m +0ms[39m
[32m[Nest] 213361  - [39m01/05/2026, 12:12:26 AM [32m    LOG[39m [38;5;3m[RouterExplorer] [39m[32mMapped {/api/admin/settings, POST} route[39m[38;5;3m +0ms[39m
[32m[Nest] 213361  - [39m01/05/2026, 12:12:26 AM [32m    LOG[39m [38;5;3m[RouterExplorer] [39m[32mMapped {/api/admin/settings/:key, PUT} route[39m[38;5;3m +0ms[39m
[32m[Nest] 213361  - [39m01/05/2026, 12:12:26 AM [32m    LOG[39m [38;5;3m[RouterExplorer] [39m[32mMapped {/api/admin/settings/:key, DELETE} route[39m[38;5;3m +0ms[39m
[32m[Nest] 213361  - [39m01/05/2026, 12:12:26 AM [32m    LOG[39m [38;5;3m[RoutesResolver] [39m[32mPaymentsController {/api/admin/payments}:[39m[38;5;3m +0ms[39m
[32m[Nest] 213361  - [39m01/05/2026, 12:12:26 AM [32m    LOG[39m [38;5;3m[RouterExplorer] [39m[32mMapped {/api/admin/payments/stats, GET} route[39m[38;5;3m +0ms[39m
[32m[Nest] 213361  - [39m01/05/2026, 12:12:26 AM [32m    LOG[39m [38;5;3m[RouterExplorer] [39m[32mMapped {/api/admin/payments, GET} route[39m[38;5;3m +0ms[39m
[32m[Nest] 213361  - [39m01/05/2026, 12:12:26 AM [32m    LOG[39m [38;5;3m[RouterExplorer] [39m[32mMapped {/api/admin/payments/:id, GET} route[39m[38;5;3m +0ms[39m
[32m[Nest] 213361  - [39m01/05/2026, 12:12:26 AM [32m    LOG[39m [38;5;3m[NestApplication] [39m[32mNest application successfully started[39m[38;5;3m +48ms[39m
🚀 Admin Service is running on: http://localhost:3010
📚 Swagger documentation: http://localhost:3010/api/docs
🔐 Admin operations - requires ADMIN role
[INFO] 00:12:27 Restarting: /home/bayajidswe/My-files/my-projects/jatra-railway/apps/admin-service/src/settings/settings.controller.ts has been modified
[32m[Nest] 213468  - [39m01/05/2026, 12:12:28 AM [32m    LOG[39m [38;5;3m[NestFactory] [39m[32mStarting Nest application...[39m
[32m[Nest] 213468  - [39m01/05/2026, 12:12:28 AM [32m    LOG[39m [38;5;3m[InstanceLoader] [39m[32mAppModule dependencies initialized[39m[38;5;3m +15ms[39m
[32m[Nest] 213468  - [39m01/05/2026, 12:12:28 AM [32m    LOG[39m [38;5;3m[InstanceLoader] [39m[32mPrismaModule dependencies initialized[39m[38;5;3m +1ms[39m
[32m[Nest] 213468  - [39m01/05/2026, 12:12:28 AM [32m    LOG[39m [38;5;3m[InstanceLoader] [39m[32mConfigHostModule dependencies initialized[39m[38;5;3m +1ms[39m
[32m[Nest] 213468  - [39m01/05/2026, 12:12:28 AM [32m    LOG[39m [38;5;3m[InstanceLoader] [39m[32mTrainsModule dependencies initialized[39m[38;5;3m +2ms[39m
[32m[Nest] 213468  - [39m01/05/2026, 12:12:28 AM [32m    LOG[39m [38;5;3m[InstanceLoader] [39m[32mRoutesModule dependencies initialized[39m[38;5;3m +0ms[39m
[32m[Nest] 213468  - [39m01/05/2026, 12:12:28 AM [32m    LOG[39m [38;5;3m[InstanceLoader] [39m[32mJourneysModule dependencies initialized[39m[38;5;3m +0ms[39m
[32m[Nest] 213468  - [39m01/05/2026, 12:12:28 AM [32m    LOG[39m [38;5;3m[InstanceLoader] [39m[32mStationsModule dependencies initialized[39m[38;5;3m +0ms[39m
[32m[Nest] 213468  - [39m01/05/2026, 12:12:28 AM [32m    LOG[39m [38;5;3m[InstanceLoader] [39m[32mUsersModule dependencies initialized[39m[38;5;3m +0ms[39m
[32m[Nest] 213468  - [39m01/05/2026, 12:12:28 AM [32m    LOG[39m [38;5;3m[InstanceLoader] [39m[32mBookingsModule dependencies initialized[39m[38;5;3m +0ms[39m
[32m[Nest] 213468  - [39m01/05/2026, 12:12:28 AM [32m    LOG[39m [38;5;3m[InstanceLoader] [39m[32mStatsModule dependencies initialized[39m[38;5;3m +0ms[39m
[32m[Nest] 213468  - [39m01/05/2026, 12:12:28 AM [32m    LOG[39m [38;5;3m[InstanceLoader] [39m[32mConfigModule dependencies initialized[39m[38;5;3m +0ms[39m
[32m[Nest] 213468  - [39m01/05/2026, 12:12:28 AM [32m    LOG[39m [38;5;3m[InstanceLoader] [39m[32mCoachesModule dependencies initialized[39m[38;5;3m +0ms[39m
[32m[Nest] 213468  - [39m01/05/2026, 12:12:28 AM [32m    LOG[39m [38;5;3m[InstanceLoader] [39m[32mSeatsModule dependencies initialized[39m[38;5;3m +0ms[39m
[32m[Nest] 213468  - [39m01/05/2026, 12:12:28 AM [32m    LOG[39m [38;5;3m[InstanceLoader] [39m[32mSettingsModule dependencies initialized[39m[38;5;3m +0ms[39m
[32m[Nest] 213468  - [39m01/05/2026, 12:12:28 AM [32m    LOG[39m [38;5;3m[InstanceLoader] [39m[32mPaymentsModule dependencies initialized[39m[38;5;3m +0ms[39m
[32m[Nest] 213468  - [39m01/05/2026, 12:12:28 AM [32m    LOG[39m [38;5;3m[RoutesResolver] [39m[32mTrainsController {/admin/trains}:[39m[38;5;3m +45ms[39m
[32m[Nest] 213468  - [39m01/05/2026, 12:12:28 AM [32m    LOG[39m [38;5;3m[RouterExplorer] [39m[32mMapped {/admin/trains, GET} route[39m[38;5;3m +2ms[39m
[32m[Nest] 213468  - [39m01/05/2026, 12:12:28 AM [32m    LOG[39m [38;5;3m[RouterExplorer] [39m[32mMapped {/admin/trains/:id, GET} route[39m[38;5;3m +0ms[39m
[32m[Nest] 213468  - [39m01/05/2026, 12:12:28 AM [32m    LOG[39m [38;5;3m[RouterExplorer] [39m[32mMapped {/admin/trains, POST} route[39m[38;5;3m +0ms[39m
[32m[Nest] 213468  - [39m01/05/2026, 12:12:28 AM [32m    LOG[39m [38;5;3m[RouterExplorer] [39m[32mMapped {/admin/trains/:id, PUT} route[39m[38;5;3m +0ms[39m
[32m[Nest] 213468  - [39m01/05/2026, 12:12:28 AM [32m    LOG[39m [38;5;3m[RouterExplorer] [39m[32mMapped {/admin/trains/:id, DELETE} route[39m[38;5;3m +0ms[39m
[32m[Nest] 213468  - [39m01/05/2026, 12:12:28 AM [32m    LOG[39m [38;5;3m[RoutesResolver] [39m[32mRoutesController {/admin/routes}:[39m[38;5;3m +0ms[39m
[32m[Nest] 213468  - [39m01/05/2026, 12:12:28 AM [32m    LOG[39m [38;5;3m[RouterExplorer] [39m[32mMapped {/admin/routes, GET} route[39m[38;5;3m +1ms[39m
[32m[Nest] 213468  - [39m01/05/2026, 12:12:28 AM [32m    LOG[39m [38;5;3m[RouterExplorer] [39m[32mMapped {/admin/routes/:id, GET} route[39m[38;5;3m +0ms[39m
[32m[Nest] 213468  - [39m01/05/2026, 12:12:28 AM [32m    LOG[39m [38;5;3m[RoutesResolver] [39m[32mJourneysController {/api/admin/journeys}:[39m[38;5;3m +0ms[39m
[32m[Nest] 213468  - [39m01/05/2026, 12:12:28 AM [32m    LOG[39m [38;5;3m[RouterExplorer] [39m[32mMapped {/api/admin/journeys, GET} route[39m[38;5;3m +0ms[39m
[32m[Nest] 213468  - [39m01/05/2026, 12:12:28 AM [32m    LOG[39m [38;5;3m[RouterExplorer] [39m[32mMapped {/api/admin/journeys/:id, GET} route[39m[38;5;3m +0ms[39m
[32m[Nest] 213468  - [39m01/05/2026, 12:12:28 AM [32m    LOG[39m [38;5;3m[RoutesResolver] [39m[32mStationsController {/admin/stations}:[39m[38;5;3m +0ms[39m
[32m[Nest] 213468  - [39m01/05/2026, 12:12:28 AM [32m    LOG[39m [38;5;3m[RouterExplorer] [39m[32mMapped {/admin/stations, GET} route[39m[38;5;3m +0ms[39m
[32m[Nest] 213468  - [39m01/05/2026, 12:12:28 AM [32m    LOG[39m [38;5;3m[RoutesResolver] [39m[32mUsersController {/admin/users}:[39m[38;5;3m +0ms[39m
[32m[Nest] 213468  - [39m01/05/2026, 12:12:28 AM [32m    LOG[39m [38;5;3m[RouterExplorer] [39m[32mMapped {/admin/users, GET} route[39m[38;5;3m +0ms[39m
[32m[Nest] 213468  - [39m01/05/2026, 12:12:28 AM [32m    LOG[39m [38;5;3m[RouterExplorer] [39m[32mMapped {/admin/users/:id, GET} route[39m[38;5;3m +0ms[39m
[32m[Nest] 213468  - [39m01/05/2026, 12:12:28 AM [32m    LOG[39m [38;5;3m[RoutesResolver] [39m[32mBookingsController {/api/admin/bookings}:[39m[38;5;3m +1ms[39m
[32m[Nest] 213468  - [39m01/05/2026, 12:12:28 AM [32m    LOG[39m [38;5;3m[RouterExplorer] [39m[32mMapped {/api/admin/bookings, GET} route[39m[38;5;3m +0ms[39m
[32m[Nest] 213468  - [39m01/05/2026, 12:12:28 AM [32m    LOG[39m [38;5;3m[RouterExplorer] [39m[32mMapped {/api/admin/bookings/:id, GET} route[39m[38;5;3m +0ms[39m
[32m[Nest] 213468  - [39m01/05/2026, 12:12:28 AM [32m    LOG[39m [38;5;3m[RoutesResolver] [39m[32mStatsController {/admin/stats}:[39m[38;5;3m +0ms[39m
[32m[Nest] 213468  - [39m01/05/2026, 12:12:28 AM [32m    LOG[39m [38;5;3m[RouterExplorer] [39m[32mMapped {/admin/stats/dashboard, GET} route[39m[38;5;3m +0ms[39m
[32m[Nest] 213468  - [39m01/05/2026, 12:12:28 AM [32m    LOG[39m [38;5;3m[RoutesResolver] [39m[32mCoachesController {/api/admin/coaches}:[39m[38;5;3m +0ms[39m
[32m[Nest] 213468  - [39m01/05/2026, 12:12:28 AM [32m    LOG[39m [38;5;3m[RouterExplorer] [39m[32mMapped {/api/admin/coaches, GET} route[39m[38;5;3m +0ms[39m
[32m[Nest] 213468  - [39m01/05/2026, 12:12:28 AM [32m    LOG[39m [38;5;3m[RouterExplorer] [39m[32mMapped {/api/admin/coaches/:id, GET} route[39m[38;5;3m +0ms[39m
[32m[Nest] 213468  - [39m01/05/2026, 12:12:28 AM [32m    LOG[39m [38;5;3m[RouterExplorer] [39m[32mMapped {/api/admin/coaches, POST} route[39m[38;5;3m +0ms[39m
[32m[Nest] 213468  - [39m01/05/2026, 12:12:28 AM [32m    LOG[39m [38;5;3m[RouterExplorer] [39m[32mMapped {/api/admin/coaches/:id, PUT} route[39m[38;5;3m +0ms[39m
[32m[Nest] 213468  - [39m01/05/2026, 12:12:28 AM [32m    LOG[39m [38;5;3m[RouterExplorer] [39m[32mMapped {/api/admin/coaches/:id, DELETE} route[39m[38;5;3m +0ms[39m
[32m[Nest] 213468  - [39m01/05/2026, 12:12:28 AM [32m    LOG[39m [38;5;3m[RoutesResolver] [39m[32mSeatsController {/api/admin/seats}:[39m[38;5;3m +0ms[39m
[32m[Nest] 213468  - [39m01/05/2026, 12:12:28 AM [32m    LOG[39m [38;5;3m[RouterExplorer] [39m[32mMapped {/api/admin/seats, GET} route[39m[38;5;3m +0ms[39m
[32m[Nest] 213468  - [39m01/05/2026, 12:12:28 AM [32m    LOG[39m [38;5;3m[RouterExplorer] [39m[32mMapped {/api/admin/seats/:id, GET} route[39m[38;5;3m +0ms[39m
[32m[Nest] 213468  - [39m01/05/2026, 12:12:28 AM [32m    LOG[39m [38;5;3m[RouterExplorer] [39m[32mMapped {/api/admin/seats, POST} route[39m[38;5;3m +0ms[39m
[32m[Nest] 213468  - [39m01/05/2026, 12:12:28 AM [32m    LOG[39m [38;5;3m[RouterExplorer] [39m[32mMapped {/api/admin/seats/bulk, POST} route[39m[38;5;3m +0ms[39m
[32m[Nest] 213468  - [39m01/05/2026, 12:12:28 AM [32m    LOG[39m [38;5;3m[RouterExplorer] [39m[32mMapped {/api/admin/seats/:id, PUT} route[39m[38;5;3m +0ms[39m
[32m[Nest] 213468  - [39m01/05/2026, 12:12:28 AM [32m    LOG[39m [38;5;3m[RouterExplorer] [39m[32mMapped {/api/admin/seats/:id, DELETE} route[39m[38;5;3m +0ms[39m
[32m[Nest] 213468  - [39m01/05/2026, 12:12:28 AM [32m    LOG[39m [38;5;3m[RoutesResolver] [39m[32mSettingsController {/admin/settings}:[39m[38;5;3m +0ms[39m
[32m[Nest] 213468  - [39m01/05/2026, 12:12:28 AM [32m    LOG[39m [38;5;3m[RouterExplorer] [39m[32mMapped {/admin/settings, GET} route[39m[38;5;3m +0ms[39m
[32m[Nest] 213468  - [39m01/05/2026, 12:12:28 AM [32m    LOG[39m [38;5;3m[RouterExplorer] [39m[32mMapped {/admin/settings/:key, GET} route[39m[38;5;3m +0ms[39m
[32m[Nest] 213468  - [39m01/05/2026, 12:12:28 AM [32m    LOG[39m [38;5;3m[RouterExplorer] [39m[32mMapped {/admin/settings, POST} route[39m[38;5;3m +1ms[39m
[32m[Nest] 213468  - [39m01/05/2026, 12:12:28 AM [32m    LOG[39m [38;5;3m[RouterExplorer] [39m[32mMapped {/admin/settings/:key, PUT} route[39m[38;5;3m +0ms[39m
[32m[Nest] 213468  - [39m01/05/2026, 12:12:28 AM [32m    LOG[39m [38;5;3m[RouterExplorer] [39m[32mMapped {/admin/settings/:key, DELETE} route[39m[38;5;3m +0ms[39m
[32m[Nest] 213468  - [39m01/05/2026, 12:12:28 AM [32m    LOG[39m [38;5;3m[RoutesResolver] [39m[32mPaymentsController {/api/admin/payments}:[39m[38;5;3m +0ms[39m
[32m[Nest] 213468  - [39m01/05/2026, 12:12:28 AM [32m    LOG[39m [38;5;3m[RouterExplorer] [39m[32mMapped {/api/admin/payments/stats, GET} route[39m[38;5;3m +0ms[39m
[32m[Nest] 213468  - [39m01/05/2026, 12:12:28 AM [32m    LOG[39m [38;5;3m[RouterExplorer] [39m[32mMapped {/api/admin/payments, GET} route[39m[38;5;3m +0ms[39m
[32m[Nest] 213468  - [39m01/05/2026, 12:12:28 AM [32m    LOG[39m [38;5;3m[RouterExplorer] [39m[32mMapped {/api/admin/payments/:id, GET} route[39m[38;5;3m +0ms[39m
[32m[Nest] 213468  - [39m01/05/2026, 12:12:28 AM [32m    LOG[39m [38;5;3m[NestApplication] [39m[32mNest application successfully started[39m[38;5;3m +45ms[39m
[31m[Nest] 213468  - [39m01/05/2026, 12:12:28 AM [31m  ERROR[39m [38;5;3m[NestApplication] [39m[31mError: listen EADDRINUSE: address already in use :::3010[39m[38;5;3m +1ms[39m
Error: listen EADDRINUSE: address already in use :::3010
    at Server.setupListenHandle [as _listen2] (node:net:1908:16)
    at listenInCluster (node:net:1965:12)
    at Server.listen (node:net:2067:7)
    at ExpressAdapter.listen (/home/bayajidswe/My-files/my-projects/jatra-railway/node_modules/.pnpm/@nestjs+platform-express@10.4.20_@nestjs+common@10.4.20_class-transformer@0.5.1_class-v_bd7e093f0b2f45f3454d4c6bd5ff4f44/node_modules/@nestjs/platform-express/adapters/express-adapter.js:95:32)
    at /home/bayajidswe/My-files/my-projects/jatra-railway/node_modules/.pnpm/@nestjs+core@10.4.20_@nestjs+common@10.4.20_class-transformer@0.5.1_class-validator@0.1_6ee324c1921a1c6c0e69db7d70d61af1/node_modules/@nestjs/core/nest-application.js:183:30
    at new Promise (<anonymous>)
    at NestApplication.listen (/home/bayajidswe/My-files/my-projects/jatra-railway/node_modules/.pnpm/@nestjs+core@10.4.20_@nestjs+common@10.4.20_class-transformer@0.5.1_class-validator@0.1_6ee324c1921a1c6c0e69db7d70d61af1/node_modules/@nestjs/core/nest-application.js:173:16)
    at bootstrap (/home/bayajidswe/My-files/my-projects/jatra-railway/apps/admin-service/src/main.ts:45:3)
[ERROR] 00:12:28 Error: listen EADDRINUSE: address already in use :::3010
[INFO] 00:12:29 Restarting: /home/bayajidswe/My-files/my-projects/jatra-railway/apps/admin-service/src/coaches/coaches.controller.ts has been modified
[32m[Nest] 213540  - [39m01/05/2026, 12:12:30 AM [32m    LOG[39m [38;5;3m[NestFactory] [39m[32mStarting Nest application...[39m
[32m[Nest] 213540  - [39m01/05/2026, 12:12:30 AM [32m    LOG[39m [38;5;3m[InstanceLoader] [39m[32mAppModule dependencies initialized[39m[38;5;3m +12ms[39m
[32m[Nest] 213540  - [39m01/05/2026, 12:12:30 AM [32m    LOG[39m [38;5;3m[InstanceLoader] [39m[32mPrismaModule dependencies initialized[39m[38;5;3m +0ms[39m
[32m[Nest] 213540  - [39m01/05/2026, 12:12:30 AM [32m    LOG[39m [38;5;3m[InstanceLoader] [39m[32mConfigHostModule dependencies initialized[39m[38;5;3m +1ms[39m
[32m[Nest] 213540  - [39m01/05/2026, 12:12:30 AM [32m    LOG[39m [38;5;3m[InstanceLoader] [39m[32mTrainsModule dependencies initialized[39m[38;5;3m +0ms[39m
[32m[Nest] 213540  - [39m01/05/2026, 12:12:30 AM [32m    LOG[39m [38;5;3m[InstanceLoader] [39m[32mRoutesModule dependencies initialized[39m[38;5;3m +0ms[39m
[32m[Nest] 213540  - [39m01/05/2026, 12:12:30 AM [32m    LOG[39m [38;5;3m[InstanceLoader] [39m[32mJourneysModule dependencies initialized[39m[38;5;3m +0ms[39m
[32m[Nest] 213540  - [39m01/05/2026, 12:12:30 AM [32m    LOG[39m [38;5;3m[InstanceLoader] [39m[32mStationsModule dependencies initialized[39m[38;5;3m +0ms[39m
[32m[Nest] 213540  - [39m01/05/2026, 12:12:30 AM [32m    LOG[39m [38;5;3m[InstanceLoader] [39m[32mUsersModule dependencies initialized[39m[38;5;3m +0ms[39m
[32m[Nest] 213540  - [39m01/05/2026, 12:12:30 AM [32m    LOG[39m [38;5;3m[InstanceLoader] [39m[32mBookingsModule dependencies initialized[39m[38;5;3m +0ms[39m
[32m[Nest] 213540  - [39m01/05/2026, 12:12:30 AM [32m    LOG[39m [38;5;3m[InstanceLoader] [39m[32mStatsModule dependencies initialized[39m[38;5;3m +0ms[39m
[32m[Nest] 213540  - [39m01/05/2026, 12:12:30 AM [32m    LOG[39m [38;5;3m[InstanceLoader] [39m[32mConfigModule dependencies initialized[39m[38;5;3m +0ms[39m
[32m[Nest] 213540  - [39m01/05/2026, 12:12:30 AM [32m    LOG[39m [38;5;3m[InstanceLoader] [39m[32mCoachesModule dependencies initialized[39m[38;5;3m +0ms[39m
[32m[Nest] 213540  - [39m01/05/2026, 12:12:30 AM [32m    LOG[39m [38;5;3m[InstanceLoader] [39m[32mSeatsModule dependencies initialized[39m[38;5;3m +0ms[39m
[32m[Nest] 213540  - [39m01/05/2026, 12:12:30 AM [32m    LOG[39m [38;5;3m[InstanceLoader] [39m[32mSettingsModule dependencies initialized[39m[38;5;3m +0ms[39m
[32m[Nest] 213540  - [39m01/05/2026, 12:12:30 AM [32m    LOG[39m [38;5;3m[InstanceLoader] [39m[32mPaymentsModule dependencies initialized[39m[38;5;3m +0ms[39m
[32m[Nest] 213540  - [39m01/05/2026, 12:12:30 AM [32m    LOG[39m [38;5;3m[RoutesResolver] [39m[32mTrainsController {/admin/trains}:[39m[38;5;3m +31ms[39m
[32m[Nest] 213540  - [39m01/05/2026, 12:12:30 AM [32m    LOG[39m [38;5;3m[RouterExplorer] [39m[32mMapped {/admin/trains, GET} route[39m[38;5;3m +2ms[39m
[32m[Nest] 213540  - [39m01/05/2026, 12:12:30 AM [32m    LOG[39m [38;5;3m[RouterExplorer] [39m[32mMapped {/admin/trains/:id, GET} route[39m[38;5;3m +1ms[39m
[32m[Nest] 213540  - [39m01/05/2026, 12:12:30 AM [32m    LOG[39m [38;5;3m[RouterExplorer] [39m[32mMapped {/admin/trains, POST} route[39m[38;5;3m +0ms[39m
[32m[Nest] 213540  - [39m01/05/2026, 12:12:30 AM [32m    LOG[39m [38;5;3m[RouterExplorer] [39m[32mMapped {/admin/trains/:id, PUT} route[39m[38;5;3m +0ms[39m
[32m[Nest] 213540  - [39m01/05/2026, 12:12:30 AM [32m    LOG[39m [38;5;3m[RouterExplorer] [39m[32mMapped {/admin/trains/:id, DELETE} route[39m[38;5;3m +1ms[39m
[32m[Nest] 213540  - [39m01/05/2026, 12:12:30 AM [32m    LOG[39m [38;5;3m[RoutesResolver] [39m[32mRoutesController {/admin/routes}:[39m[38;5;3m +0ms[39m
[32m[Nest] 213540  - [39m01/05/2026, 12:12:30 AM [32m    LOG[39m [38;5;3m[RouterExplorer] [39m[32mMapped {/admin/routes, GET} route[39m[38;5;3m +0ms[39m
[32m[Nest] 213540  - [39m01/05/2026, 12:12:30 AM [32m    LOG[39m [38;5;3m[RouterExplorer] [39m[32mMapped {/admin/routes/:id, GET} route[39m[38;5;3m +0ms[39m
[32m[Nest] 213540  - [39m01/05/2026, 12:12:30 AM [32m    LOG[39m [38;5;3m[RoutesResolver] [39m[32mJourneysController {/api/admin/journeys}:[39m[38;5;3m +0ms[39m
[32m[Nest] 213540  - [39m01/05/2026, 12:12:30 AM [32m    LOG[39m [38;5;3m[RouterExplorer] [39m[32mMapped {/api/admin/journeys, GET} route[39m[38;5;3m +1ms[39m
[32m[Nest] 213540  - [39m01/05/2026, 12:12:30 AM [32m    LOG[39m [38;5;3m[RouterExplorer] [39m[32mMapped {/api/admin/journeys/:id, GET} route[39m[38;5;3m +0ms[39m
[32m[Nest] 213540  - [39m01/05/2026, 12:12:30 AM [32m    LOG[39m [38;5;3m[RoutesResolver] [39m[32mStationsController {/admin/stations}:[39m[38;5;3m +0ms[39m
[32m[Nest] 213540  - [39m01/05/2026, 12:12:30 AM [32m    LOG[39m [38;5;3m[RouterExplorer] [39m[32mMapped {/admin/stations, GET} route[39m[38;5;3m +0ms[39m
[32m[Nest] 213540  - [39m01/05/2026, 12:12:30 AM [32m    LOG[39m [38;5;3m[RoutesResolver] [39m[32mUsersController {/admin/users}:[39m[38;5;3m +0ms[39m
[32m[Nest] 213540  - [39m01/05/2026, 12:12:30 AM [32m    LOG[39m [38;5;3m[RouterExplorer] [39m[32mMapped {/admin/users, GET} route[39m[38;5;3m +0ms[39m
[32m[Nest] 213540  - [39m01/05/2026, 12:12:30 AM [32m    LOG[39m [38;5;3m[RouterExplorer] [39m[32mMapped {/admin/users/:id, GET} route[39m[38;5;3m +0ms[39m
[32m[Nest] 213540  - [39m01/05/2026, 12:12:30 AM [32m    LOG[39m [38;5;3m[RoutesResolver] [39m[32mBookingsController {/api/admin/bookings}:[39m[38;5;3m +0ms[39m
[32m[Nest] 213540  - [39m01/05/2026, 12:12:30 AM [32m    LOG[39m [38;5;3m[RouterExplorer] [39m[32mMapped {/api/admin/bookings, GET} route[39m[38;5;3m +0ms[39m
[32m[Nest] 213540  - [39m01/05/2026, 12:12:30 AM [32m    LOG[39m [38;5;3m[RouterExplorer] [39m[32mMapped {/api/admin/bookings/:id, GET} route[39m[38;5;3m +1ms[39m
[32m[Nest] 213540  - [39m01/05/2026, 12:12:30 AM [32m    LOG[39m [38;5;3m[RoutesResolver] [39m[32mStatsController {/admin/stats}:[39m[38;5;3m +0ms[39m
[32m[Nest] 213540  - [39m01/05/2026, 12:12:30 AM [32m    LOG[39m [38;5;3m[RouterExplorer] [39m[32mMapped {/admin/stats/dashboard, GET} route[39m[38;5;3m +0ms[39m
[32m[Nest] 213540  - [39m01/05/2026, 12:12:30 AM [32m    LOG[39m [38;5;3m[RoutesResolver] [39m[32mCoachesController {/admin/coaches}:[39m[38;5;3m +0ms[39m
[32m[Nest] 213540  - [39m01/05/2026, 12:12:30 AM [32m    LOG[39m [38;5;3m[RouterExplorer] [39m[32mMapped {/admin/coaches, GET} route[39m[38;5;3m +0ms[39m
[32m[Nest] 213540  - [39m01/05/2026, 12:12:30 AM [32m    LOG[39m [38;5;3m[RouterExplorer] [39m[32mMapped {/admin/coaches/:id, GET} route[39m[38;5;3m +0ms[39m
[32m[Nest] 213540  - [39m01/05/2026, 12:12:30 AM [32m    LOG[39m [38;5;3m[RouterExplorer] [39m[32mMapped {/admin/coaches, POST} route[39m[38;5;3m +0ms[39m
[32m[Nest] 213540  - [39m01/05/2026, 12:12:30 AM [32m    LOG[39m [38;5;3m[RouterExplorer] [39m[32mMapped {/admin/coaches/:id, PUT} route[39m[38;5;3m +0ms[39m
[32m[Nest] 213540  - [39m01/05/2026, 12:12:30 AM [32m    LOG[39m [38;5;3m[RouterExplorer] [39m[32mMapped {/admin/coaches/:id, DELETE} route[39m[38;5;3m +0ms[39m
[32m[Nest] 213540  - [39m01/05/2026, 12:12:30 AM [32m    LOG[39m [38;5;3m[RoutesResolver] [39m[32mSeatsController {/api/admin/seats}:[39m[38;5;3m +0ms[39m
[32m[Nest] 213540  - [39m01/05/2026, 12:12:30 AM [32m    LOG[39m [38;5;3m[RouterExplorer] [39m[32mMapped {/api/admin/seats, GET} route[39m[38;5;3m +0ms[39m
[32m[Nest] 213540  - [39m01/05/2026, 12:12:30 AM [32m    LOG[39m [38;5;3m[RouterExplorer] [39m[32mMapped {/api/admin/seats/:id, GET} route[39m[38;5;3m +0ms[39m
[32m[Nest] 213540  - [39m01/05/2026, 12:12:30 AM [32m    LOG[39m [38;5;3m[RouterExplorer] [39m[32mMapped {/api/admin/seats, POST} route[39m[38;5;3m +0ms[39m
[32m[Nest] 213540  - [39m01/05/2026, 12:12:30 AM [32m    LOG[39m [38;5;3m[RouterExplorer] [39m[32mMapped {/api/admin/seats/bulk, POST} route[39m[38;5;3m +0ms[39m
[32m[Nest] 213540  - [39m01/05/2026, 12:12:30 AM [32m    LOG[39m [38;5;3m[RouterExplorer] [39m[32mMapped {/api/admin/seats/:id, PUT} route[39m[38;5;3m +0ms[39m
[32m[Nest] 213540  - [39m01/05/2026, 12:12:30 AM [32m    LOG[39m [38;5;3m[RouterExplorer] [39m[32mMapped {/api/admin/seats/:id, DELETE} route[39m[38;5;3m +0ms[39m
[32m[Nest] 213540  - [39m01/05/2026, 12:12:30 AM [32m    LOG[39m [38;5;3m[RoutesResolver] [39m[32mSettingsController {/admin/settings}:[39m[38;5;3m +0ms[39m
[32m[Nest] 213540  - [39m01/05/2026, 12:12:30 AM [32m    LOG[39m [38;5;3m[RouterExplorer] [39m[32mMapped {/admin/settings, GET} route[39m[38;5;3m +0ms[39m
[32m[Nest] 213540  - [39m01/05/2026, 12:12:30 AM [32m    LOG[39m [38;5;3m[RouterExplorer] [39m[32mMapped {/admin/settings/:key, GET} route[39m[38;5;3m +0ms[39m
[32m[Nest] 213540  - [39m01/05/2026, 12:12:30 AM [32m    LOG[39m [38;5;3m[RouterExplorer] [39m[32mMapped {/admin/settings, POST} route[39m[38;5;3m +0ms[39m
[32m[Nest] 213540  - [39m01/05/2026, 12:12:30 AM [32m    LOG[39m [38;5;3m[RouterExplorer] [39m[32mMapped {/admin/settings/:key, PUT} route[39m[38;5;3m +0ms[39m
[32m[Nest] 213540  - [39m01/05/2026, 12:12:30 AM [32m    LOG[39m [38;5;3m[RouterExplorer] [39m[32mMapped {/admin/settings/:key, DELETE} route[39m[38;5;3m +1ms[39m
[32m[Nest] 213540  - [39m01/05/2026, 12:12:30 AM [32m    LOG[39m [38;5;3m[RoutesResolver] [39m[32mPaymentsController {/api/admin/payments}:[39m[38;5;3m +0ms[39m
[32m[Nest] 213540  - [39m01/05/2026, 12:12:30 AM [32m    LOG[39m [38;5;3m[RouterExplorer] [39m[32mMapped {/api/admin/payments/stats, GET} route[39m[38;5;3m +0ms[39m
[32m[Nest] 213540  - [39m01/05/2026, 12:12:30 AM [32m    LOG[39m [38;5;3m[RouterExplorer] [39m[32mMapped {/api/admin/payments, GET} route[39m[38;5;3m +0ms[39m
[32m[Nest] 213540  - [39m01/05/2026, 12:12:30 AM [32m    LOG[39m [38;5;3m[RouterExplorer] [39m[32mMapped {/api/admin/payments/:id, GET} route[39m[38;5;3m +0ms[39m
[32m[Nest] 213540  - [39m01/05/2026, 12:12:30 AM [32m    LOG[39m [38;5;3m[NestApplication] [39m[32mNest application successfully started[39m[38;5;3m +47ms[39m
[31m[Nest] 213540  - [39m01/05/2026, 12:12:30 AM [31m  ERROR[39m [38;5;3m[NestApplication] [39m[31mError: listen EADDRINUSE: address already in use :::3010[39m[38;5;3m +2ms[39m
Error: listen EADDRINUSE: address already in use :::3010
    at Server.setupListenHandle [as _listen2] (node:net:1908:16)
    at listenInCluster (node:net:1965:12)
    at Server.listen (node:net:2067:7)
    at ExpressAdapter.listen (/home/bayajidswe/My-files/my-projects/jatra-railway/node_modules/.pnpm/@nestjs+platform-express@10.4.20_@nestjs+common@10.4.20_class-transformer@0.5.1_class-v_bd7e093f0b2f45f3454d4c6bd5ff4f44/node_modules/@nestjs/platform-express/adapters/express-adapter.js:95:32)
    at /home/bayajidswe/My-files/my-projects/jatra-railway/node_modules/.pnpm/@nestjs+core@10.4.20_@nestjs+common@10.4.20_class-transformer@0.5.1_class-validator@0.1_6ee324c1921a1c6c0e69db7d70d61af1/node_modules/@nestjs/core/nest-application.js:183:30
    at new Promise (<anonymous>)
    at NestApplication.listen (/home/bayajidswe/My-files/my-projects/jatra-railway/node_modules/.pnpm/@nestjs+core@10.4.20_@nestjs+common@10.4.20_class-transformer@0.5.1_class-validator@0.1_6ee324c1921a1c6c0e69db7d70d61af1/node_modules/@nestjs/core/nest-application.js:173:16)
    at bootstrap (/home/bayajidswe/My-files/my-projects/jatra-railway/apps/admin-service/src/main.ts:45:3)
[ERROR] 00:12:30 Error: listen EADDRINUSE: address already in use :::3010
[INFO] 00:12:39 Restarting: /home/bayajidswe/My-files/my-projects/jatra-railway/apps/admin-service/src/payments/payments.controller.ts has been modified
[32m[Nest] 213771  - [39m01/05/2026, 12:12:39 AM [32m    LOG[39m [38;5;3m[NestFactory] [39m[32mStarting Nest application...[39m
[32m[Nest] 213771  - [39m01/05/2026, 12:12:39 AM [32m    LOG[39m [38;5;3m[InstanceLoader] [39m[32mAppModule dependencies initialized[39m[38;5;3m +9ms[39m
[32m[Nest] 213771  - [39m01/05/2026, 12:12:39 AM [32m    LOG[39m [38;5;3m[InstanceLoader] [39m[32mPrismaModule dependencies initialized[39m[38;5;3m +0ms[39m
[32m[Nest] 213771  - [39m01/05/2026, 12:12:39 AM [32m    LOG[39m [38;5;3m[InstanceLoader] [39m[32mConfigHostModule dependencies initialized[39m[38;5;3m +0ms[39m
[32m[Nest] 213771  - [39m01/05/2026, 12:12:39 AM [32m    LOG[39m [38;5;3m[InstanceLoader] [39m[32mTrainsModule dependencies initialized[39m[38;5;3m +1ms[39m
[32m[Nest] 213771  - [39m01/05/2026, 12:12:39 AM [32m    LOG[39m [38;5;3m[InstanceLoader] [39m[32mRoutesModule dependencies initialized[39m[38;5;3m +0ms[39m
[32m[Nest] 213771  - [39m01/05/2026, 12:12:39 AM [32m    LOG[39m [38;5;3m[InstanceLoader] [39m[32mJourneysModule dependencies initialized[39m[38;5;3m +0ms[39m
[32m[Nest] 213771  - [39m01/05/2026, 12:12:39 AM [32m    LOG[39m [38;5;3m[InstanceLoader] [39m[32mStationsModule dependencies initialized[39m[38;5;3m +0ms[39m
[32m[Nest] 213771  - [39m01/05/2026, 12:12:39 AM [32m    LOG[39m [38;5;3m[InstanceLoader] [39m[32mUsersModule dependencies initialized[39m[38;5;3m +0ms[39m
[32m[Nest] 213771  - [39m01/05/2026, 12:12:39 AM [32m    LOG[39m [38;5;3m[InstanceLoader] [39m[32mBookingsModule dependencies initialized[39m[38;5;3m +0ms[39m
[32m[Nest] 213771  - [39m01/05/2026, 12:12:39 AM [32m    LOG[39m [38;5;3m[InstanceLoader] [39m[32mStatsModule dependencies initialized[39m[38;5;3m +0ms[39m
[32m[Nest] 213771  - [39m01/05/2026, 12:12:39 AM [32m    LOG[39m [38;5;3m[InstanceLoader] [39m[32mConfigModule dependencies initialized[39m[38;5;3m +0ms[39m
[32m[Nest] 213771  - [39m01/05/2026, 12:12:39 AM [32m    LOG[39m [38;5;3m[InstanceLoader] [39m[32mCoachesModule dependencies initialized[39m[38;5;3m +0ms[39m
[32m[Nest] 213771  - [39m01/05/2026, 12:12:39 AM [32m    LOG[39m [38;5;3m[InstanceLoader] [39m[32mSeatsModule dependencies initialized[39m[38;5;3m +0ms[39m
[32m[Nest] 213771  - [39m01/05/2026, 12:12:39 AM [32m    LOG[39m [38;5;3m[InstanceLoader] [39m[32mSettingsModule dependencies initialized[39m[38;5;3m +0ms[39m
[32m[Nest] 213771  - [39m01/05/2026, 12:12:39 AM [32m    LOG[39m [38;5;3m[InstanceLoader] [39m[32mPaymentsModule dependencies initialized[39m[38;5;3m +0ms[39m
[32m[Nest] 213771  - [39m01/05/2026, 12:12:39 AM [32m    LOG[39m [38;5;3m[RoutesResolver] [39m[32mTrainsController {/admin/trains}:[39m[38;5;3m +22ms[39m
[32m[Nest] 213771  - [39m01/05/2026, 12:12:39 AM [32m    LOG[39m [38;5;3m[RouterExplorer] [39m[32mMapped {/admin/trains, GET} route[39m[38;5;3m +2ms[39m
[32m[Nest] 213771  - [39m01/05/2026, 12:12:39 AM [32m    LOG[39m [38;5;3m[RouterExplorer] [39m[32mMapped {/admin/trains/:id, GET} route[39m[38;5;3m +0ms[39m
[32m[Nest] 213771  - [39m01/05/2026, 12:12:39 AM [32m    LOG[39m [38;5;3m[RouterExplorer] [39m[32mMapped {/admin/trains, POST} route[39m[38;5;3m +0ms[39m
[32m[Nest] 213771  - [39m01/05/2026, 12:12:39 AM [32m    LOG[39m [38;5;3m[RouterExplorer] [39m[32mMapped {/admin/trains/:id, PUT} route[39m[38;5;3m +0ms[39m
[32m[Nest] 213771  - [39m01/05/2026, 12:12:39 AM [32m    LOG[39m [38;5;3m[RouterExplorer] [39m[32mMapped {/admin/trains/:id, DELETE} route[39m[38;5;3m +0ms[39m
[32m[Nest] 213771  - [39m01/05/2026, 12:12:39 AM [32m    LOG[39m [38;5;3m[RoutesResolver] [39m[32mRoutesController {/admin/routes}:[39m[38;5;3m +0ms[39m
[32m[Nest] 213771  - [39m01/05/2026, 12:12:39 AM [32m    LOG[39m [38;5;3m[RouterExplorer] [39m[32mMapped {/admin/routes, GET} route[39m[38;5;3m +0ms[39m
[32m[Nest] 213771  - [39m01/05/2026, 12:12:39 AM [32m    LOG[39m [38;5;3m[RouterExplorer] [39m[32mMapped {/admin/routes/:id, GET} route[39m[38;5;3m +0ms[39m
[32m[Nest] 213771  - [39m01/05/2026, 12:12:39 AM [32m    LOG[39m [38;5;3m[RoutesResolver] [39m[32mJourneysController {/api/admin/journeys}:[39m[38;5;3m +0ms[39m
[32m[Nest] 213771  - [39m01/05/2026, 12:12:39 AM [32m    LOG[39m [38;5;3m[RouterExplorer] [39m[32mMapped {/api/admin/journeys, GET} route[39m[38;5;3m +1ms[39m
[32m[Nest] 213771  - [39m01/05/2026, 12:12:39 AM [32m    LOG[39m [38;5;3m[RouterExplorer] [39m[32mMapped {/api/admin/journeys/:id, GET} route[39m[38;5;3m +0ms[39m
[32m[Nest] 213771  - [39m01/05/2026, 12:12:39 AM [32m    LOG[39m [38;5;3m[RoutesResolver] [39m[32mStationsController {/admin/stations}:[39m[38;5;3m +0ms[39m
[32m[Nest] 213771  - [39m01/05/2026, 12:12:39 AM [32m    LOG[39m [38;5;3m[RouterExplorer] [39m[32mMapped {/admin/stations, GET} route[39m[38;5;3m +0ms[39m
[32m[Nest] 213771  - [39m01/05/2026, 12:12:39 AM [32m    LOG[39m [38;5;3m[RoutesResolver] [39m[32mUsersController {/admin/users}:[39m[38;5;3m +0ms[39m
[32m[Nest] 213771  - [39m01/05/2026, 12:12:39 AM [32m    LOG[39m [38;5;3m[RouterExplorer] [39m[32mMapped {/admin/users, GET} route[39m[38;5;3m +0ms[39m
[32m[Nest] 213771  - [39m01/05/2026, 12:12:39 AM [32m    LOG[39m [38;5;3m[RouterExplorer] [39m[32mMapped {/admin/users/:id, GET} route[39m[38;5;3m +0ms[39m
[32m[Nest] 213771  - [39m01/05/2026, 12:12:39 AM [32m    LOG[39m [38;5;3m[RoutesResolver] [39m[32mBookingsController {/api/admin/bookings}:[39m[38;5;3m +0ms[39m
[32m[Nest] 213771  - [39m01/05/2026, 12:12:39 AM [32m    LOG[39m [38;5;3m[RouterExplorer] [39m[32mMapped {/api/admin/bookings, GET} route[39m[38;5;3m +0ms[39m
[32m[Nest] 213771  - [39m01/05/2026, 12:12:39 AM [32m    LOG[39m [38;5;3m[RouterExplorer] [39m[32mMapped {/api/admin/bookings/:id, GET} route[39m[38;5;3m +0ms[39m
[32m[Nest] 213771  - [39m01/05/2026, 12:12:39 AM [32m    LOG[39m [38;5;3m[RoutesResolver] [39m[32mStatsController {/admin/stats}:[39m[38;5;3m +1ms[39m
[32m[Nest] 213771  - [39m01/05/2026, 12:12:39 AM [32m    LOG[39m [38;5;3m[RouterExplorer] [39m[32mMapped {/admin/stats/dashboard, GET} route[39m[38;5;3m +0ms[39m
[32m[Nest] 213771  - [39m01/05/2026, 12:12:39 AM [32m    LOG[39m [38;5;3m[RoutesResolver] [39m[32mCoachesController {/admin/coaches}:[39m[38;5;3m +0ms[39m
[32m[Nest] 213771  - [39m01/05/2026, 12:12:39 AM [32m    LOG[39m [38;5;3m[RouterExplorer] [39m[32mMapped {/admin/coaches, GET} route[39m[38;5;3m +0ms[39m
[32m[Nest] 213771  - [39m01/05/2026, 12:12:39 AM [32m    LOG[39m [38;5;3m[RouterExplorer] [39m[32mMapped {/admin/coaches/:id, GET} route[39m[38;5;3m +0ms[39m
[32m[Nest] 213771  - [39m01/05/2026, 12:12:39 AM [32m    LOG[39m [38;5;3m[RouterExplorer] [39m[32mMapped {/admin/coaches, POST} route[39m[38;5;3m +0ms[39m
[32m[Nest] 213771  - [39m01/05/2026, 12:12:39 AM [32m    LOG[39m [38;5;3m[RouterExplorer] [39m[32mMapped {/admin/coaches/:id, PUT} route[39m[38;5;3m +0ms[39m
[32m[Nest] 213771  - [39m01/05/2026, 12:12:39 AM [32m    LOG[39m [38;5;3m[RouterExplorer] [39m[32mMapped {/admin/coaches/:id, DELETE} route[39m[38;5;3m +0ms[39m
[32m[Nest] 213771  - [39m01/05/2026, 12:12:39 AM [32m    LOG[39m [38;5;3m[RoutesResolver] [39m[32mSeatsController {/api/admin/seats}:[39m[38;5;3m +0ms[39m
[32m[Nest] 213771  - [39m01/05/2026, 12:12:39 AM [32m    LOG[39m [38;5;3m[RouterExplorer] [39m[32mMapped {/api/admin/seats, GET} route[39m[38;5;3m +0ms[39m
[32m[Nest] 213771  - [39m01/05/2026, 12:12:39 AM [32m    LOG[39m [38;5;3m[RouterExplorer] [39m[32mMapped {/api/admin/seats/:id, GET} route[39m[38;5;3m +0ms[39m
[32m[Nest] 213771  - [39m01/05/2026, 12:12:39 AM [32m    LOG[39m [38;5;3m[RouterExplorer] [39m[32mMapped {/api/admin/seats, POST} route[39m[38;5;3m +0ms[39m
[32m[Nest] 213771  - [39m01/05/2026, 12:12:39 AM [32m    LOG[39m [38;5;3m[RouterExplorer] [39m[32mMapped {/api/admin/seats/bulk, POST} route[39m[38;5;3m +0ms[39m
[32m[Nest] 213771  - [39m01/05/2026, 12:12:39 AM [32m    LOG[39m [38;5;3m[RouterExplorer] [39m[32mMapped {/api/admin/seats/:id, PUT} route[39m[38;5;3m +0ms[39m
[32m[Nest] 213771  - [39m01/05/2026, 12:12:39 AM [32m    LOG[39m [38;5;3m[RouterExplorer] [39m[32mMapped {/api/admin/seats/:id, DELETE} route[39m[38;5;3m +0ms[39m
[32m[Nest] 213771  - [39m01/05/2026, 12:12:39 AM [32m    LOG[39m [38;5;3m[RoutesResolver] [39m[32mSettingsController {/admin/settings}:[39m[38;5;3m +0ms[39m
[32m[Nest] 213771  - [39m01/05/2026, 12:12:39 AM [32m    LOG[39m [38;5;3m[RouterExplorer] [39m[32mMapped {/admin/settings, GET} route[39m[38;5;3m +0ms[39m
[32m[Nest] 213771  - [39m01/05/2026, 12:12:39 AM [32m    LOG[39m [38;5;3m[RouterExplorer] [39m[32mMapped {/admin/settings/:key, GET} route[39m[38;5;3m +0ms[39m
[32m[Nest] 213771  - [39m01/05/2026, 12:12:39 AM [32m    LOG[39m [38;5;3m[RouterExplorer] [39m[32mMapped {/admin/settings, POST} route[39m[38;5;3m +0ms[39m
[32m[Nest] 213771  - [39m01/05/2026, 12:12:39 AM [32m    LOG[39m [38;5;3m[RouterExplorer] [39m[32mMapped {/admin/settings/:key, PUT} route[39m[38;5;3m +0ms[39m
[32m[Nest] 213771  - [39m01/05/2026, 12:12:39 AM [32m    LOG[39m [38;5;3m[RouterExplorer] [39m[32mMapped {/admin/settings/:key, DELETE} route[39m[38;5;3m +0ms[39m
[32m[Nest] 213771  - [39m01/05/2026, 12:12:39 AM [32m    LOG[39m [38;5;3m[RoutesResolver] [39m[32mPaymentsController {/admin/payments}:[39m[38;5;3m +1ms[39m
[32m[Nest] 213771  - [39m01/05/2026, 12:12:39 AM [32m    LOG[39m [38;5;3m[RouterExplorer] [39m[32mMapped {/admin/payments/stats, GET} route[39m[38;5;3m +0ms[39m
[32m[Nest] 213771  - [39m01/05/2026, 12:12:39 AM [32m    LOG[39m [38;5;3m[RouterExplorer] [39m[32mMapped {/admin/payments, GET} route[39m[38;5;3m +0ms[39m
[32m[Nest] 213771  - [39m01/05/2026, 12:12:39 AM [32m    LOG[39m [38;5;3m[RouterExplorer] [39m[32mMapped {/admin/payments/:id, GET} route[39m[38;5;3m +0ms[39m
[32m[Nest] 213771  - [39m01/05/2026, 12:12:39 AM [32m    LOG[39m [38;5;3m[NestApplication] [39m[32mNest application successfully started[39m[38;5;3m +44ms[39m
🚀 Admin Service is running on: http://localhost:3010
📚 Swagger documentation: http://localhost:3010/api/docs
🔐 Admin operations - requires ADMIN role
[INFO] 00:12:45 Restarting: /home/bayajidswe/My-files/my-projects/jatra-railway/apps/admin-service/src/journeys/journeys.controller.ts has been modified
[32m[Nest] 213988  - [39m01/05/2026, 12:12:46 AM [32m    LOG[39m [38;5;3m[NestFactory] [39m[32mStarting Nest application...[39m
[32m[Nest] 213988  - [39m01/05/2026, 12:12:46 AM [32m    LOG[39m [38;5;3m[InstanceLoader] [39m[32mAppModule dependencies initialized[39m[38;5;3m +14ms[39m
[32m[Nest] 213988  - [39m01/05/2026, 12:12:46 AM [32m    LOG[39m [38;5;3m[InstanceLoader] [39m[32mPrismaModule dependencies initialized[39m[38;5;3m +1ms[39m
[32m[Nest] 213988  - [39m01/05/2026, 12:12:46 AM [32m    LOG[39m [38;5;3m[InstanceLoader] [39m[32mConfigHostModule dependencies initialized[39m[38;5;3m +1ms[39m
[32m[Nest] 213988  - [39m01/05/2026, 12:12:46 AM [32m    LOG[39m [38;5;3m[InstanceLoader] [39m[32mTrainsModule dependencies initialized[39m[38;5;3m +0ms[39m
[32m[Nest] 213988  - [39m01/05/2026, 12:12:46 AM [32m    LOG[39m [38;5;3m[InstanceLoader] [39m[32mRoutesModule dependencies initialized[39m[38;5;3m +0ms[39m
[32m[Nest] 213988  - [39m01/05/2026, 12:12:46 AM [32m    LOG[39m [38;5;3m[InstanceLoader] [39m[32mJourneysModule dependencies initialized[39m[38;5;3m +0ms[39m
[32m[Nest] 213988  - [39m01/05/2026, 12:12:46 AM [32m    LOG[39m [38;5;3m[InstanceLoader] [39m[32mStationsModule dependencies initialized[39m[38;5;3m +0ms[39m
[32m[Nest] 213988  - [39m01/05/2026, 12:12:46 AM [32m    LOG[39m [38;5;3m[InstanceLoader] [39m[32mUsersModule dependencies initialized[39m[38;5;3m +0ms[39m
[32m[Nest] 213988  - [39m01/05/2026, 12:12:46 AM [32m    LOG[39m [38;5;3m[InstanceLoader] [39m[32mBookingsModule dependencies initialized[39m[38;5;3m +1ms[39m
[32m[Nest] 213988  - [39m01/05/2026, 12:12:46 AM [32m    LOG[39m [38;5;3m[InstanceLoader] [39m[32mStatsModule dependencies initialized[39m[38;5;3m +0ms[39m
[32m[Nest] 213988  - [39m01/05/2026, 12:12:46 AM [32m    LOG[39m [38;5;3m[InstanceLoader] [39m[32mConfigModule dependencies initialized[39m[38;5;3m +0ms[39m
[32m[Nest] 213988  - [39m01/05/2026, 12:12:46 AM [32m    LOG[39m [38;5;3m[InstanceLoader] [39m[32mCoachesModule dependencies initialized[39m[38;5;3m +0ms[39m
[32m[Nest] 213988  - [39m01/05/2026, 12:12:46 AM [32m    LOG[39m [38;5;3m[InstanceLoader] [39m[32mSeatsModule dependencies initialized[39m[38;5;3m +0ms[39m
[32m[Nest] 213988  - [39m01/05/2026, 12:12:46 AM [32m    LOG[39m [38;5;3m[InstanceLoader] [39m[32mSettingsModule dependencies initialized[39m[38;5;3m +0ms[39m
[32m[Nest] 213988  - [39m01/05/2026, 12:12:46 AM [32m    LOG[39m [38;5;3m[InstanceLoader] [39m[32mPaymentsModule dependencies initialized[39m[38;5;3m +0ms[39m
[32m[Nest] 213988  - [39m01/05/2026, 12:12:46 AM [32m    LOG[39m [38;5;3m[RoutesResolver] [39m[32mTrainsController {/admin/trains}:[39m[38;5;3m +40ms[39m
[32m[Nest] 213988  - [39m01/05/2026, 12:12:46 AM [32m    LOG[39m [38;5;3m[RouterExplorer] [39m[32mMapped {/admin/trains, GET} route[39m[38;5;3m +2ms[39m
[32m[Nest] 213988  - [39m01/05/2026, 12:12:46 AM [32m    LOG[39m [38;5;3m[RouterExplorer] [39m[32mMapped {/admin/trains/:id, GET} route[39m[38;5;3m +0ms[39m
[32m[Nest] 213988  - [39m01/05/2026, 12:12:46 AM [32m    LOG[39m [38;5;3m[RouterExplorer] [39m[32mMapped {/admin/trains, POST} route[39m[38;5;3m +0ms[39m
[32m[Nest] 213988  - [39m01/05/2026, 12:12:46 AM [32m    LOG[39m [38;5;3m[RouterExplorer] [39m[32mMapped {/admin/trains/:id, PUT} route[39m[38;5;3m +1ms[39m
[32m[Nest] 213988  - [39m01/05/2026, 12:12:46 AM [32m    LOG[39m [38;5;3m[RouterExplorer] [39m[32mMapped {/admin/trains/:id, DELETE} route[39m[38;5;3m +0ms[39m
[32m[Nest] 213988  - [39m01/05/2026, 12:12:46 AM [32m    LOG[39m [38;5;3m[RoutesResolver] [39m[32mRoutesController {/admin/routes}:[39m[38;5;3m +0ms[39m
[32m[Nest] 213988  - [39m01/05/2026, 12:12:46 AM [32m    LOG[39m [38;5;3m[RouterExplorer] [39m[32mMapped {/admin/routes, GET} route[39m[38;5;3m +0ms[39m
[32m[Nest] 213988  - [39m01/05/2026, 12:12:46 AM [32m    LOG[39m [38;5;3m[RouterExplorer] [39m[32mMapped {/admin/routes/:id, GET} route[39m[38;5;3m +0ms[39m
[32m[Nest] 213988  - [39m01/05/2026, 12:12:46 AM [32m    LOG[39m [38;5;3m[RoutesResolver] [39m[32mJourneysController {/admin/journeys}:[39m[38;5;3m +0ms[39m
[32m[Nest] 213988  - [39m01/05/2026, 12:12:46 AM [32m    LOG[39m [38;5;3m[RouterExplorer] [39m[32mMapped {/admin/journeys, GET} route[39m[38;5;3m +1ms[39m
[32m[Nest] 213988  - [39m01/05/2026, 12:12:46 AM [32m    LOG[39m [38;5;3m[RouterExplorer] [39m[32mMapped {/admin/journeys/:id, GET} route[39m[38;5;3m +0ms[39m
[32m[Nest] 213988  - [39m01/05/2026, 12:12:46 AM [32m    LOG[39m [38;5;3m[RoutesResolver] [39m[32mStationsController {/admin/stations}:[39m[38;5;3m +0ms[39m
[32m[Nest] 213988  - [39m01/05/2026, 12:12:46 AM [32m    LOG[39m [38;5;3m[RouterExplorer] [39m[32mMapped {/admin/stations, GET} route[39m[38;5;3m +0ms[39m
[32m[Nest] 213988  - [39m01/05/2026, 12:12:46 AM [32m    LOG[39m [38;5;3m[RoutesResolver] [39m[32mUsersController {/admin/users}:[39m[38;5;3m +0ms[39m
[32m[Nest] 213988  - [39m01/05/2026, 12:12:46 AM [32m    LOG[39m [38;5;3m[RouterExplorer] [39m[32mMapped {/admin/users, GET} route[39m[38;5;3m +0ms[39m
[32m[Nest] 213988  - [39m01/05/2026, 12:12:46 AM [32m    LOG[39m [38;5;3m[RouterExplorer] [39m[32mMapped {/admin/users/:id, GET} route[39m[38;5;3m +0ms[39m
[32m[Nest] 213988  - [39m01/05/2026, 12:12:46 AM [32m    LOG[39m [38;5;3m[RoutesResolver] [39m[32mBookingsController {/api/admin/bookings}:[39m[38;5;3m +0ms[39m
[32m[Nest] 213988  - [39m01/05/2026, 12:12:46 AM [32m    LOG[39m [38;5;3m[RouterExplorer] [39m[32mMapped {/api/admin/bookings, GET} route[39m[38;5;3m +1ms[39m
[32m[Nest] 213988  - [39m01/05/2026, 12:12:46 AM [32m    LOG[39m [38;5;3m[RouterExplorer] [39m[32mMapped {/api/admin/bookings/:id, GET} route[39m[38;5;3m +0ms[39m
[32m[Nest] 213988  - [39m01/05/2026, 12:12:46 AM [32m    LOG[39m [38;5;3m[RoutesResolver] [39m[32mStatsController {/admin/stats}:[39m[38;5;3m +0ms[39m
[32m[Nest] 213988  - [39m01/05/2026, 12:12:46 AM [32m    LOG[39m [38;5;3m[RouterExplorer] [39m[32mMapped {/admin/stats/dashboard, GET} route[39m[38;5;3m +0ms[39m
[32m[Nest] 213988  - [39m01/05/2026, 12:12:46 AM [32m    LOG[39m [38;5;3m[RoutesResolver] [39m[32mCoachesController {/admin/coaches}:[39m[38;5;3m +0ms[39m
[32m[Nest] 213988  - [39m01/05/2026, 12:12:46 AM [32m    LOG[39m [38;5;3m[RouterExplorer] [39m[32mMapped {/admin/coaches, GET} route[39m[38;5;3m +0ms[39m
[32m[Nest] 213988  - [39m01/05/2026, 12:12:46 AM [32m    LOG[39m [38;5;3m[RouterExplorer] [39m[32mMapped {/admin/coaches/:id, GET} route[39m[38;5;3m +0ms[39m
[32m[Nest] 213988  - [39m01/05/2026, 12:12:46 AM [32m    LOG[39m [38;5;3m[RouterExplorer] [39m[32mMapped {/admin/coaches, POST} route[39m[38;5;3m +0ms[39m
[32m[Nest] 213988  - [39m01/05/2026, 12:12:46 AM [32m    LOG[39m [38;5;3m[RouterExplorer] [39m[32mMapped {/admin/coaches/:id, PUT} route[39m[38;5;3m +0ms[39m
[32m[Nest] 213988  - [39m01/05/2026, 12:12:46 AM [32m    LOG[39m [38;5;3m[RouterExplorer] [39m[32mMapped {/admin/coaches/:id, DELETE} route[39m[38;5;3m +0ms[39m
[32m[Nest] 213988  - [39m01/05/2026, 12:12:46 AM [32m    LOG[39m [38;5;3m[RoutesResolver] [39m[32mSeatsController {/api/admin/seats}:[39m[38;5;3m +0ms[39m
[32m[Nest] 213988  - [39m01/05/2026, 12:12:46 AM [32m    LOG[39m [38;5;3m[RouterExplorer] [39m[32mMapped {/api/admin/seats, GET} route[39m[38;5;3m +0ms[39m
[32m[Nest] 213988  - [39m01/05/2026, 12:12:46 AM [32m    LOG[39m [38;5;3m[RouterExplorer] [39m[32mMapped {/api/admin/seats/:id, GET} route[39m[38;5;3m +0ms[39m
[32m[Nest] 213988  - [39m01/05/2026, 12:12:46 AM [32m    LOG[39m [38;5;3m[RouterExplorer] [39m[32mMapped {/api/admin/seats, POST} route[39m[38;5;3m +0ms[39m
[32m[Nest] 213988  - [39m01/05/2026, 12:12:46 AM [32m    LOG[39m [38;5;3m[RouterExplorer] [39m[32mMapped {/api/admin/seats/bulk, POST} route[39m[38;5;3m +0ms[39m
[32m[Nest] 213988  - [39m01/05/2026, 12:12:46 AM [32m    LOG[39m [38;5;3m[RouterExplorer] [39m[32mMapped {/api/admin/seats/:id, PUT} route[39m[38;5;3m +0ms[39m
[32m[Nest] 213988  - [39m01/05/2026, 12:12:46 AM [32m    LOG[39m [38;5;3m[RouterExplorer] [39m[32mMapped {/api/admin/seats/:id, DELETE} route[39m[38;5;3m +0ms[39m
[32m[Nest] 213988  - [39m01/05/2026, 12:12:46 AM [32m    LOG[39m [38;5;3m[RoutesResolver] [39m[32mSettingsController {/admin/settings}:[39m[38;5;3m +0ms[39m
[32m[Nest] 213988  - [39m01/05/2026, 12:12:46 AM [32m    LOG[39m [38;5;3m[RouterExplorer] [39m[32mMapped {/admin/settings, GET} route[39m[38;5;3m +0ms[39m
[32m[Nest] 213988  - [39m01/05/2026, 12:12:46 AM [32m    LOG[39m [38;5;3m[RouterExplorer] [39m[32mMapped {/admin/settings/:key, GET} route[39m[38;5;3m +0ms[39m
[32m[Nest] 213988  - [39m01/05/2026, 12:12:46 AM [32m    LOG[39m [38;5;3m[RouterExplorer] [39m[32mMapped {/admin/settings, POST} route[39m[38;5;3m +0ms[39m
[32m[Nest] 213988  - [39m01/05/2026, 12:12:46 AM [32m    LOG[39m [38;5;3m[RouterExplorer] [39m[32mMapped {/admin/settings/:key, PUT} route[39m[38;5;3m +1ms[39m
[32m[Nest] 213988  - [39m01/05/2026, 12:12:46 AM [32m    LOG[39m [38;5;3m[RouterExplorer] [39m[32mMapped {/admin/settings/:key, DELETE} route[39m[38;5;3m +0ms[39m
[32m[Nest] 213988  - [39m01/05/2026, 12:12:46 AM [32m    LOG[39m [38;5;3m[RoutesResolver] [39m[32mPaymentsController {/admin/payments}:[39m[38;5;3m +0ms[39m
[32m[Nest] 213988  - [39m01/05/2026, 12:12:46 AM [32m    LOG[39m [38;5;3m[RouterExplorer] [39m[32mMapped {/admin/payments/stats, GET} route[39m[38;5;3m +0ms[39m
[32m[Nest] 213988  - [39m01/05/2026, 12:12:46 AM [32m    LOG[39m [38;5;3m[RouterExplorer] [39m[32mMapped {/admin/payments, GET} route[39m[38;5;3m +0ms[39m
[32m[Nest] 213988  - [39m01/05/2026, 12:12:46 AM [32m    LOG[39m [38;5;3m[RouterExplorer] [39m[32mMapped {/admin/payments/:id, GET} route[39m[38;5;3m +0ms[39m
[32m[Nest] 213988  - [39m01/05/2026, 12:12:46 AM [32m    LOG[39m [38;5;3m[NestApplication] [39m[32mNest application successfully started[39m[38;5;3m +55ms[39m
[31m[Nest] 213988  - [39m01/05/2026, 12:12:46 AM [31m  ERROR[39m [38;5;3m[NestApplication] [39m[31mError: listen EADDRINUSE: address already in use :::3010[39m[38;5;3m +1ms[39m
Error: listen EADDRINUSE: address already in use :::3010
    at Server.setupListenHandle [as _listen2] (node:net:1908:16)
    at listenInCluster (node:net:1965:12)
    at Server.listen (node:net:2067:7)
    at ExpressAdapter.listen (/home/bayajidswe/My-files/my-projects/jatra-railway/node_modules/.pnpm/@nestjs+platform-express@10.4.20_@nestjs+common@10.4.20_class-transformer@0.5.1_class-v_bd7e093f0b2f45f3454d4c6bd5ff4f44/node_modules/@nestjs/platform-express/adapters/express-adapter.js:95:32)
    at /home/bayajidswe/My-files/my-projects/jatra-railway/node_modules/.pnpm/@nestjs+core@10.4.20_@nestjs+common@10.4.20_class-transformer@0.5.1_class-validator@0.1_6ee324c1921a1c6c0e69db7d70d61af1/node_modules/@nestjs/core/nest-application.js:183:30
    at new Promise (<anonymous>)
    at NestApplication.listen (/home/bayajidswe/My-files/my-projects/jatra-railway/node_modules/.pnpm/@nestjs+core@10.4.20_@nestjs+common@10.4.20_class-transformer@0.5.1_class-validator@0.1_6ee324c1921a1c6c0e69db7d70d61af1/node_modules/@nestjs/core/nest-application.js:173:16)
    at bootstrap (/home/bayajidswe/My-files/my-projects/jatra-railway/apps/admin-service/src/main.ts:45:3)
[ERROR] 00:12:46 Error: listen EADDRINUSE: address already in use :::3010
[INFO] 00:12:49 Restarting: /home/bayajidswe/My-files/my-projects/jatra-railway/apps/admin-service/src/seats/seats.controller.ts has been modified
[32m[Nest] 214104  - [39m01/05/2026, 12:12:50 AM [32m    LOG[39m [38;5;3m[NestFactory] [39m[32mStarting Nest application...[39m
[32m[Nest] 214104  - [39m01/05/2026, 12:12:50 AM [32m    LOG[39m [38;5;3m[InstanceLoader] [39m[32mAppModule dependencies initialized[39m[38;5;3m +9ms[39m
[32m[Nest] 214104  - [39m01/05/2026, 12:12:50 AM [32m    LOG[39m [38;5;3m[InstanceLoader] [39m[32mPrismaModule dependencies initialized[39m[38;5;3m +0ms[39m
[32m[Nest] 214104  - [39m01/05/2026, 12:12:50 AM [32m    LOG[39m [38;5;3m[InstanceLoader] [39m[32mConfigHostModule dependencies initialized[39m[38;5;3m +1ms[39m
[32m[Nest] 214104  - [39m01/05/2026, 12:12:50 AM [32m    LOG[39m [38;5;3m[InstanceLoader] [39m[32mTrainsModule dependencies initialized[39m[38;5;3m +0ms[39m
[32m[Nest] 214104  - [39m01/05/2026, 12:12:50 AM [32m    LOG[39m [38;5;3m[InstanceLoader] [39m[32mRoutesModule dependencies initialized[39m[38;5;3m +0ms[39m
[32m[Nest] 214104  - [39m01/05/2026, 12:12:50 AM [32m    LOG[39m [38;5;3m[InstanceLoader] [39m[32mJourneysModule dependencies initialized[39m[38;5;3m +0ms[39m
[32m[Nest] 214104  - [39m01/05/2026, 12:12:50 AM [32m    LOG[39m [38;5;3m[InstanceLoader] [39m[32mStationsModule dependencies initialized[39m[38;5;3m +0ms[39m
[32m[Nest] 214104  - [39m01/05/2026, 12:12:50 AM [32m    LOG[39m [38;5;3m[InstanceLoader] [39m[32mUsersModule dependencies initialized[39m[38;5;3m +0ms[39m
[32m[Nest] 214104  - [39m01/05/2026, 12:12:50 AM [32m    LOG[39m [38;5;3m[InstanceLoader] [39m[32mBookingsModule dependencies initialized[39m[38;5;3m +0ms[39m
[32m[Nest] 214104  - [39m01/05/2026, 12:12:50 AM [32m    LOG[39m [38;5;3m[InstanceLoader] [39m[32mStatsModule dependencies initialized[39m[38;5;3m +0ms[39m
[32m[Nest] 214104  - [39m01/05/2026, 12:12:50 AM [32m    LOG[39m [38;5;3m[InstanceLoader] [39m[32mConfigModule dependencies initialized[39m[38;5;3m +0ms[39m
[32m[Nest] 214104  - [39m01/05/2026, 12:12:50 AM [32m    LOG[39m [38;5;3m[InstanceLoader] [39m[32mCoachesModule dependencies initialized[39m[38;5;3m +0ms[39m
[32m[Nest] 214104  - [39m01/05/2026, 12:12:50 AM [32m    LOG[39m [38;5;3m[InstanceLoader] [39m[32mSeatsModule dependencies initialized[39m[38;5;3m +0ms[39m
[32m[Nest] 214104  - [39m01/05/2026, 12:12:50 AM [32m    LOG[39m [38;5;3m[InstanceLoader] [39m[32mSettingsModule dependencies initialized[39m[38;5;3m +0ms[39m
[32m[Nest] 214104  - [39m01/05/2026, 12:12:50 AM [32m    LOG[39m [38;5;3m[InstanceLoader] [39m[32mPaymentsModule dependencies initialized[39m[38;5;3m +1ms[39m
[32m[Nest] 214104  - [39m01/05/2026, 12:12:50 AM [32m    LOG[39m [38;5;3m[RoutesResolver] [39m[32mTrainsController {/admin/trains}:[39m[38;5;3m +22ms[39m
[32m[Nest] 214104  - [39m01/05/2026, 12:12:50 AM [32m    LOG[39m [38;5;3m[RouterExplorer] [39m[32mMapped {/admin/trains, GET} route[39m[38;5;3m +1ms[39m
[32m[Nest] 214104  - [39m01/05/2026, 12:12:50 AM [32m    LOG[39m [38;5;3m[RouterExplorer] [39m[32mMapped {/admin/trains/:id, GET} route[39m[38;5;3m +0ms[39m
[32m[Nest] 214104  - [39m01/05/2026, 12:12:50 AM [32m    LOG[39m [38;5;3m[RouterExplorer] [39m[32mMapped {/admin/trains, POST} route[39m[38;5;3m +1ms[39m
[32m[Nest] 214104  - [39m01/05/2026, 12:12:50 AM [32m    LOG[39m [38;5;3m[RouterExplorer] [39m[32mMapped {/admin/trains/:id, PUT} route[39m[38;5;3m +0ms[39m
[32m[Nest] 214104  - [39m01/05/2026, 12:12:50 AM [32m    LOG[39m [38;5;3m[RouterExplorer] [39m[32mMapped {/admin/trains/:id, DELETE} route[39m[38;5;3m +0ms[39m
[32m[Nest] 214104  - [39m01/05/2026, 12:12:50 AM [32m    LOG[39m [38;5;3m[RoutesResolver] [39m[32mRoutesController {/admin/routes}:[39m[38;5;3m +0ms[39m
[32m[Nest] 214104  - [39m01/05/2026, 12:12:50 AM [32m    LOG[39m [38;5;3m[RouterExplorer] [39m[32mMapped {/admin/routes, GET} route[39m[38;5;3m +0ms[39m
[32m[Nest] 214104  - [39m01/05/2026, 12:12:50 AM [32m    LOG[39m [38;5;3m[RouterExplorer] [39m[32mMapped {/admin/routes/:id, GET} route[39m[38;5;3m +0ms[39m
[32m[Nest] 214104  - [39m01/05/2026, 12:12:50 AM [32m    LOG[39m [38;5;3m[RoutesResolver] [39m[32mJourneysController {/admin/journeys}:[39m[38;5;3m +0ms[39m
[32m[Nest] 214104  - [39m01/05/2026, 12:12:50 AM [32m    LOG[39m [38;5;3m[RouterExplorer] [39m[32mMapped {/admin/journeys, GET} route[39m[38;5;3m +0ms[39m
[32m[Nest] 214104  - [39m01/05/2026, 12:12:50 AM [32m    LOG[39m [38;5;3m[RouterExplorer] [39m[32mMapped {/admin/journeys/:id, GET} route[39m[38;5;3m +1ms[39m
[32m[Nest] 214104  - [39m01/05/2026, 12:12:50 AM [32m    LOG[39m [38;5;3m[RoutesResolver] [39m[32mStationsController {/admin/stations}:[39m[38;5;3m +0ms[39m
[32m[Nest] 214104  - [39m01/05/2026, 12:12:50 AM [32m    LOG[39m [38;5;3m[RouterExplorer] [39m[32mMapped {/admin/stations, GET} route[39m[38;5;3m +0ms[39m
[32m[Nest] 214104  - [39m01/05/2026, 12:12:50 AM [32m    LOG[39m [38;5;3m[RoutesResolver] [39m[32mUsersController {/admin/users}:[39m[38;5;3m +0ms[39m
[32m[Nest] 214104  - [39m01/05/2026, 12:12:50 AM [32m    LOG[39m [38;5;3m[RouterExplorer] [39m[32mMapped {/admin/users, GET} route[39m[38;5;3m +0ms[39m
[32m[Nest] 214104  - [39m01/05/2026, 12:12:50 AM [32m    LOG[39m [38;5;3m[RouterExplorer] [39m[32mMapped {/admin/users/:id, GET} route[39m[38;5;3m +0ms[39m
[32m[Nest] 214104  - [39m01/05/2026, 12:12:50 AM [32m    LOG[39m [38;5;3m[RoutesResolver] [39m[32mBookingsController {/api/admin/bookings}:[39m[38;5;3m +0ms[39m
[32m[Nest] 214104  - [39m01/05/2026, 12:12:50 AM [32m    LOG[39m [38;5;3m[RouterExplorer] [39m[32mMapped {/api/admin/bookings, GET} route[39m[38;5;3m +0ms[39m
[32m[Nest] 214104  - [39m01/05/2026, 12:12:50 AM [32m    LOG[39m [38;5;3m[RouterExplorer] [39m[32mMapped {/api/admin/bookings/:id, GET} route[39m[38;5;3m +0ms[39m
[32m[Nest] 214104  - [39m01/05/2026, 12:12:50 AM [32m    LOG[39m [38;5;3m[RoutesResolver] [39m[32mStatsController {/admin/stats}:[39m[38;5;3m +0ms[39m
[32m[Nest] 214104  - [39m01/05/2026, 12:12:50 AM [32m    LOG[39m [38;5;3m[RouterExplorer] [39m[32mMapped {/admin/stats/dashboard, GET} route[39m[38;5;3m +0ms[39m
[32m[Nest] 214104  - [39m01/05/2026, 12:12:50 AM [32m    LOG[39m [38;5;3m[RoutesResolver] [39m[32mCoachesController {/admin/coaches}:[39m[38;5;3m +0ms[39m
[32m[Nest] 214104  - [39m01/05/2026, 12:12:50 AM [32m    LOG[39m [38;5;3m[RouterExplorer] [39m[32mMapped {/admin/coaches, GET} route[39m[38;5;3m +0ms[39m
[32m[Nest] 214104  - [39m01/05/2026, 12:12:50 AM [32m    LOG[39m [38;5;3m[RouterExplorer] [39m[32mMapped {/admin/coaches/:id, GET} route[39m[38;5;3m +0ms[39m
[32m[Nest] 214104  - [39m01/05/2026, 12:12:50 AM [32m    LOG[39m [38;5;3m[RouterExplorer] [39m[32mMapped {/admin/coaches, POST} route[39m[38;5;3m +0ms[39m
[32m[Nest] 214104  - [39m01/05/2026, 12:12:50 AM [32m    LOG[39m [38;5;3m[RouterExplorer] [39m[32mMapped {/admin/coaches/:id, PUT} route[39m[38;5;3m +0ms[39m
[32m[Nest] 214104  - [39m01/05/2026, 12:12:50 AM [32m    LOG[39m [38;5;3m[RouterExplorer] [39m[32mMapped {/admin/coaches/:id, DELETE} route[39m[38;5;3m +1ms[39m
[32m[Nest] 214104  - [39m01/05/2026, 12:12:50 AM [32m    LOG[39m [38;5;3m[RoutesResolver] [39m[32mSeatsController {/admin/seats}:[39m[38;5;3m +0ms[39m
[32m[Nest] 214104  - [39m01/05/2026, 12:12:50 AM [32m    LOG[39m [38;5;3m[RouterExplorer] [39m[32mMapped {/admin/seats, GET} route[39m[38;5;3m +0ms[39m
[32m[Nest] 214104  - [39m01/05/2026, 12:12:50 AM [32m    LOG[39m [38;5;3m[RouterExplorer] [39m[32mMapped {/admin/seats/:id, GET} route[39m[38;5;3m +0ms[39m
[32m[Nest] 214104  - [39m01/05/2026, 12:12:50 AM [32m    LOG[39m [38;5;3m[RouterExplorer] [39m[32mMapped {/admin/seats, POST} route[39m[38;5;3m +0ms[39m
[32m[Nest] 214104  - [39m01/05/2026, 12:12:50 AM [32m    LOG[39m [38;5;3m[RouterExplorer] [39m[32mMapped {/admin/seats/bulk, POST} route[39m[38;5;3m +0ms[39m
[32m[Nest] 214104  - [39m01/05/2026, 12:12:50 AM [32m    LOG[39m [38;5;3m[RouterExplorer] [39m[32mMapped {/admin/seats/:id, PUT} route[39m[38;5;3m +0ms[39m
[32m[Nest] 214104  - [39m01/05/2026, 12:12:50 AM [32m    LOG[39m [38;5;3m[RouterExplorer] [39m[32mMapped {/admin/seats/:id, DELETE} route[39m[38;5;3m +0ms[39m
[32m[Nest] 214104  - [39m01/05/2026, 12:12:50 AM [32m    LOG[39m [38;5;3m[RoutesResolver] [39m[32mSettingsController {/admin/settings}:[39m[38;5;3m +0ms[39m
[32m[Nest] 214104  - [39m01/05/2026, 12:12:50 AM [32m    LOG[39m [38;5;3m[RouterExplorer] [39m[32mMapped {/admin/settings, GET} route[39m[38;5;3m +0ms[39m
[32m[Nest] 214104  - [39m01/05/2026, 12:12:50 AM [32m    LOG[39m [38;5;3m[RouterExplorer] [39m[32mMapped {/admin/settings/:key, GET} route[39m[38;5;3m +0ms[39m
[32m[Nest] 214104  - [39m01/05/2026, 12:12:50 AM [32m    LOG[39m [38;5;3m[RouterExplorer] [39m[32mMapped {/admin/settings, POST} route[39m[38;5;3m +0ms[39m
[32m[Nest] 214104  - [39m01/05/2026, 12:12:50 AM [32m    LOG[39m [38;5;3m[RouterExplorer] [39m[32mMapped {/admin/settings/:key, PUT} route[39m[38;5;3m +0ms[39m
[32m[Nest] 214104  - [39m01/05/2026, 12:12:50 AM [32m    LOG[39m [38;5;3m[RouterExplorer] [39m[32mMapped {/admin/settings/:key, DELETE} route[39m[38;5;3m +0ms[39m
[32m[Nest] 214104  - [39m01/05/2026, 12:12:50 AM [32m    LOG[39m [38;5;3m[RoutesResolver] [39m[32mPaymentsController {/admin/payments}:[39m[38;5;3m +0ms[39m
[32m[Nest] 214104  - [39m01/05/2026, 12:12:50 AM [32m    LOG[39m [38;5;3m[RouterExplorer] [39m[32mMapped {/admin/payments/stats, GET} route[39m[38;5;3m +0ms[39m
[32m[Nest] 214104  - [39m01/05/2026, 12:12:50 AM [32m    LOG[39m [38;5;3m[RouterExplorer] [39m[32mMapped {/admin/payments, GET} route[39m[38;5;3m +0ms[39m
[32m[Nest] 214104  - [39m01/05/2026, 12:12:50 AM [32m    LOG[39m [38;5;3m[RouterExplorer] [39m[32mMapped {/admin/payments/:id, GET} route[39m[38;5;3m +0ms[39m
[32m[Nest] 214104  - [39m01/05/2026, 12:12:50 AM [32m    LOG[39m [38;5;3m[NestApplication] [39m[32mNest application successfully started[39m[38;5;3m +50ms[39m
🚀 Admin Service is running on: http://localhost:3010
📚 Swagger documentation: http://localhost:3010/api/docs
🔐 Admin operations - requires ADMIN role
[INFO] 00:12:50 Restarting: /home/bayajidswe/My-files/my-projects/jatra-railway/apps/admin-service/src/bookings/bookings.controller.ts has been modified
[32m[Nest] 214186  - [39m01/05/2026, 12:12:51 AM [32m    LOG[39m [38;5;3m[NestFactory] [39m[32mStarting Nest application...[39m
[32m[Nest] 214186  - [39m01/05/2026, 12:12:51 AM [32m    LOG[39m [38;5;3m[InstanceLoader] [39m[32mAppModule dependencies initialized[39m[38;5;3m +12ms[39m
[32m[Nest] 214186  - [39m01/05/2026, 12:12:51 AM [32m    LOG[39m [38;5;3m[InstanceLoader] [39m[32mPrismaModule dependencies initialized[39m[38;5;3m +0ms[39m
[32m[Nest] 214186  - [39m01/05/2026, 12:12:51 AM [32m    LOG[39m [38;5;3m[InstanceLoader] [39m[32mConfigHostModule dependencies initialized[39m[38;5;3m +0ms[39m
[32m[Nest] 214186  - [39m01/05/2026, 12:12:51 AM [32m    LOG[39m [38;5;3m[InstanceLoader] [39m[32mTrainsModule dependencies initialized[39m[38;5;3m +1ms[39m
[32m[Nest] 214186  - [39m01/05/2026, 12:12:51 AM [32m    LOG[39m [38;5;3m[InstanceLoader] [39m[32mRoutesModule dependencies initialized[39m[38;5;3m +0ms[39m
[32m[Nest] 214186  - [39m01/05/2026, 12:12:51 AM [32m    LOG[39m [38;5;3m[InstanceLoader] [39m[32mJourneysModule dependencies initialized[39m[38;5;3m +0ms[39m
[32m[Nest] 214186  - [39m01/05/2026, 12:12:51 AM [32m    LOG[39m [38;5;3m[InstanceLoader] [39m[32mStationsModule dependencies initialized[39m[38;5;3m +0ms[39m
[32m[Nest] 214186  - [39m01/05/2026, 12:12:51 AM [32m    LOG[39m [38;5;3m[InstanceLoader] [39m[32mUsersModule dependencies initialized[39m[38;5;3m +0ms[39m
[32m[Nest] 214186  - [39m01/05/2026, 12:12:51 AM [32m    LOG[39m [38;5;3m[InstanceLoader] [39m[32mBookingsModule dependencies initialized[39m[38;5;3m +0ms[39m
[32m[Nest] 214186  - [39m01/05/2026, 12:12:51 AM [32m    LOG[39m [38;5;3m[InstanceLoader] [39m[32mStatsModule dependencies initialized[39m[38;5;3m +0ms[39m
[32m[Nest] 214186  - [39m01/05/2026, 12:12:51 AM [32m    LOG[39m [38;5;3m[InstanceLoader] [39m[32mConfigModule dependencies initialized[39m[38;5;3m +0ms[39m
[32m[Nest] 214186  - [39m01/05/2026, 12:12:51 AM [32m    LOG[39m [38;5;3m[InstanceLoader] [39m[32mCoachesModule dependencies initialized[39m[38;5;3m +0ms[39m
[32m[Nest] 214186  - [39m01/05/2026, 12:12:51 AM [32m    LOG[39m [38;5;3m[InstanceLoader] [39m[32mSeatsModule dependencies initialized[39m[38;5;3m +0ms[39m
[32m[Nest] 214186  - [39m01/05/2026, 12:12:51 AM [32m    LOG[39m [38;5;3m[InstanceLoader] [39m[32mSettingsModule dependencies initialized[39m[38;5;3m +0ms[39m
[32m[Nest] 214186  - [39m01/05/2026, 12:12:51 AM [32m    LOG[39m [38;5;3m[InstanceLoader] [39m[32mPaymentsModule dependencies initialized[39m[38;5;3m +0ms[39m
[32m[Nest] 214186  - [39m01/05/2026, 12:12:51 AM [32m    LOG[39m [38;5;3m[RoutesResolver] [39m[32mTrainsController {/admin/trains}:[39m[38;5;3m +25ms[39m
[32m[Nest] 214186  - [39m01/05/2026, 12:12:51 AM [32m    LOG[39m [38;5;3m[RouterExplorer] [39m[32mMapped {/admin/trains, GET} route[39m[38;5;3m +1ms[39m
[32m[Nest] 214186  - [39m01/05/2026, 12:12:51 AM [32m    LOG[39m [38;5;3m[RouterExplorer] [39m[32mMapped {/admin/trains/:id, GET} route[39m[38;5;3m +1ms[39m
[32m[Nest] 214186  - [39m01/05/2026, 12:12:51 AM [32m    LOG[39m [38;5;3m[RouterExplorer] [39m[32mMapped {/admin/trains, POST} route[39m[38;5;3m +0ms[39m
[32m[Nest] 214186  - [39m01/05/2026, 12:12:51 AM [32m    LOG[39m [38;5;3m[RouterExplorer] [39m[32mMapped {/admin/trains/:id, PUT} route[39m[38;5;3m +0ms[39m
[32m[Nest] 214186  - [39m01/05/2026, 12:12:51 AM [32m    LOG[39m [38;5;3m[RouterExplorer] [39m[32mMapped {/admin/trains/:id, DELETE} route[39m[38;5;3m +0ms[39m
[32m[Nest] 214186  - [39m01/05/2026, 12:12:51 AM [32m    LOG[39m [38;5;3m[RoutesResolver] [39m[32mRoutesController {/admin/routes}:[39m[38;5;3m +0ms[39m
[32m[Nest] 214186  - [39m01/05/2026, 12:12:51 AM [32m    LOG[39m [38;5;3m[RouterExplorer] [39m[32mMapped {/admin/routes, GET} route[39m[38;5;3m +0ms[39m
[32m[Nest] 214186  - [39m01/05/2026, 12:12:51 AM [32m    LOG[39m [38;5;3m[RouterExplorer] [39m[32mMapped {/admin/routes/:id, GET} route[39m[38;5;3m +0ms[39m
[32m[Nest] 214186  - [39m01/05/2026, 12:12:51 AM [32m    LOG[39m [38;5;3m[RoutesResolver] [39m[32mJourneysController {/admin/journeys}:[39m[38;5;3m +0ms[39m
[32m[Nest] 214186  - [39m01/05/2026, 12:12:51 AM [32m    LOG[39m [38;5;3m[RouterExplorer] [39m[32mMapped {/admin/journeys, GET} route[39m[38;5;3m +0ms[39m
[32m[Nest] 214186  - [39m01/05/2026, 12:12:51 AM [32m    LOG[39m [38;5;3m[RouterExplorer] [39m[32mMapped {/admin/journeys/:id, GET} route[39m[38;5;3m +1ms[39m
[32m[Nest] 214186  - [39m01/05/2026, 12:12:51 AM [32m    LOG[39m [38;5;3m[RoutesResolver] [39m[32mStationsController {/admin/stations}:[39m[38;5;3m +0ms[39m
[32m[Nest] 214186  - [39m01/05/2026, 12:12:51 AM [32m    LOG[39m [38;5;3m[RouterExplorer] [39m[32mMapped {/admin/stations, GET} route[39m[38;5;3m +0ms[39m
[32m[Nest] 214186  - [39m01/05/2026, 12:12:51 AM [32m    LOG[39m [38;5;3m[RoutesResolver] [39m[32mUsersController {/admin/users}:[39m[38;5;3m +0ms[39m
[32m[Nest] 214186  - [39m01/05/2026, 12:12:51 AM [32m    LOG[39m [38;5;3m[RouterExplorer] [39m[32mMapped {/admin/users, GET} route[39m[38;5;3m +0ms[39m
[32m[Nest] 214186  - [39m01/05/2026, 12:12:51 AM [32m    LOG[39m [38;5;3m[RouterExplorer] [39m[32mMapped {/admin/users/:id, GET} route[39m[38;5;3m +0ms[39m
[32m[Nest] 214186  - [39m01/05/2026, 12:12:51 AM [32m    LOG[39m [38;5;3m[RoutesResolver] [39m[32mBookingsController {/admin/bookings}:[39m[38;5;3m +0ms[39m
[32m[Nest] 214186  - [39m01/05/2026, 12:12:51 AM [32m    LOG[39m [38;5;3m[RouterExplorer] [39m[32mMapped {/admin/bookings, GET} route[39m[38;5;3m +0ms[39m
[32m[Nest] 214186  - [39m01/05/2026, 12:12:51 AM [32m    LOG[39m [38;5;3m[RouterExplorer] [39m[32mMapped {/admin/bookings/:id, GET} route[39m[38;5;3m +0ms[39m
[32m[Nest] 214186  - [39m01/05/2026, 12:12:51 AM [32m    LOG[39m [38;5;3m[RoutesResolver] [39m[32mStatsController {/admin/stats}:[39m[38;5;3m +0ms[39m
[32m[Nest] 214186  - [39m01/05/2026, 12:12:51 AM [32m    LOG[39m [38;5;3m[RouterExplorer] [39m[32mMapped {/admin/stats/dashboard, GET} route[39m[38;5;3m +0ms[39m
[32m[Nest] 214186  - [39m01/05/2026, 12:12:51 AM [32m    LOG[39m [38;5;3m[RoutesResolver] [39m[32mCoachesController {/admin/coaches}:[39m[38;5;3m +0ms[39m
[32m[Nest] 214186  - [39m01/05/2026, 12:12:51 AM [32m    LOG[39m [38;5;3m[RouterExplorer] [39m[32mMapped {/admin/coaches, GET} route[39m[38;5;3m +0ms[39m
[32m[Nest] 214186  - [39m01/05/2026, 12:12:51 AM [32m    LOG[39m [38;5;3m[RouterExplorer] [39m[32mMapped {/admin/coaches/:id, GET} route[39m[38;5;3m +1ms[39m
[32m[Nest] 214186  - [39m01/05/2026, 12:12:51 AM [32m    LOG[39m [38;5;3m[RouterExplorer] [39m[32mMapped {/admin/coaches, POST} route[39m[38;5;3m +0ms[39m
[32m[Nest] 214186  - [39m01/05/2026, 12:12:51 AM [32m    LOG[39m [38;5;3m[RouterExplorer] [39m[32mMapped {/admin/coaches/:id, PUT} route[39m[38;5;3m +0ms[39m
[32m[Nest] 214186  - [39m01/05/2026, 12:12:51 AM [32m    LOG[39m [38;5;3m[RouterExplorer] [39m[32mMapped {/admin/coaches/:id, DELETE} route[39m[38;5;3m +0ms[39m
[32m[Nest] 214186  - [39m01/05/2026, 12:12:51 AM [32m    LOG[39m [38;5;3m[RoutesResolver] [39m[32mSeatsController {/admin/seats}:[39m[38;5;3m +0ms[39m
[32m[Nest] 214186  - [39m01/05/2026, 12:12:51 AM [32m    LOG[39m [38;5;3m[RouterExplorer] [39m[32mMapped {/admin/seats, GET} route[39m[38;5;3m +0ms[39m
[32m[Nest] 214186  - [39m01/05/2026, 12:12:51 AM [32m    LOG[39m [38;5;3m[RouterExplorer] [39m[32mMapped {/admin/seats/:id, GET} route[39m[38;5;3m +0ms[39m
[32m[Nest] 214186  - [39m01/05/2026, 12:12:51 AM [32m    LOG[39m [38;5;3m[RouterExplorer] [39m[32mMapped {/admin/seats, POST} route[39m[38;5;3m +0ms[39m
[32m[Nest] 214186  - [39m01/05/2026, 12:12:51 AM [32m    LOG[39m [38;5;3m[RouterExplorer] [39m[32mMapped {/admin/seats/bulk, POST} route[39m[38;5;3m +0ms[39m
[32m[Nest] 214186  - [39m01/05/2026, 12:12:51 AM [32m    LOG[39m [38;5;3m[RouterExplorer] [39m[32mMapped {/admin/seats/:id, PUT} route[39m[38;5;3m +0ms[39m
[32m[Nest] 214186  - [39m01/05/2026, 12:12:51 AM [32m    LOG[39m [38;5;3m[RouterExplorer] [39m[32mMapped {/admin/seats/:id, DELETE} route[39m[38;5;3m +0ms[39m
[32m[Nest] 214186  - [39m01/05/2026, 12:12:51 AM [32m    LOG[39m [38;5;3m[RoutesResolver] [39m[32mSettingsController {/admin/settings}:[39m[38;5;3m +0ms[39m
[32m[Nest] 214186  - [39m01/05/2026, 12:12:51 AM [32m    LOG[39m [38;5;3m[RouterExplorer] [39m[32mMapped {/admin/settings, GET} route[39m[38;5;3m +0ms[39m
[32m[Nest] 214186  - [39m01/05/2026, 12:12:51 AM [32m    LOG[39m [38;5;3m[RouterExplorer] [39m[32mMapped {/admin/settings/:key, GET} route[39m[38;5;3m +0ms[39m
[32m[Nest] 214186  - [39m01/05/2026, 12:12:51 AM [32m    LOG[39m [38;5;3m[RouterExplorer] [39m[32mMapped {/admin/settings, POST} route[39m[38;5;3m +0ms[39m
[32m[Nest] 214186  - [39m01/05/2026, 12:12:51 AM [32m    LOG[39m [38;5;3m[RouterExplorer] [39m[32mMapped {/admin/settings/:key, PUT} route[39m[38;5;3m +0ms[39m
[32m[Nest] 214186  - [39m01/05/2026, 12:12:51 AM [32m    LOG[39m [38;5;3m[RouterExplorer] [39m[32mMapped {/admin/settings/:key, DELETE} route[39m[38;5;3m +0ms[39m
[32m[Nest] 214186  - [39m01/05/2026, 12:12:51 AM [32m    LOG[39m [38;5;3m[RoutesResolver] [39m[32mPaymentsController {/admin/payments}:[39m[38;5;3m +0ms[39m
[32m[Nest] 214186  - [39m01/05/2026, 12:12:51 AM [32m    LOG[39m [38;5;3m[RouterExplorer] [39m[32mMapped {/admin/payments/stats, GET} route[39m[38;5;3m +0ms[39m
[32m[Nest] 214186  - [39m01/05/2026, 12:12:51 AM [32m    LOG[39m [38;5;3m[RouterExplorer] [39m[32mMapped {/admin/payments, GET} route[39m[38;5;3m +0ms[39m
[32m[Nest] 214186  - [39m01/05/2026, 12:12:51 AM [32m    LOG[39m [38;5;3m[RouterExplorer] [39m[32mMapped {/admin/payments/:id, GET} route[39m[38;5;3m +0ms[39m
[32m[Nest] 214186  - [39m01/05/2026, 12:12:51 AM [32m    LOG[39m [38;5;3m[NestApplication] [39m[32mNest application successfully started[39m[38;5;3m +47ms[39m
🚀 Admin Service is running on: http://localhost:3010
📚 Swagger documentation: http://localhost:3010/api/docs
🔐 Admin operations - requires ADMIN role
[INFO] 00:32:14 Restarting: /home/bayajidswe/My-files/my-projects/jatra-railway/apps/admin-service/src/seats/dto/seat.dto.ts has been modified
ReferenceError: Type is not defined
    at Object.<anonymous> (/home/bayajidswe/My-files/my-projects/jatra-railway/apps/admin-service/src/seats/dto/seat.dto.ts:87:7)
    at Module._compile (node:internal/modules/cjs/loader:1529:14)
    at Module._compile (/home/bayajidswe/My-files/my-projects/jatra-railway/node_modules/.pnpm/source-map-support@0.5.21/node_modules/source-map-support/source-map-support.js:568:25)
    at Module.m._compile (/tmp/ts-node-dev-hook-2914869903142008.js:69:33)
    at Module._extensions..js (node:internal/modules/cjs/loader:1613:10)
    at require.extensions..jsx.require.extensions..js (/tmp/ts-node-dev-hook-2914869903142008.js:114:20)
    at require.extensions.<computed> (/tmp/ts-node-dev-hook-2914869903142008.js:71:20)
    at Object.nodeDevHook [as .ts] (/home/bayajidswe/My-files/my-projects/jatra-railway/node_modules/.pnpm/ts-node-dev@2.0.0_@types+node@20.19.25_typescript@5.9.3/node_modules/ts-node-dev/lib/hook.js:63:13)
    at Module.load (node:internal/modules/cjs/loader:1275:32)
    at Function.Module._load (node:internal/modules/cjs/loader:1096:12)
[ERROR] 00:32:15 ReferenceError: Type is not defined
[INFO] 00:32:15 Restarting: /home/bayajidswe/My-files/my-projects/jatra-railway/apps/admin-service/src/seats/dto/seat.dto.ts has been modified
[32m[Nest] 233108  - [39m01/05/2026, 12:32:15 AM [32m    LOG[39m [38;5;3m[NestFactory] [39m[32mStarting Nest application...[39m
[32m[Nest] 233108  - [39m01/05/2026, 12:32:15 AM [32m    LOG[39m [38;5;3m[InstanceLoader] [39m[32mAppModule dependencies initialized[39m[38;5;3m +9ms[39m
[32m[Nest] 233108  - [39m01/05/2026, 12:32:15 AM [32m    LOG[39m [38;5;3m[InstanceLoader] [39m[32mPrismaModule dependencies initialized[39m[38;5;3m +0ms[39m
[32m[Nest] 233108  - [39m01/05/2026, 12:32:15 AM [32m    LOG[39m [38;5;3m[InstanceLoader] [39m[32mConfigHostModule dependencies initialized[39m[38;5;3m +1ms[39m
[32m[Nest] 233108  - [39m01/05/2026, 12:32:15 AM [32m    LOG[39m [38;5;3m[InstanceLoader] [39m[32mTrainsModule dependencies initialized[39m[38;5;3m +1ms[39m
[32m[Nest] 233108  - [39m01/05/2026, 12:32:15 AM [32m    LOG[39m [38;5;3m[InstanceLoader] [39m[32mRoutesModule dependencies initialized[39m[38;5;3m +0ms[39m
[32m[Nest] 233108  - [39m01/05/2026, 12:32:15 AM [32m    LOG[39m [38;5;3m[InstanceLoader] [39m[32mJourneysModule dependencies initialized[39m[38;5;3m +0ms[39m
[32m[Nest] 233108  - [39m01/05/2026, 12:32:15 AM [32m    LOG[39m [38;5;3m[InstanceLoader] [39m[32mStationsModule dependencies initialized[39m[38;5;3m +0ms[39m
[32m[Nest] 233108  - [39m01/05/2026, 12:32:15 AM [32m    LOG[39m [38;5;3m[InstanceLoader] [39m[32mUsersModule dependencies initialized[39m[38;5;3m +0ms[39m
[32m[Nest] 233108  - [39m01/05/2026, 12:32:15 AM [32m    LOG[39m [38;5;3m[InstanceLoader] [39m[32mBookingsModule dependencies initialized[39m[38;5;3m +0ms[39m
[32m[Nest] 233108  - [39m01/05/2026, 12:32:15 AM [32m    LOG[39m [38;5;3m[InstanceLoader] [39m[32mStatsModule dependencies initialized[39m[38;5;3m +0ms[39m
[32m[Nest] 233108  - [39m01/05/2026, 12:32:15 AM [32m    LOG[39m [38;5;3m[InstanceLoader] [39m[32mConfigModule dependencies initialized[39m[38;5;3m +0ms[39m
[32m[Nest] 233108  - [39m01/05/2026, 12:32:15 AM [32m    LOG[39m [38;5;3m[InstanceLoader] [39m[32mCoachesModule dependencies initialized[39m[38;5;3m +0ms[39m
[32m[Nest] 233108  - [39m01/05/2026, 12:32:15 AM [32m    LOG[39m [38;5;3m[InstanceLoader] [39m[32mSeatsModule dependencies initialized[39m[38;5;3m +0ms[39m
[32m[Nest] 233108  - [39m01/05/2026, 12:32:15 AM [32m    LOG[39m [38;5;3m[InstanceLoader] [39m[32mSettingsModule dependencies initialized[39m[38;5;3m +0ms[39m
[32m[Nest] 233108  - [39m01/05/2026, 12:32:15 AM [32m    LOG[39m [38;5;3m[InstanceLoader] [39m[32mPaymentsModule dependencies initialized[39m[38;5;3m +0ms[39m
[32m[Nest] 233108  - [39m01/05/2026, 12:32:15 AM [32m    LOG[39m [38;5;3m[RoutesResolver] [39m[32mTrainsController {/admin/trains}:[39m[38;5;3m +21ms[39m
[32m[Nest] 233108  - [39m01/05/2026, 12:32:15 AM [32m    LOG[39m [38;5;3m[RouterExplorer] [39m[32mMapped {/admin/trains, GET} route[39m[38;5;3m +2ms[39m
[32m[Nest] 233108  - [39m01/05/2026, 12:32:15 AM [32m    LOG[39m [38;5;3m[RouterExplorer] [39m[32mMapped {/admin/trains/:id, GET} route[39m[38;5;3m +0ms[39m
[32m[Nest] 233108  - [39m01/05/2026, 12:32:15 AM [32m    LOG[39m [38;5;3m[RouterExplorer] [39m[32mMapped {/admin/trains, POST} route[39m[38;5;3m +0ms[39m
[32m[Nest] 233108  - [39m01/05/2026, 12:32:15 AM [32m    LOG[39m [38;5;3m[RouterExplorer] [39m[32mMapped {/admin/trains/:id, PUT} route[39m[38;5;3m +0ms[39m
[32m[Nest] 233108  - [39m01/05/2026, 12:32:15 AM [32m    LOG[39m [38;5;3m[RouterExplorer] [39m[32mMapped {/admin/trains/:id, DELETE} route[39m[38;5;3m +1ms[39m
[32m[Nest] 233108  - [39m01/05/2026, 12:32:15 AM [32m    LOG[39m [38;5;3m[RoutesResolver] [39m[32mRoutesController {/admin/routes}:[39m[38;5;3m +0ms[39m
[32m[Nest] 233108  - [39m01/05/2026, 12:32:15 AM [32m    LOG[39m [38;5;3m[RouterExplorer] [39m[32mMapped {/admin/routes, GET} route[39m[38;5;3m +0ms[39m
[32m[Nest] 233108  - [39m01/05/2026, 12:32:15 AM [32m    LOG[39m [38;5;3m[RouterExplorer] [39m[32mMapped {/admin/routes/:id, GET} route[39m[38;5;3m +0ms[39m
[32m[Nest] 233108  - [39m01/05/2026, 12:32:15 AM [32m    LOG[39m [38;5;3m[RoutesResolver] [39m[32mJourneysController {/admin/journeys}:[39m[38;5;3m +0ms[39m
[32m[Nest] 233108  - [39m01/05/2026, 12:32:15 AM [32m    LOG[39m [38;5;3m[RouterExplorer] [39m[32mMapped {/admin/journeys, GET} route[39m[38;5;3m +0ms[39m
[32m[Nest] 233108  - [39m01/05/2026, 12:32:15 AM [32m    LOG[39m [38;5;3m[RouterExplorer] [39m[32mMapped {/admin/journeys/:id, GET} route[39m[38;5;3m +0ms[39m
[32m[Nest] 233108  - [39m01/05/2026, 12:32:15 AM [32m    LOG[39m [38;5;3m[RoutesResolver] [39m[32mStationsController {/admin/stations}:[39m[38;5;3m +0ms[39m
[32m[Nest] 233108  - [39m01/05/2026, 12:32:15 AM [32m    LOG[39m [38;5;3m[RouterExplorer] [39m[32mMapped {/admin/stations, GET} route[39m[38;5;3m +0ms[39m
[32m[Nest] 233108  - [39m01/05/2026, 12:32:15 AM [32m    LOG[39m [38;5;3m[RoutesResolver] [39m[32mUsersController {/admin/users}:[39m[38;5;3m +0ms[39m
[32m[Nest] 233108  - [39m01/05/2026, 12:32:15 AM [32m    LOG[39m [38;5;3m[RouterExplorer] [39m[32mMapped {/admin/users, GET} route[39m[38;5;3m +1ms[39m
[32m[Nest] 233108  - [39m01/05/2026, 12:32:15 AM [32m    LOG[39m [38;5;3m[RouterExplorer] [39m[32mMapped {/admin/users/:id, GET} route[39m[38;5;3m +0ms[39m
[32m[Nest] 233108  - [39m01/05/2026, 12:32:15 AM [32m    LOG[39m [38;5;3m[RoutesResolver] [39m[32mBookingsController {/admin/bookings}:[39m[38;5;3m +0ms[39m
[32m[Nest] 233108  - [39m01/05/2026, 12:32:15 AM [32m    LOG[39m [38;5;3m[RouterExplorer] [39m[32mMapped {/admin/bookings, GET} route[39m[38;5;3m +0ms[39m
[32m[Nest] 233108  - [39m01/05/2026, 12:32:15 AM [32m    LOG[39m [38;5;3m[RouterExplorer] [39m[32mMapped {/admin/bookings/:id, GET} route[39m[38;5;3m +0ms[39m
[32m[Nest] 233108  - [39m01/05/2026, 12:32:15 AM [32m    LOG[39m [38;5;3m[RoutesResolver] [39m[32mStatsController {/admin/stats}:[39m[38;5;3m +0ms[39m
[32m[Nest] 233108  - [39m01/05/2026, 12:32:15 AM [32m    LOG[39m [38;5;3m[RouterExplorer] [39m[32mMapped {/admin/stats/dashboard, GET} route[39m[38;5;3m +0ms[39m
[32m[Nest] 233108  - [39m01/05/2026, 12:32:15 AM [32m    LOG[39m [38;5;3m[RoutesResolver] [39m[32mCoachesController {/admin/coaches}:[39m[38;5;3m +0ms[39m
[32m[Nest] 233108  - [39m01/05/2026, 12:32:15 AM [32m    LOG[39m [38;5;3m[RouterExplorer] [39m[32mMapped {/admin/coaches, GET} route[39m[38;5;3m +0ms[39m
[32m[Nest] 233108  - [39m01/05/2026, 12:32:15 AM [32m    LOG[39m [38;5;3m[RouterExplorer] [39m[32mMapped {/admin/coaches/:id, GET} route[39m[38;5;3m +0ms[39m
[32m[Nest] 233108  - [39m01/05/2026, 12:32:15 AM [32m    LOG[39m [38;5;3m[RouterExplorer] [39m[32mMapped {/admin/coaches, POST} route[39m[38;5;3m +0ms[39m
[32m[Nest] 233108  - [39m01/05/2026, 12:32:15 AM [32m    LOG[39m [38;5;3m[RouterExplorer] [39m[32mMapped {/admin/coaches/:id, PUT} route[39m[38;5;3m +0ms[39m
[32m[Nest] 233108  - [39m01/05/2026, 12:32:15 AM [32m    LOG[39m [38;5;3m[RouterExplorer] [39m[32mMapped {/admin/coaches/:id, DELETE} route[39m[38;5;3m +0ms[39m
[32m[Nest] 233108  - [39m01/05/2026, 12:32:15 AM [32m    LOG[39m [38;5;3m[RoutesResolver] [39m[32mSeatsController {/admin/seats}:[39m[38;5;3m +0ms[39m
[32m[Nest] 233108  - [39m01/05/2026, 12:32:15 AM [32m    LOG[39m [38;5;3m[RouterExplorer] [39m[32mMapped {/admin/seats, GET} route[39m[38;5;3m +0ms[39m
[32m[Nest] 233108  - [39m01/05/2026, 12:32:15 AM [32m    LOG[39m [38;5;3m[RouterExplorer] [39m[32mMapped {/admin/seats/:id, GET} route[39m[38;5;3m +0ms[39m
[32m[Nest] 233108  - [39m01/05/2026, 12:32:15 AM [32m    LOG[39m [38;5;3m[RouterExplorer] [39m[32mMapped {/admin/seats, POST} route[39m[38;5;3m +1ms[39m
[32m[Nest] 233108  - [39m01/05/2026, 12:32:15 AM [32m    LOG[39m [38;5;3m[RouterExplorer] [39m[32mMapped {/admin/seats/bulk, POST} route[39m[38;5;3m +0ms[39m
[32m[Nest] 233108  - [39m01/05/2026, 12:32:15 AM [32m    LOG[39m [38;5;3m[RouterExplorer] [39m[32mMapped {/admin/seats/:id, PUT} route[39m[38;5;3m +0ms[39m
[32m[Nest] 233108  - [39m01/05/2026, 12:32:15 AM [32m    LOG[39m [38;5;3m[RouterExplorer] [39m[32mMapped {/admin/seats/:id, DELETE} route[39m[38;5;3m +0ms[39m
[32m[Nest] 233108  - [39m01/05/2026, 12:32:15 AM [32m    LOG[39m [38;5;3m[RoutesResolver] [39m[32mSettingsController {/admin/settings}:[39m[38;5;3m +0ms[39m
[32m[Nest] 233108  - [39m01/05/2026, 12:32:15 AM [32m    LOG[39m [38;5;3m[RouterExplorer] [39m[32mMapped {/admin/settings, GET} route[39m[38;5;3m +0ms[39m
[32m[Nest] 233108  - [39m01/05/2026, 12:32:15 AM [32m    LOG[39m [38;5;3m[RouterExplorer] [39m[32mMapped {/admin/settings/:key, GET} route[39m[38;5;3m +0ms[39m
[32m[Nest] 233108  - [39m01/05/2026, 12:32:15 AM [32m    LOG[39m [38;5;3m[RouterExplorer] [39m[32mMapped {/admin/settings, POST} route[39m[38;5;3m +0ms[39m
[32m[Nest] 233108  - [39m01/05/2026, 12:32:15 AM [32m    LOG[39m [38;5;3m[RouterExplorer] [39m[32mMapped {/admin/settings/:key, PUT} route[39m[38;5;3m +0ms[39m
[32m[Nest] 233108  - [39m01/05/2026, 12:32:15 AM [32m    LOG[39m [38;5;3m[RouterExplorer] [39m[32mMapped {/admin/settings/:key, DELETE} route[39m[38;5;3m +0ms[39m
[32m[Nest] 233108  - [39m01/05/2026, 12:32:15 AM [32m    LOG[39m [38;5;3m[RoutesResolver] [39m[32mPaymentsController {/admin/payments}:[39m[38;5;3m +0ms[39m
[32m[Nest] 233108  - [39m01/05/2026, 12:32:15 AM [32m    LOG[39m [38;5;3m[RouterExplorer] [39m[32mMapped {/admin/payments/stats, GET} route[39m[38;5;3m +0ms[39m
[32m[Nest] 233108  - [39m01/05/2026, 12:32:15 AM [32m    LOG[39m [38;5;3m[RouterExplorer] [39m[32mMapped {/admin/payments, GET} route[39m[38;5;3m +0ms[39m
[32m[Nest] 233108  - [39m01/05/2026, 12:32:15 AM [32m    LOG[39m [38;5;3m[RouterExplorer] [39m[32mMapped {/admin/payments/:id, GET} route[39m[38;5;3m +0ms[39m
[32m[Nest] 233108  - [39m01/05/2026, 12:32:15 AM [32m    LOG[39m [38;5;3m[NestApplication] [39m[32mNest application successfully started[39m[38;5;3m +47ms[39m
🚀 Admin Service is running on: http://localhost:3010
📚 Swagger documentation: http://localhost:3010/api/docs
🔐 Admin operations - requires ADMIN role
[INFO] 00:32:16 Restarting: /home/bayajidswe/My-files/my-projects/jatra-railway/apps/admin-service/src/trains/dto/train.dto.ts has been modified
ReferenceError: Type is not defined
    at Object.<anonymous> (/home/bayajidswe/My-files/my-projects/jatra-railway/apps/admin-service/src/trains/dto/train.dto.ts:54:7)
    at Module._compile (node:internal/modules/cjs/loader:1529:14)
    at Module._compile (/home/bayajidswe/My-files/my-projects/jatra-railway/node_modules/.pnpm/source-map-support@0.5.21/node_modules/source-map-support/source-map-support.js:568:25)
    at Module.m._compile (/tmp/ts-node-dev-hook-2914869903142008.js:69:33)
    at Module._extensions..js (node:internal/modules/cjs/loader:1613:10)
    at require.extensions..jsx.require.extensions..js (/tmp/ts-node-dev-hook-2914869903142008.js:114:20)
    at require.extensions.<computed> (/tmp/ts-node-dev-hook-2914869903142008.js:71:20)
    at Object.nodeDevHook [as .ts] (/home/bayajidswe/My-files/my-projects/jatra-railway/node_modules/.pnpm/ts-node-dev@2.0.0_@types+node@20.19.25_typescript@5.9.3/node_modules/ts-node-dev/lib/hook.js:63:13)
    at Module.load (node:internal/modules/cjs/loader:1275:32)
    at Function.Module._load (node:internal/modules/cjs/loader:1096:12)
[ERROR] 00:32:17 ReferenceError: Type is not defined
[INFO] 00:32:18 Restarting: /home/bayajidswe/My-files/my-projects/jatra-railway/apps/admin-service/src/trains/dto/train.dto.ts has been modified
[32m[Nest] 233212  - [39m01/05/2026, 12:32:18 AM [32m    LOG[39m [38;5;3m[NestFactory] [39m[32mStarting Nest application...[39m
[32m[Nest] 233212  - [39m01/05/2026, 12:32:18 AM [32m    LOG[39m [38;5;3m[InstanceLoader] [39m[32mAppModule dependencies initialized[39m[38;5;3m +13ms[39m
[32m[Nest] 233212  - [39m01/05/2026, 12:32:18 AM [32m    LOG[39m [38;5;3m[InstanceLoader] [39m[32mPrismaModule dependencies initialized[39m[38;5;3m +1ms[39m
[32m[Nest] 233212  - [39m01/05/2026, 12:32:18 AM [32m    LOG[39m [38;5;3m[InstanceLoader] [39m[32mConfigHostModule dependencies initialized[39m[38;5;3m +0ms[39m
[32m[Nest] 233212  - [39m01/05/2026, 12:32:18 AM [32m    LOG[39m [38;5;3m[InstanceLoader] [39m[32mTrainsModule dependencies initialized[39m[38;5;3m +1ms[39m
[32m[Nest] 233212  - [39m01/05/2026, 12:32:18 AM [32m    LOG[39m [38;5;3m[InstanceLoader] [39m[32mRoutesModule dependencies initialized[39m[38;5;3m +0ms[39m
[32m[Nest] 233212  - [39m01/05/2026, 12:32:18 AM [32m    LOG[39m [38;5;3m[InstanceLoader] [39m[32mJourneysModule dependencies initialized[39m[38;5;3m +0ms[39m
[32m[Nest] 233212  - [39m01/05/2026, 12:32:18 AM [32m    LOG[39m [38;5;3m[InstanceLoader] [39m[32mStationsModule dependencies initialized[39m[38;5;3m +0ms[39m
[32m[Nest] 233212  - [39m01/05/2026, 12:32:18 AM [32m    LOG[39m [38;5;3m[InstanceLoader] [39m[32mUsersModule dependencies initialized[39m[38;5;3m +0ms[39m
[32m[Nest] 233212  - [39m01/05/2026, 12:32:18 AM [32m    LOG[39m [38;5;3m[InstanceLoader] [39m[32mBookingsModule dependencies initialized[39m[38;5;3m +0ms[39m
[32m[Nest] 233212  - [39m01/05/2026, 12:32:18 AM [32m    LOG[39m [38;5;3m[InstanceLoader] [39m[32mStatsModule dependencies initialized[39m[38;5;3m +0ms[39m
[32m[Nest] 233212  - [39m01/05/2026, 12:32:18 AM [32m    LOG[39m [38;5;3m[InstanceLoader] [39m[32mConfigModule dependencies initialized[39m[38;5;3m +0ms[39m
[32m[Nest] 233212  - [39m01/05/2026, 12:32:18 AM [32m    LOG[39m [38;5;3m[InstanceLoader] [39m[32mCoachesModule dependencies initialized[39m[38;5;3m +0ms[39m
[32m[Nest] 233212  - [39m01/05/2026, 12:32:18 AM [32m    LOG[39m [38;5;3m[InstanceLoader] [39m[32mSeatsModule dependencies initialized[39m[38;5;3m +0ms[39m
[32m[Nest] 233212  - [39m01/05/2026, 12:32:18 AM [32m    LOG[39m [38;5;3m[InstanceLoader] [39m[32mSettingsModule dependencies initialized[39m[38;5;3m +0ms[39m
[32m[Nest] 233212  - [39m01/05/2026, 12:32:18 AM [32m    LOG[39m [38;5;3m[InstanceLoader] [39m[32mPaymentsModule dependencies initialized[39m[38;5;3m +0ms[39m
[32m[Nest] 233212  - [39m01/05/2026, 12:32:18 AM [32m    LOG[39m [38;5;3m[RoutesResolver] [39m[32mTrainsController {/admin/trains}:[39m[38;5;3m +17ms[39m
[32m[Nest] 233212  - [39m01/05/2026, 12:32:18 AM [32m    LOG[39m [38;5;3m[RouterExplorer] [39m[32mMapped {/admin/trains, GET} route[39m[38;5;3m +1ms[39m
[32m[Nest] 233212  - [39m01/05/2026, 12:32:18 AM [32m    LOG[39m [38;5;3m[RouterExplorer] [39m[32mMapped {/admin/trains/:id, GET} route[39m[38;5;3m +1ms[39m
[32m[Nest] 233212  - [39m01/05/2026, 12:32:18 AM [32m    LOG[39m [38;5;3m[RouterExplorer] [39m[32mMapped {/admin/trains, POST} route[39m[38;5;3m +0ms[39m
[32m[Nest] 233212  - [39m01/05/2026, 12:32:18 AM [32m    LOG[39m [38;5;3m[RouterExplorer] [39m[32mMapped {/admin/trains/:id, PUT} route[39m[38;5;3m +0ms[39m
[32m[Nest] 233212  - [39m01/05/2026, 12:32:18 AM [32m    LOG[39m [38;5;3m[RouterExplorer] [39m[32mMapped {/admin/trains/:id, DELETE} route[39m[38;5;3m +0ms[39m
[32m[Nest] 233212  - [39m01/05/2026, 12:32:18 AM [32m    LOG[39m [38;5;3m[RoutesResolver] [39m[32mRoutesController {/admin/routes}:[39m[38;5;3m +0ms[39m
[32m[Nest] 233212  - [39m01/05/2026, 12:32:18 AM [32m    LOG[39m [38;5;3m[RouterExplorer] [39m[32mMapped {/admin/routes, GET} route[39m[38;5;3m +0ms[39m
[32m[Nest] 233212  - [39m01/05/2026, 12:32:18 AM [32m    LOG[39m [38;5;3m[RouterExplorer] [39m[32mMapped {/admin/routes/:id, GET} route[39m[38;5;3m +0ms[39m
[32m[Nest] 233212  - [39m01/05/2026, 12:32:18 AM [32m    LOG[39m [38;5;3m[RoutesResolver] [39m[32mJourneysController {/admin/journeys}:[39m[38;5;3m +0ms[39m
[32m[Nest] 233212  - [39m01/05/2026, 12:32:18 AM [32m    LOG[39m [38;5;3m[RouterExplorer] [39m[32mMapped {/admin/journeys, GET} route[39m[38;5;3m +1ms[39m
[32m[Nest] 233212  - [39m01/05/2026, 12:32:18 AM [32m    LOG[39m [38;5;3m[RouterExplorer] [39m[32mMapped {/admin/journeys/:id, GET} route[39m[38;5;3m +0ms[39m
[32m[Nest] 233212  - [39m01/05/2026, 12:32:18 AM [32m    LOG[39m [38;5;3m[RoutesResolver] [39m[32mStationsController {/admin/stations}:[39m[38;5;3m +0ms[39m
[32m[Nest] 233212  - [39m01/05/2026, 12:32:18 AM [32m    LOG[39m [38;5;3m[RouterExplorer] [39m[32mMapped {/admin/stations, GET} route[39m[38;5;3m +0ms[39m
[32m[Nest] 233212  - [39m01/05/2026, 12:32:18 AM [32m    LOG[39m [38;5;3m[RoutesResolver] [39m[32mUsersController {/admin/users}:[39m[38;5;3m +0ms[39m
[32m[Nest] 233212  - [39m01/05/2026, 12:32:18 AM [32m    LOG[39m [38;5;3m[RouterExplorer] [39m[32mMapped {/admin/users, GET} route[39m[38;5;3m +0ms[39m
[32m[Nest] 233212  - [39m01/05/2026, 12:32:18 AM [32m    LOG[39m [38;5;3m[RouterExplorer] [39m[32mMapped {/admin/users/:id, GET} route[39m[38;5;3m +0ms[39m
[32m[Nest] 233212  - [39m01/05/2026, 12:32:18 AM [32m    LOG[39m [38;5;3m[RoutesResolver] [39m[32mBookingsController {/admin/bookings}:[39m[38;5;3m +0ms[39m
[32m[Nest] 233212  - [39m01/05/2026, 12:32:18 AM [32m    LOG[39m [38;5;3m[RouterExplorer] [39m[32mMapped {/admin/bookings, GET} route[39m[38;5;3m +0ms[39m
[32m[Nest] 233212  - [39m01/05/2026, 12:32:18 AM [32m    LOG[39m [38;5;3m[RouterExplorer] [39m[32mMapped {/admin/bookings/:id, GET} route[39m[38;5;3m +0ms[39m
[32m[Nest] 233212  - [39m01/05/2026, 12:32:18 AM [32m    LOG[39m [38;5;3m[RoutesResolver] [39m[32mStatsController {/admin/stats}:[39m[38;5;3m +0ms[39m
[32m[Nest] 233212  - [39m01/05/2026, 12:32:18 AM [32m    LOG[39m [38;5;3m[RouterExplorer] [39m[32mMapped {/admin/stats/dashboard, GET} route[39m[38;5;3m +1ms[39m
[32m[Nest] 233212  - [39m01/05/2026, 12:32:18 AM [32m    LOG[39m [38;5;3m[RoutesResolver] [39m[32mCoachesController {/admin/coaches}:[39m[38;5;3m +0ms[39m
[32m[Nest] 233212  - [39m01/05/2026, 12:32:18 AM [32m    LOG[39m [38;5;3m[RouterExplorer] [39m[32mMapped {/admin/coaches, GET} route[39m[38;5;3m +0ms[39m
[32m[Nest] 233212  - [39m01/05/2026, 12:32:18 AM [32m    LOG[39m [38;5;3m[RouterExplorer] [39m[32mMapped {/admin/coaches/:id, GET} route[39m[38;5;3m +0ms[39m
[32m[Nest] 233212  - [39m01/05/2026, 12:32:18 AM [32m    LOG[39m [38;5;3m[RouterExplorer] [39m[32mMapped {/admin/coaches, POST} route[39m[38;5;3m +0ms[39m
[32m[Nest] 233212  - [39m01/05/2026, 12:32:18 AM [32m    LOG[39m [38;5;3m[RouterExplorer] [39m[32mMapped {/admin/coaches/:id, PUT} route[39m[38;5;3m +0ms[39m
[32m[Nest] 233212  - [39m01/05/2026, 12:32:18 AM [32m    LOG[39m [38;5;3m[RouterExplorer] [39m[32mMapped {/admin/coaches/:id, DELETE} route[39m[38;5;3m +0ms[39m
[32m[Nest] 233212  - [39m01/05/2026, 12:32:18 AM [32m    LOG[39m [38;5;3m[RoutesResolver] [39m[32mSeatsController {/admin/seats}:[39m[38;5;3m +0ms[39m
[32m[Nest] 233212  - [39m01/05/2026, 12:32:18 AM [32m    LOG[39m [38;5;3m[RouterExplorer] [39m[32mMapped {/admin/seats, GET} route[39m[38;5;3m +0ms[39m
[32m[Nest] 233212  - [39m01/05/2026, 12:32:18 AM [32m    LOG[39m [38;5;3m[RouterExplorer] [39m[32mMapped {/admin/seats/:id, GET} route[39m[38;5;3m +0ms[39m
[32m[Nest] 233212  - [39m01/05/2026, 12:32:18 AM [32m    LOG[39m [38;5;3m[RouterExplorer] [39m[32mMapped {/admin/seats, POST} route[39m[38;5;3m +0ms[39m
[32m[Nest] 233212  - [39m01/05/2026, 12:32:18 AM [32m    LOG[39m [38;5;3m[RouterExplorer] [39m[32mMapped {/admin/seats/bulk, POST} route[39m[38;5;3m +0ms[39m
[32m[Nest] 233212  - [39m01/05/2026, 12:32:18 AM [32m    LOG[39m [38;5;3m[RouterExplorer] [39m[32mMapped {/admin/seats/:id, PUT} route[39m[38;5;3m +0ms[39m
[32m[Nest] 233212  - [39m01/05/2026, 12:32:18 AM [32m    LOG[39m [38;5;3m[RouterExplorer] [39m[32mMapped {/admin/seats/:id, DELETE} route[39m[38;5;3m +0ms[39m
[32m[Nest] 233212  - [39m01/05/2026, 12:32:18 AM [32m    LOG[39m [38;5;3m[RoutesResolver] [39m[32mSettingsController {/admin/settings}:[39m[38;5;3m +0ms[39m
[32m[Nest] 233212  - [39m01/05/2026, 12:32:18 AM [32m    LOG[39m [38;5;3m[RouterExplorer] [39m[32mMapped {/admin/settings, GET} route[39m[38;5;3m +0ms[39m
[32m[Nest] 233212  - [39m01/05/2026, 12:32:18 AM [32m    LOG[39m [38;5;3m[RouterExplorer] [39m[32mMapped {/admin/settings/:key, GET} route[39m[38;5;3m +0ms[39m
[32m[Nest] 233212  - [39m01/05/2026, 12:32:18 AM [32m    LOG[39m [38;5;3m[RouterExplorer] [39m[32mMapped {/admin/settings, POST} route[39m[38;5;3m +0ms[39m
[32m[Nest] 233212  - [39m01/05/2026, 12:32:18 AM [32m    LOG[39m [38;5;3m[RouterExplorer] [39m[32mMapped {/admin/settings/:key, PUT} route[39m[38;5;3m +0ms[39m
[32m[Nest] 233212  - [39m01/05/2026, 12:32:18 AM [32m    LOG[39m [38;5;3m[RouterExplorer] [39m[32mMapped {/admin/settings/:key, DELETE} route[39m[38;5;3m +0ms[39m
[32m[Nest] 233212  - [39m01/05/2026, 12:32:18 AM [32m    LOG[39m [38;5;3m[RoutesResolver] [39m[32mPaymentsController {/admin/payments}:[39m[38;5;3m +1ms[39m
[32m[Nest] 233212  - [39m01/05/2026, 12:32:18 AM [32m    LOG[39m [38;5;3m[RouterExplorer] [39m[32mMapped {/admin/payments/stats, GET} route[39m[38;5;3m +0ms[39m
[32m[Nest] 233212  - [39m01/05/2026, 12:32:18 AM [32m    LOG[39m [38;5;3m[RouterExplorer] [39m[32mMapped {/admin/payments, GET} route[39m[38;5;3m +0ms[39m
[32m[Nest] 233212  - [39m01/05/2026, 12:32:18 AM [32m    LOG[39m [38;5;3m[RouterExplorer] [39m[32mMapped {/admin/payments/:id, GET} route[39m[38;5;3m +0ms[39m
[32m[Nest] 233212  - [39m01/05/2026, 12:32:18 AM [32m    LOG[39m [38;5;3m[NestApplication] [39m[32mNest application successfully started[39m[38;5;3m +50ms[39m
[31m[Nest] 233212  - [39m01/05/2026, 12:32:18 AM [31m  ERROR[39m [38;5;3m[NestApplication] [39m[31mError: listen EADDRINUSE: address already in use :::3010[39m[38;5;3m +1ms[39m
Error: listen EADDRINUSE: address already in use :::3010
    at Server.setupListenHandle [as _listen2] (node:net:1908:16)
    at listenInCluster (node:net:1965:12)
    at Server.listen (node:net:2067:7)
    at ExpressAdapter.listen (/home/bayajidswe/My-files/my-projects/jatra-railway/node_modules/.pnpm/@nestjs+platform-express@10.4.20_@nestjs+common@10.4.20_class-transformer@0.5.1_class-v_bd7e093f0b2f45f3454d4c6bd5ff4f44/node_modules/@nestjs/platform-express/adapters/express-adapter.js:95:32)
    at /home/bayajidswe/My-files/my-projects/jatra-railway/node_modules/.pnpm/@nestjs+core@10.4.20_@nestjs+common@10.4.20_class-transformer@0.5.1_class-validator@0.1_6ee324c1921a1c6c0e69db7d70d61af1/node_modules/@nestjs/core/nest-application.js:183:30
    at new Promise (<anonymous>)
    at NestApplication.listen (/home/bayajidswe/My-files/my-projects/jatra-railway/node_modules/.pnpm/@nestjs+core@10.4.20_@nestjs+common@10.4.20_class-transformer@0.5.1_class-validator@0.1_6ee324c1921a1c6c0e69db7d70d61af1/node_modules/@nestjs/core/nest-application.js:173:16)
    at bootstrap (/home/bayajidswe/My-files/my-projects/jatra-railway/apps/admin-service/src/main.ts:45:3)
[ERROR] 00:32:18 Error: listen EADDRINUSE: address already in use :::3010
[INFO] 00:34:20 Restarting: /home/bayajidswe/My-files/my-projects/jatra-railway/apps/admin-service/src/coaches/dto/coach.dto.ts has been modified
ReferenceError: Type is not defined
    at Object.<anonymous> (/home/bayajidswe/My-files/my-projects/jatra-railway/apps/admin-service/src/coaches/dto/coach.dto.ts:57:7)
    at Module._compile (node:internal/modules/cjs/loader:1529:14)
    at Module._compile (/home/bayajidswe/My-files/my-projects/jatra-railway/node_modules/.pnpm/source-map-support@0.5.21/node_modules/source-map-support/source-map-support.js:568:25)
    at Module.m._compile (/tmp/ts-node-dev-hook-2914869903142008.js:69:33)
    at Module._extensions..js (node:internal/modules/cjs/loader:1613:10)
    at require.extensions..jsx.require.extensions..js (/tmp/ts-node-dev-hook-2914869903142008.js:114:20)
    at require.extensions.<computed> (/tmp/ts-node-dev-hook-2914869903142008.js:71:20)
    at Object.nodeDevHook [as .ts] (/home/bayajidswe/My-files/my-projects/jatra-railway/node_modules/.pnpm/ts-node-dev@2.0.0_@types+node@20.19.25_typescript@5.9.3/node_modules/ts-node-dev/lib/hook.js:63:13)
    at Module.load (node:internal/modules/cjs/loader:1275:32)
    at Function.Module._load (node:internal/modules/cjs/loader:1096:12)
[ERROR] 00:34:20 ReferenceError: Type is not defined
[INFO] 00:34:21 Restarting: /home/bayajidswe/My-files/my-projects/jatra-railway/apps/admin-service/src/coaches/dto/coach.dto.ts has been modified
[32m[Nest] 235700  - [39m01/05/2026, 12:34:21 AM [32m    LOG[39m [38;5;3m[NestFactory] [39m[32mStarting Nest application...[39m
[32m[Nest] 235700  - [39m01/05/2026, 12:34:21 AM [32m    LOG[39m [38;5;3m[InstanceLoader] [39m[32mAppModule dependencies initialized[39m[38;5;3m +10ms[39m
[32m[Nest] 235700  - [39m01/05/2026, 12:34:21 AM [32m    LOG[39m [38;5;3m[InstanceLoader] [39m[32mPrismaModule dependencies initialized[39m[38;5;3m +0ms[39m
[32m[Nest] 235700  - [39m01/05/2026, 12:34:21 AM [32m    LOG[39m [38;5;3m[InstanceLoader] [39m[32mConfigHostModule dependencies initialized[39m[38;5;3m +1ms[39m
[32m[Nest] 235700  - [39m01/05/2026, 12:34:21 AM [32m    LOG[39m [38;5;3m[InstanceLoader] [39m[32mTrainsModule dependencies initialized[39m[38;5;3m +0ms[39m
[32m[Nest] 235700  - [39m01/05/2026, 12:34:21 AM [32m    LOG[39m [38;5;3m[InstanceLoader] [39m[32mRoutesModule dependencies initialized[39m[38;5;3m +0ms[39m
[32m[Nest] 235700  - [39m01/05/2026, 12:34:21 AM [32m    LOG[39m [38;5;3m[InstanceLoader] [39m[32mJourneysModule dependencies initialized[39m[38;5;3m +0ms[39m
[32m[Nest] 235700  - [39m01/05/2026, 12:34:21 AM [32m    LOG[39m [38;5;3m[InstanceLoader] [39m[32mStationsModule dependencies initialized[39m[38;5;3m +0ms[39m
[32m[Nest] 235700  - [39m01/05/2026, 12:34:21 AM [32m    LOG[39m [38;5;3m[InstanceLoader] [39m[32mUsersModule dependencies initialized[39m[38;5;3m +0ms[39m
[32m[Nest] 235700  - [39m01/05/2026, 12:34:21 AM [32m    LOG[39m [38;5;3m[InstanceLoader] [39m[32mBookingsModule dependencies initialized[39m[38;5;3m +0ms[39m
[32m[Nest] 235700  - [39m01/05/2026, 12:34:21 AM [32m    LOG[39m [38;5;3m[InstanceLoader] [39m[32mStatsModule dependencies initialized[39m[38;5;3m +0ms[39m
[32m[Nest] 235700  - [39m01/05/2026, 12:34:21 AM [32m    LOG[39m [38;5;3m[InstanceLoader] [39m[32mConfigModule dependencies initialized[39m[38;5;3m +0ms[39m
[32m[Nest] 235700  - [39m01/05/2026, 12:34:21 AM [32m    LOG[39m [38;5;3m[InstanceLoader] [39m[32mCoachesModule dependencies initialized[39m[38;5;3m +0ms[39m
[32m[Nest] 235700  - [39m01/05/2026, 12:34:21 AM [32m    LOG[39m [38;5;3m[InstanceLoader] [39m[32mSeatsModule dependencies initialized[39m[38;5;3m +0ms[39m
[32m[Nest] 235700  - [39m01/05/2026, 12:34:21 AM [32m    LOG[39m [38;5;3m[InstanceLoader] [39m[32mSettingsModule dependencies initialized[39m[38;5;3m +0ms[39m
[32m[Nest] 235700  - [39m01/05/2026, 12:34:21 AM [32m    LOG[39m [38;5;3m[InstanceLoader] [39m[32mPaymentsModule dependencies initialized[39m[38;5;3m +1ms[39m
[32m[Nest] 235700  - [39m01/05/2026, 12:34:22 AM [32m    LOG[39m [38;5;3m[RoutesResolver] [39m[32mTrainsController {/admin/trains}:[39m[38;5;3m +21ms[39m
[32m[Nest] 235700  - [39m01/05/2026, 12:34:22 AM [32m    LOG[39m [38;5;3m[RouterExplorer] [39m[32mMapped {/admin/trains, GET} route[39m[38;5;3m +1ms[39m
[32m[Nest] 235700  - [39m01/05/2026, 12:34:22 AM [32m    LOG[39m [38;5;3m[RouterExplorer] [39m[32mMapped {/admin/trains/:id, GET} route[39m[38;5;3m +0ms[39m
[32m[Nest] 235700  - [39m01/05/2026, 12:34:22 AM [32m    LOG[39m [38;5;3m[RouterExplorer] [39m[32mMapped {/admin/trains, POST} route[39m[38;5;3m +1ms[39m
[32m[Nest] 235700  - [39m01/05/2026, 12:34:22 AM [32m    LOG[39m [38;5;3m[RouterExplorer] [39m[32mMapped {/admin/trains/:id, PUT} route[39m[38;5;3m +0ms[39m
[32m[Nest] 235700  - [39m01/05/2026, 12:34:22 AM [32m    LOG[39m [38;5;3m[RouterExplorer] [39m[32mMapped {/admin/trains/:id, DELETE} route[39m[38;5;3m +0ms[39m
[32m[Nest] 235700  - [39m01/05/2026, 12:34:22 AM [32m    LOG[39m [38;5;3m[RoutesResolver] [39m[32mRoutesController {/admin/routes}:[39m[38;5;3m +0ms[39m
[32m[Nest] 235700  - [39m01/05/2026, 12:34:22 AM [32m    LOG[39m [38;5;3m[RouterExplorer] [39m[32mMapped {/admin/routes, GET} route[39m[38;5;3m +0ms[39m
[32m[Nest] 235700  - [39m01/05/2026, 12:34:22 AM [32m    LOG[39m [38;5;3m[RouterExplorer] [39m[32mMapped {/admin/routes/:id, GET} route[39m[38;5;3m +0ms[39m
[32m[Nest] 235700  - [39m01/05/2026, 12:34:22 AM [32m    LOG[39m [38;5;3m[RoutesResolver] [39m[32mJourneysController {/admin/journeys}:[39m[38;5;3m +0ms[39m
[32m[Nest] 235700  - [39m01/05/2026, 12:34:22 AM [32m    LOG[39m [38;5;3m[RouterExplorer] [39m[32mMapped {/admin/journeys, GET} route[39m[38;5;3m +0ms[39m
[32m[Nest] 235700  - [39m01/05/2026, 12:34:22 AM [32m    LOG[39m [38;5;3m[RouterExplorer] [39m[32mMapped {/admin/journeys/:id, GET} route[39m[38;5;3m +1ms[39m
[32m[Nest] 235700  - [39m01/05/2026, 12:34:22 AM [32m    LOG[39m [38;5;3m[RoutesResolver] [39m[32mStationsController {/admin/stations}:[39m[38;5;3m +0ms[39m
[32m[Nest] 235700  - [39m01/05/2026, 12:34:22 AM [32m    LOG[39m [38;5;3m[RouterExplorer] [39m[32mMapped {/admin/stations, GET} route[39m[38;5;3m +0ms[39m
[32m[Nest] 235700  - [39m01/05/2026, 12:34:22 AM [32m    LOG[39m [38;5;3m[RoutesResolver] [39m[32mUsersController {/admin/users}:[39m[38;5;3m +0ms[39m
[32m[Nest] 235700  - [39m01/05/2026, 12:34:22 AM [32m    LOG[39m [38;5;3m[RouterExplorer] [39m[32mMapped {/admin/users, GET} route[39m[38;5;3m +0ms[39m
[32m[Nest] 235700  - [39m01/05/2026, 12:34:22 AM [32m    LOG[39m [38;5;3m[RouterExplorer] [39m[32mMapped {/admin/users/:id, GET} route[39m[38;5;3m +0ms[39m
[32m[Nest] 235700  - [39m01/05/2026, 12:34:22 AM [32m    LOG[39m [38;5;3m[RoutesResolver] [39m[32mBookingsController {/admin/bookings}:[39m[38;5;3m +0ms[39m
[32m[Nest] 235700  - [39m01/05/2026, 12:34:22 AM [32m    LOG[39m [38;5;3m[RouterExplorer] [39m[32mMapped {/admin/bookings, GET} route[39m[38;5;3m +0ms[39m
[32m[Nest] 235700  - [39m01/05/2026, 12:34:22 AM [32m    LOG[39m [38;5;3m[RouterExplorer] [39m[32mMapped {/admin/bookings/:id, GET} route[39m[38;5;3m +0ms[39m
[32m[Nest] 235700  - [39m01/05/2026, 12:34:22 AM [32m    LOG[39m [38;5;3m[RoutesResolver] [39m[32mStatsController {/admin/stats}:[39m[38;5;3m +0ms[39m
[32m[Nest] 235700  - [39m01/05/2026, 12:34:22 AM [32m    LOG[39m [38;5;3m[RouterExplorer] [39m[32mMapped {/admin/stats/dashboard, GET} route[39m[38;5;3m +0ms[39m
[32m[Nest] 235700  - [39m01/05/2026, 12:34:22 AM [32m    LOG[39m [38;5;3m[RoutesResolver] [39m[32mCoachesController {/admin/coaches}:[39m[38;5;3m +0ms[39m
[32m[Nest] 235700  - [39m01/05/2026, 12:34:22 AM [32m    LOG[39m [38;5;3m[RouterExplorer] [39m[32mMapped {/admin/coaches, GET} route[39m[38;5;3m +1ms[39m
[32m[Nest] 235700  - [39m01/05/2026, 12:34:22 AM [32m    LOG[39m [38;5;3m[RouterExplorer] [39m[32mMapped {/admin/coaches/:id, GET} route[39m[38;5;3m +0ms[39m
[32m[Nest] 235700  - [39m01/05/2026, 12:34:22 AM [32m    LOG[39m [38;5;3m[RouterExplorer] [39m[32mMapped {/admin/coaches, POST} route[39m[38;5;3m +0ms[39m
[32m[Nest] 235700  - [39m01/05/2026, 12:34:22 AM [32m    LOG[39m [38;5;3m[RouterExplorer] [39m[32mMapped {/admin/coaches/:id, PUT} route[39m[38;5;3m +0ms[39m
[32m[Nest] 235700  - [39m01/05/2026, 12:34:22 AM [32m    LOG[39m [38;5;3m[RouterExplorer] [39m[32mMapped {/admin/coaches/:id, DELETE} route[39m[38;5;3m +0ms[39m
[32m[Nest] 235700  - [39m01/05/2026, 12:34:22 AM [32m    LOG[39m [38;5;3m[RoutesResolver] [39m[32mSeatsController {/admin/seats}:[39m[38;5;3m +0ms[39m
[32m[Nest] 235700  - [39m01/05/2026, 12:34:22 AM [32m    LOG[39m [38;5;3m[RouterExplorer] [39m[32mMapped {/admin/seats, GET} route[39m[38;5;3m +0ms[39m
[32m[Nest] 235700  - [39m01/05/2026, 12:34:22 AM [32m    LOG[39m [38;5;3m[RouterExplorer] [39m[32mMapped {/admin/seats/:id, GET} route[39m[38;5;3m +0ms[39m
[32m[Nest] 235700  - [39m01/05/2026, 12:34:22 AM [32m    LOG[39m [38;5;3m[RouterExplorer] [39m[32mMapped {/admin/seats, POST} route[39m[38;5;3m +0ms[39m
[32m[Nest] 235700  - [39m01/05/2026, 12:34:22 AM [32m    LOG[39m [38;5;3m[RouterExplorer] [39m[32mMapped {/admin/seats/bulk, POST} route[39m[38;5;3m +0ms[39m
[32m[Nest] 235700  - [39m01/05/2026, 12:34:22 AM [32m    LOG[39m [38;5;3m[RouterExplorer] [39m[32mMapped {/admin/seats/:id, PUT} route[39m[38;5;3m +0ms[39m
[32m[Nest] 235700  - [39m01/05/2026, 12:34:22 AM [32m    LOG[39m [38;5;3m[RouterExplorer] [39m[32mMapped {/admin/seats/:id, DELETE} route[39m[38;5;3m +0ms[39m
[32m[Nest] 235700  - [39m01/05/2026, 12:34:22 AM [32m    LOG[39m [38;5;3m[RoutesResolver] [39m[32mSettingsController {/admin/settings}:[39m[38;5;3m +0ms[39m
[32m[Nest] 235700  - [39m01/05/2026, 12:34:22 AM [32m    LOG[39m [38;5;3m[RouterExplorer] [39m[32mMapped {/admin/settings, GET} route[39m[38;5;3m +0ms[39m
[32m[Nest] 235700  - [39m01/05/2026, 12:34:22 AM [32m    LOG[39m [38;5;3m[RouterExplorer] [39m[32mMapped {/admin/settings/:key, GET} route[39m[38;5;3m +0ms[39m
[32m[Nest] 235700  - [39m01/05/2026, 12:34:22 AM [32m    LOG[39m [38;5;3m[RouterExplorer] [39m[32mMapped {/admin/settings, POST} route[39m[38;5;3m +0ms[39m
[32m[Nest] 235700  - [39m01/05/2026, 12:34:22 AM [32m    LOG[39m [38;5;3m[RouterExplorer] [39m[32mMapped {/admin/settings/:key, PUT} route[39m[38;5;3m +0ms[39m
[32m[Nest] 235700  - [39m01/05/2026, 12:34:22 AM [32m    LOG[39m [38;5;3m[RouterExplorer] [39m[32mMapped {/admin/settings/:key, DELETE} route[39m[38;5;3m +0ms[39m
[32m[Nest] 235700  - [39m01/05/2026, 12:34:22 AM [32m    LOG[39m [38;5;3m[RoutesResolver] [39m[32mPaymentsController {/admin/payments}:[39m[38;5;3m +0ms[39m
[32m[Nest] 235700  - [39m01/05/2026, 12:34:22 AM [32m    LOG[39m [38;5;3m[RouterExplorer] [39m[32mMapped {/admin/payments/stats, GET} route[39m[38;5;3m +0ms[39m
[32m[Nest] 235700  - [39m01/05/2026, 12:34:22 AM [32m    LOG[39m [38;5;3m[RouterExplorer] [39m[32mMapped {/admin/payments, GET} route[39m[38;5;3m +0ms[39m
[32m[Nest] 235700  - [39m01/05/2026, 12:34:22 AM [32m    LOG[39m [38;5;3m[RouterExplorer] [39m[32mMapped {/admin/payments/:id, GET} route[39m[38;5;3m +0ms[39m
[32m[Nest] 235700  - [39m01/05/2026, 12:34:22 AM [32m    LOG[39m [38;5;3m[NestApplication] [39m[32mNest application successfully started[39m[38;5;3m +45ms[39m
[31m[Nest] 235700  - [39m01/05/2026, 12:34:22 AM [31m  ERROR[39m [38;5;3m[NestApplication] [39m[31mError: listen EADDRINUSE: address already in use :::3010[39m[38;5;3m +1ms[39m
Error: listen EADDRINUSE: address already in use :::3010
    at Server.setupListenHandle [as _listen2] (node:net:1908:16)
    at listenInCluster (node:net:1965:12)
    at Server.listen (node:net:2067:7)
    at ExpressAdapter.listen (/home/bayajidswe/My-files/my-projects/jatra-railway/node_modules/.pnpm/@nestjs+platform-express@10.4.20_@nestjs+common@10.4.20_class-transformer@0.5.1_class-v_bd7e093f0b2f45f3454d4c6bd5ff4f44/node_modules/@nestjs/platform-express/adapters/express-adapter.js:95:32)
    at /home/bayajidswe/My-files/my-projects/jatra-railway/node_modules/.pnpm/@nestjs+core@10.4.20_@nestjs+common@10.4.20_class-transformer@0.5.1_class-validator@0.1_6ee324c1921a1c6c0e69db7d70d61af1/node_modules/@nestjs/core/nest-application.js:183:30
    at new Promise (<anonymous>)
    at NestApplication.listen (/home/bayajidswe/My-files/my-projects/jatra-railway/node_modules/.pnpm/@nestjs+core@10.4.20_@nestjs+common@10.4.20_class-transformer@0.5.1_class-validator@0.1_6ee324c1921a1c6c0e69db7d70d61af1/node_modules/@nestjs/core/nest-application.js:173:16)
    at bootstrap (/home/bayajidswe/My-files/my-projects/jatra-railway/apps/admin-service/src/main.ts:45:3)
[ERROR] 00:34:22 Error: listen EADDRINUSE: address already in use :::3010
[INFO] 00:57:02 Restarting: /home/bayajidswe/My-files/my-projects/jatra-railway/apps/admin-service/src/stations/stations.service.ts has been modified
[32m[Nest] 253735  - [39m01/05/2026, 12:57:02 AM [32m    LOG[39m [38;5;3m[NestFactory] [39m[32mStarting Nest application...[39m
[32m[Nest] 253735  - [39m01/05/2026, 12:57:02 AM [32m    LOG[39m [38;5;3m[InstanceLoader] [39m[32mAppModule dependencies initialized[39m[38;5;3m +10ms[39m
[32m[Nest] 253735  - [39m01/05/2026, 12:57:02 AM [32m    LOG[39m [38;5;3m[InstanceLoader] [39m[32mPrismaModule dependencies initialized[39m[38;5;3m +0ms[39m
[32m[Nest] 253735  - [39m01/05/2026, 12:57:02 AM [32m    LOG[39m [38;5;3m[InstanceLoader] [39m[32mConfigHostModule dependencies initialized[39m[38;5;3m +1ms[39m
[32m[Nest] 253735  - [39m01/05/2026, 12:57:02 AM [32m    LOG[39m [38;5;3m[InstanceLoader] [39m[32mTrainsModule dependencies initialized[39m[38;5;3m +0ms[39m
[32m[Nest] 253735  - [39m01/05/2026, 12:57:02 AM [32m    LOG[39m [38;5;3m[InstanceLoader] [39m[32mRoutesModule dependencies initialized[39m[38;5;3m +0ms[39m
[32m[Nest] 253735  - [39m01/05/2026, 12:57:02 AM [32m    LOG[39m [38;5;3m[InstanceLoader] [39m[32mJourneysModule dependencies initialized[39m[38;5;3m +0ms[39m
[32m[Nest] 253735  - [39m01/05/2026, 12:57:02 AM [32m    LOG[39m [38;5;3m[InstanceLoader] [39m[32mStationsModule dependencies initialized[39m[38;5;3m +0ms[39m
[32m[Nest] 253735  - [39m01/05/2026, 12:57:02 AM [32m    LOG[39m [38;5;3m[InstanceLoader] [39m[32mUsersModule dependencies initialized[39m[38;5;3m +0ms[39m
[32m[Nest] 253735  - [39m01/05/2026, 12:57:02 AM [32m    LOG[39m [38;5;3m[InstanceLoader] [39m[32mBookingsModule dependencies initialized[39m[38;5;3m +0ms[39m
[32m[Nest] 253735  - [39m01/05/2026, 12:57:02 AM [32m    LOG[39m [38;5;3m[InstanceLoader] [39m[32mStatsModule dependencies initialized[39m[38;5;3m +0ms[39m
[32m[Nest] 253735  - [39m01/05/2026, 12:57:02 AM [32m    LOG[39m [38;5;3m[InstanceLoader] [39m[32mConfigModule dependencies initialized[39m[38;5;3m +0ms[39m
[32m[Nest] 253735  - [39m01/05/2026, 12:57:02 AM [32m    LOG[39m [38;5;3m[InstanceLoader] [39m[32mCoachesModule dependencies initialized[39m[38;5;3m +0ms[39m
[32m[Nest] 253735  - [39m01/05/2026, 12:57:02 AM [32m    LOG[39m [38;5;3m[InstanceLoader] [39m[32mSeatsModule dependencies initialized[39m[38;5;3m +0ms[39m
[32m[Nest] 253735  - [39m01/05/2026, 12:57:02 AM [32m    LOG[39m [38;5;3m[InstanceLoader] [39m[32mSettingsModule dependencies initialized[39m[38;5;3m +0ms[39m
[32m[Nest] 253735  - [39m01/05/2026, 12:57:02 AM [32m    LOG[39m [38;5;3m[InstanceLoader] [39m[32mPaymentsModule dependencies initialized[39m[38;5;3m +0ms[39m
[32m[Nest] 253735  - [39m01/05/2026, 12:57:02 AM [32m    LOG[39m [38;5;3m[RoutesResolver] [39m[32mTrainsController {/admin/trains}:[39m[38;5;3m +22ms[39m
[32m[Nest] 253735  - [39m01/05/2026, 12:57:02 AM [32m    LOG[39m [38;5;3m[RouterExplorer] [39m[32mMapped {/admin/trains, GET} route[39m[38;5;3m +2ms[39m
[32m[Nest] 253735  - [39m01/05/2026, 12:57:02 AM [32m    LOG[39m [38;5;3m[RouterExplorer] [39m[32mMapped {/admin/trains/:id, GET} route[39m[38;5;3m +0ms[39m
[32m[Nest] 253735  - [39m01/05/2026, 12:57:02 AM [32m    LOG[39m [38;5;3m[RouterExplorer] [39m[32mMapped {/admin/trains, POST} route[39m[38;5;3m +0ms[39m
[32m[Nest] 253735  - [39m01/05/2026, 12:57:02 AM [32m    LOG[39m [38;5;3m[RouterExplorer] [39m[32mMapped {/admin/trains/:id, PUT} route[39m[38;5;3m +0ms[39m
[32m[Nest] 253735  - [39m01/05/2026, 12:57:02 AM [32m    LOG[39m [38;5;3m[RouterExplorer] [39m[32mMapped {/admin/trains/:id, DELETE} route[39m[38;5;3m +0ms[39m
[32m[Nest] 253735  - [39m01/05/2026, 12:57:02 AM [32m    LOG[39m [38;5;3m[RoutesResolver] [39m[32mRoutesController {/admin/routes}:[39m[38;5;3m +1ms[39m
[32m[Nest] 253735  - [39m01/05/2026, 12:57:02 AM [32m    LOG[39m [38;5;3m[RouterExplorer] [39m[32mMapped {/admin/routes, GET} route[39m[38;5;3m +0ms[39m
[32m[Nest] 253735  - [39m01/05/2026, 12:57:02 AM [32m    LOG[39m [38;5;3m[RouterExplorer] [39m[32mMapped {/admin/routes/:id, GET} route[39m[38;5;3m +0ms[39m
[32m[Nest] 253735  - [39m01/05/2026, 12:57:02 AM [32m    LOG[39m [38;5;3m[RoutesResolver] [39m[32mJourneysController {/admin/journeys}:[39m[38;5;3m +0ms[39m
[32m[Nest] 253735  - [39m01/05/2026, 12:57:02 AM [32m    LOG[39m [38;5;3m[RouterExplorer] [39m[32mMapped {/admin/journeys, GET} route[39m[38;5;3m +0ms[39m
[32m[Nest] 253735  - [39m01/05/2026, 12:57:02 AM [32m    LOG[39m [38;5;3m[RouterExplorer] [39m[32mMapped {/admin/journeys/:id, GET} route[39m[38;5;3m +0ms[39m
[32m[Nest] 253735  - [39m01/05/2026, 12:57:02 AM [32m    LOG[39m [38;5;3m[RoutesResolver] [39m[32mStationsController {/admin/stations}:[39m[38;5;3m +0ms[39m
[32m[Nest] 253735  - [39m01/05/2026, 12:57:02 AM [32m    LOG[39m [38;5;3m[RouterExplorer] [39m[32mMapped {/admin/stations, GET} route[39m[38;5;3m +0ms[39m
[32m[Nest] 253735  - [39m01/05/2026, 12:57:02 AM [32m    LOG[39m [38;5;3m[RoutesResolver] [39m[32mUsersController {/admin/users}:[39m[38;5;3m +0ms[39m
[32m[Nest] 253735  - [39m01/05/2026, 12:57:02 AM [32m    LOG[39m [38;5;3m[RouterExplorer] [39m[32mMapped {/admin/users, GET} route[39m[38;5;3m +1ms[39m
[32m[Nest] 253735  - [39m01/05/2026, 12:57:02 AM [32m    LOG[39m [38;5;3m[RouterExplorer] [39m[32mMapped {/admin/users/:id, GET} route[39m[38;5;3m +0ms[39m
[32m[Nest] 253735  - [39m01/05/2026, 12:57:02 AM [32m    LOG[39m [38;5;3m[RoutesResolver] [39m[32mBookingsController {/admin/bookings}:[39m[38;5;3m +0ms[39m
[32m[Nest] 253735  - [39m01/05/2026, 12:57:02 AM [32m    LOG[39m [38;5;3m[RouterExplorer] [39m[32mMapped {/admin/bookings, GET} route[39m[38;5;3m +0ms[39m
[32m[Nest] 253735  - [39m01/05/2026, 12:57:02 AM [32m    LOG[39m [38;5;3m[RouterExplorer] [39m[32mMapped {/admin/bookings/:id, GET} route[39m[38;5;3m +0ms[39m
[32m[Nest] 253735  - [39m01/05/2026, 12:57:02 AM [32m    LOG[39m [38;5;3m[RoutesResolver] [39m[32mStatsController {/admin/stats}:[39m[38;5;3m +0ms[39m
[32m[Nest] 253735  - [39m01/05/2026, 12:57:02 AM [32m    LOG[39m [38;5;3m[RouterExplorer] [39m[32mMapped {/admin/stats/dashboard, GET} route[39m[38;5;3m +0ms[39m
[32m[Nest] 253735  - [39m01/05/2026, 12:57:02 AM [32m    LOG[39m [38;5;3m[RoutesResolver] [39m[32mCoachesController {/admin/coaches}:[39m[38;5;3m +0ms[39m
[32m[Nest] 253735  - [39m01/05/2026, 12:57:02 AM [32m    LOG[39m [38;5;3m[RouterExplorer] [39m[32mMapped {/admin/coaches, GET} route[39m[38;5;3m +0ms[39m
[32m[Nest] 253735  - [39m01/05/2026, 12:57:02 AM [32m    LOG[39m [38;5;3m[RouterExplorer] [39m[32mMapped {/admin/coaches/:id, GET} route[39m[38;5;3m +0ms[39m
[32m[Nest] 253735  - [39m01/05/2026, 12:57:02 AM [32m    LOG[39m [38;5;3m[RouterExplorer] [39m[32mMapped {/admin/coaches, POST} route[39m[38;5;3m +0ms[39m
[32m[Nest] 253735  - [39m01/05/2026, 12:57:02 AM [32m    LOG[39m [38;5;3m[RouterExplorer] [39m[32mMapped {/admin/coaches/:id, PUT} route[39m[38;5;3m +0ms[39m
[32m[Nest] 253735  - [39m01/05/2026, 12:57:02 AM [32m    LOG[39m [38;5;3m[RouterExplorer] [39m[32mMapped {/admin/coaches/:id, DELETE} route[39m[38;5;3m +0ms[39m
[32m[Nest] 253735  - [39m01/05/2026, 12:57:02 AM [32m    LOG[39m [38;5;3m[RoutesResolver] [39m[32mSeatsController {/admin/seats}:[39m[38;5;3m +0ms[39m
[32m[Nest] 253735  - [39m01/05/2026, 12:57:02 AM [32m    LOG[39m [38;5;3m[RouterExplorer] [39m[32mMapped {/admin/seats, GET} route[39m[38;5;3m +0ms[39m
[32m[Nest] 253735  - [39m01/05/2026, 12:57:02 AM [32m    LOG[39m [38;5;3m[RouterExplorer] [39m[32mMapped {/admin/seats/:id, GET} route[39m[38;5;3m +0ms[39m
[32m[Nest] 253735  - [39m01/05/2026, 12:57:02 AM [32m    LOG[39m [38;5;3m[RouterExplorer] [39m[32mMapped {/admin/seats, POST} route[39m[38;5;3m +0ms[39m
[32m[Nest] 253735  - [39m01/05/2026, 12:57:02 AM [32m    LOG[39m [38;5;3m[RouterExplorer] [39m[32mMapped {/admin/seats/bulk, POST} route[39m[38;5;3m +0ms[39m
[32m[Nest] 253735  - [39m01/05/2026, 12:57:02 AM [32m    LOG[39m [38;5;3m[RouterExplorer] [39m[32mMapped {/admin/seats/:id, PUT} route[39m[38;5;3m +0ms[39m
[32m[Nest] 253735  - [39m01/05/2026, 12:57:02 AM [32m    LOG[39m [38;5;3m[RouterExplorer] [39m[32mMapped {/admin/seats/:id, DELETE} route[39m[38;5;3m +0ms[39m
[32m[Nest] 253735  - [39m01/05/2026, 12:57:02 AM [32m    LOG[39m [38;5;3m[RoutesResolver] [39m[32mSettingsController {/admin/settings}:[39m[38;5;3m +1ms[39m
[32m[Nest] 253735  - [39m01/05/2026, 12:57:02 AM [32m    LOG[39m [38;5;3m[RouterExplorer] [39m[32mMapped {/admin/settings, GET} route[39m[38;5;3m +0ms[39m
[32m[Nest] 253735  - [39m01/05/2026, 12:57:02 AM [32m    LOG[39m [38;5;3m[RouterExplorer] [39m[32mMapped {/admin/settings/:key, GET} route[39m[38;5;3m +0ms[39m
[32m[Nest] 253735  - [39m01/05/2026, 12:57:02 AM [32m    LOG[39m [38;5;3m[RouterExplorer] [39m[32mMapped {/admin/settings, POST} route[39m[38;5;3m +0ms[39m
[32m[Nest] 253735  - [39m01/05/2026, 12:57:02 AM [32m    LOG[39m [38;5;3m[RouterExplorer] [39m[32mMapped {/admin/settings/:key, PUT} route[39m[38;5;3m +0ms[39m
[32m[Nest] 253735  - [39m01/05/2026, 12:57:02 AM [32m    LOG[39m [38;5;3m[RouterExplorer] [39m[32mMapped {/admin/settings/:key, DELETE} route[39m[38;5;3m +0ms[39m
[32m[Nest] 253735  - [39m01/05/2026, 12:57:02 AM [32m    LOG[39m [38;5;3m[RoutesResolver] [39m[32mPaymentsController {/admin/payments}:[39m[38;5;3m +0ms[39m
[32m[Nest] 253735  - [39m01/05/2026, 12:57:02 AM [32m    LOG[39m [38;5;3m[RouterExplorer] [39m[32mMapped {/admin/payments/stats, GET} route[39m[38;5;3m +0ms[39m
[32m[Nest] 253735  - [39m01/05/2026, 12:57:02 AM [32m    LOG[39m [38;5;3m[RouterExplorer] [39m[32mMapped {/admin/payments, GET} route[39m[38;5;3m +0ms[39m
[32m[Nest] 253735  - [39m01/05/2026, 12:57:02 AM [32m    LOG[39m [38;5;3m[RouterExplorer] [39m[32mMapped {/admin/payments/:id, GET} route[39m[38;5;3m +0ms[39m
[32m[Nest] 253735  - [39m01/05/2026, 12:57:02 AM [32m    LOG[39m [38;5;3m[NestApplication] [39m[32mNest application successfully started[39m[38;5;3m +72ms[39m
🚀 Admin Service is running on: http://localhost:3010
📚 Swagger documentation: http://localhost:3010/api/docs
🔐 Admin operations - requires ADMIN role
[INFO] 00:57:04 Restarting: /home/bayajidswe/My-files/my-projects/jatra-railway/apps/admin-service/src/stations/stations.controller.ts has been modified
ReferenceError: Query is not defined
    at Object.<anonymous> (/home/bayajidswe/My-files/my-projects/jatra-railway/apps/admin-service/src/stations/stations.controller.ts:12:18)
    at Module._compile (node:internal/modules/cjs/loader:1529:14)
    at Module._compile (/home/bayajidswe/My-files/my-projects/jatra-railway/node_modules/.pnpm/source-map-support@0.5.21/node_modules/source-map-support/source-map-support.js:568:25)
    at Module.m._compile (/tmp/ts-node-dev-hook-2914869903142008.js:69:33)
    at Module._extensions..js (node:internal/modules/cjs/loader:1613:10)
    at require.extensions..jsx.require.extensions..js (/tmp/ts-node-dev-hook-2914869903142008.js:114:20)
    at require.extensions.<computed> (/tmp/ts-node-dev-hook-2914869903142008.js:71:20)
    at Object.nodeDevHook [as .ts] (/home/bayajidswe/My-files/my-projects/jatra-railway/node_modules/.pnpm/ts-node-dev@2.0.0_@types+node@20.19.25_typescript@5.9.3/node_modules/ts-node-dev/lib/hook.js:63:13)
    at Module.load (node:internal/modules/cjs/loader:1275:32)
    at Function.Module._load (node:internal/modules/cjs/loader:1096:12)
[ERROR] 00:57:04 ReferenceError: Query is not defined
[INFO] 00:57:05 Restarting: /home/bayajidswe/My-files/my-projects/jatra-railway/apps/admin-service/src/stations/stations.controller.ts has been modified
[32m[Nest] 253863  - [39m01/05/2026, 12:57:06 AM [32m    LOG[39m [38;5;3m[NestFactory] [39m[32mStarting Nest application...[39m
[32m[Nest] 253863  - [39m01/05/2026, 12:57:06 AM [32m    LOG[39m [38;5;3m[InstanceLoader] [39m[32mAppModule dependencies initialized[39m[38;5;3m +13ms[39m
[32m[Nest] 253863  - [39m01/05/2026, 12:57:06 AM [32m    LOG[39m [38;5;3m[InstanceLoader] [39m[32mPrismaModule dependencies initialized[39m[38;5;3m +0ms[39m
[32m[Nest] 253863  - [39m01/05/2026, 12:57:06 AM [32m    LOG[39m [38;5;3m[InstanceLoader] [39m[32mConfigHostModule dependencies initialized[39m[38;5;3m +0ms[39m
[32m[Nest] 253863  - [39m01/05/2026, 12:57:06 AM [32m    LOG[39m [38;5;3m[InstanceLoader] [39m[32mTrainsModule dependencies initialized[39m[38;5;3m +1ms[39m
[32m[Nest] 253863  - [39m01/05/2026, 12:57:06 AM [32m    LOG[39m [38;5;3m[InstanceLoader] [39m[32mRoutesModule dependencies initialized[39m[38;5;3m +0ms[39m
[32m[Nest] 253863  - [39m01/05/2026, 12:57:06 AM [32m    LOG[39m [38;5;3m[InstanceLoader] [39m[32mJourneysModule dependencies initialized[39m[38;5;3m +0ms[39m
[32m[Nest] 253863  - [39m01/05/2026, 12:57:06 AM [32m    LOG[39m [38;5;3m[InstanceLoader] [39m[32mStationsModule dependencies initialized[39m[38;5;3m +0ms[39m
[32m[Nest] 253863  - [39m01/05/2026, 12:57:06 AM [32m    LOG[39m [38;5;3m[InstanceLoader] [39m[32mUsersModule dependencies initialized[39m[38;5;3m +0ms[39m
[32m[Nest] 253863  - [39m01/05/2026, 12:57:06 AM [32m    LOG[39m [38;5;3m[InstanceLoader] [39m[32mBookingsModule dependencies initialized[39m[38;5;3m +0ms[39m
[32m[Nest] 253863  - [39m01/05/2026, 12:57:06 AM [32m    LOG[39m [38;5;3m[InstanceLoader] [39m[32mStatsModule dependencies initialized[39m[38;5;3m +0ms[39m
[32m[Nest] 253863  - [39m01/05/2026, 12:57:06 AM [32m    LOG[39m [38;5;3m[InstanceLoader] [39m[32mConfigModule dependencies initialized[39m[38;5;3m +0ms[39m
[32m[Nest] 253863  - [39m01/05/2026, 12:57:06 AM [32m    LOG[39m [38;5;3m[InstanceLoader] [39m[32mCoachesModule dependencies initialized[39m[38;5;3m +0ms[39m
[32m[Nest] 253863  - [39m01/05/2026, 12:57:06 AM [32m    LOG[39m [38;5;3m[InstanceLoader] [39m[32mSeatsModule dependencies initialized[39m[38;5;3m +0ms[39m
[32m[Nest] 253863  - [39m01/05/2026, 12:57:06 AM [32m    LOG[39m [38;5;3m[InstanceLoader] [39m[32mSettingsModule dependencies initialized[39m[38;5;3m +0ms[39m
[32m[Nest] 253863  - [39m01/05/2026, 12:57:06 AM [32m    LOG[39m [38;5;3m[InstanceLoader] [39m[32mPaymentsModule dependencies initialized[39m[38;5;3m +0ms[39m
[32m[Nest] 253863  - [39m01/05/2026, 12:57:06 AM [32m    LOG[39m [38;5;3m[RoutesResolver] [39m[32mTrainsController {/admin/trains}:[39m[38;5;3m +18ms[39m
[32m[Nest] 253863  - [39m01/05/2026, 12:57:06 AM [32m    LOG[39m [38;5;3m[RouterExplorer] [39m[32mMapped {/admin/trains, GET} route[39m[38;5;3m +2ms[39m
[32m[Nest] 253863  - [39m01/05/2026, 12:57:06 AM [32m    LOG[39m [38;5;3m[RouterExplorer] [39m[32mMapped {/admin/trains/:id, GET} route[39m[38;5;3m +0ms[39m
[32m[Nest] 253863  - [39m01/05/2026, 12:57:06 AM [32m    LOG[39m [38;5;3m[RouterExplorer] [39m[32mMapped {/admin/trains, POST} route[39m[38;5;3m +0ms[39m
[32m[Nest] 253863  - [39m01/05/2026, 12:57:06 AM [32m    LOG[39m [38;5;3m[RouterExplorer] [39m[32mMapped {/admin/trains/:id, PUT} route[39m[38;5;3m +0ms[39m
[32m[Nest] 253863  - [39m01/05/2026, 12:57:06 AM [32m    LOG[39m [38;5;3m[RouterExplorer] [39m[32mMapped {/admin/trains/:id, DELETE} route[39m[38;5;3m +0ms[39m
[32m[Nest] 253863  - [39m01/05/2026, 12:57:06 AM [32m    LOG[39m [38;5;3m[RoutesResolver] [39m[32mRoutesController {/admin/routes}:[39m[38;5;3m +0ms[39m
[32m[Nest] 253863  - [39m01/05/2026, 12:57:06 AM [32m    LOG[39m [38;5;3m[RouterExplorer] [39m[32mMapped {/admin/routes, GET} route[39m[38;5;3m +1ms[39m
[32m[Nest] 253863  - [39m01/05/2026, 12:57:06 AM [32m    LOG[39m [38;5;3m[RouterExplorer] [39m[32mMapped {/admin/routes/:id, GET} route[39m[38;5;3m +0ms[39m
[32m[Nest] 253863  - [39m01/05/2026, 12:57:06 AM [32m    LOG[39m [38;5;3m[RoutesResolver] [39m[32mJourneysController {/admin/journeys}:[39m[38;5;3m +0ms[39m
[32m[Nest] 253863  - [39m01/05/2026, 12:57:06 AM [32m    LOG[39m [38;5;3m[RouterExplorer] [39m[32mMapped {/admin/journeys, GET} route[39m[38;5;3m +0ms[39m
[32m[Nest] 253863  - [39m01/05/2026, 12:57:06 AM [32m    LOG[39m [38;5;3m[RouterExplorer] [39m[32mMapped {/admin/journeys/:id, GET} route[39m[38;5;3m +0ms[39m
[32m[Nest] 253863  - [39m01/05/2026, 12:57:06 AM [32m    LOG[39m [38;5;3m[RoutesResolver] [39m[32mStationsController {/admin/stations}:[39m[38;5;3m +0ms[39m
[32m[Nest] 253863  - [39m01/05/2026, 12:57:06 AM [32m    LOG[39m [38;5;3m[RouterExplorer] [39m[32mMapped {/admin/stations, GET} route[39m[38;5;3m +0ms[39m
[32m[Nest] 253863  - [39m01/05/2026, 12:57:06 AM [32m    LOG[39m [38;5;3m[RoutesResolver] [39m[32mUsersController {/admin/users}:[39m[38;5;3m +0ms[39m
[32m[Nest] 253863  - [39m01/05/2026, 12:57:06 AM [32m    LOG[39m [38;5;3m[RouterExplorer] [39m[32mMapped {/admin/users, GET} route[39m[38;5;3m +0ms[39m
[32m[Nest] 253863  - [39m01/05/2026, 12:57:06 AM [32m    LOG[39m [38;5;3m[RouterExplorer] [39m[32mMapped {/admin/users/:id, GET} route[39m[38;5;3m +1ms[39m
[32m[Nest] 253863  - [39m01/05/2026, 12:57:06 AM [32m    LOG[39m [38;5;3m[RoutesResolver] [39m[32mBookingsController {/admin/bookings}:[39m[38;5;3m +0ms[39m
[32m[Nest] 253863  - [39m01/05/2026, 12:57:06 AM [32m    LOG[39m [38;5;3m[RouterExplorer] [39m[32mMapped {/admin/bookings, GET} route[39m[38;5;3m +0ms[39m
[32m[Nest] 253863  - [39m01/05/2026, 12:57:06 AM [32m    LOG[39m [38;5;3m[RouterExplorer] [39m[32mMapped {/admin/bookings/:id, GET} route[39m[38;5;3m +0ms[39m
[32m[Nest] 253863  - [39m01/05/2026, 12:57:06 AM [32m    LOG[39m [38;5;3m[RoutesResolver] [39m[32mStatsController {/admin/stats}:[39m[38;5;3m +0ms[39m
[32m[Nest] 253863  - [39m01/05/2026, 12:57:06 AM [32m    LOG[39m [38;5;3m[RouterExplorer] [39m[32mMapped {/admin/stats/dashboard, GET} route[39m[38;5;3m +0ms[39m
[32m[Nest] 253863  - [39m01/05/2026, 12:57:06 AM [32m    LOG[39m [38;5;3m[RoutesResolver] [39m[32mCoachesController {/admin/coaches}:[39m[38;5;3m +0ms[39m
[32m[Nest] 253863  - [39m01/05/2026, 12:57:06 AM [32m    LOG[39m [38;5;3m[RouterExplorer] [39m[32mMapped {/admin/coaches, GET} route[39m[38;5;3m +0ms[39m
[32m[Nest] 253863  - [39m01/05/2026, 12:57:06 AM [32m    LOG[39m [38;5;3m[RouterExplorer] [39m[32mMapped {/admin/coaches/:id, GET} route[39m[38;5;3m +0ms[39m
[32m[Nest] 253863  - [39m01/05/2026, 12:57:06 AM [32m    LOG[39m [38;5;3m[RouterExplorer] [39m[32mMapped {/admin/coaches, POST} route[39m[38;5;3m +0ms[39m
[32m[Nest] 253863  - [39m01/05/2026, 12:57:06 AM [32m    LOG[39m [38;5;3m[RouterExplorer] [39m[32mMapped {/admin/coaches/:id, PUT} route[39m[38;5;3m +0ms[39m
[32m[Nest] 253863  - [39m01/05/2026, 12:57:06 AM [32m    LOG[39m [38;5;3m[RouterExplorer] [39m[32mMapped {/admin/coaches/:id, DELETE} route[39m[38;5;3m +0ms[39m
[32m[Nest] 253863  - [39m01/05/2026, 12:57:06 AM [32m    LOG[39m [38;5;3m[RoutesResolver] [39m[32mSeatsController {/admin/seats}:[39m[38;5;3m +0ms[39m
[32m[Nest] 253863  - [39m01/05/2026, 12:57:06 AM [32m    LOG[39m [38;5;3m[RouterExplorer] [39m[32mMapped {/admin/seats, GET} route[39m[38;5;3m +0ms[39m
[32m[Nest] 253863  - [39m01/05/2026, 12:57:06 AM [32m    LOG[39m [38;5;3m[RouterExplorer] [39m[32mMapped {/admin/seats/:id, GET} route[39m[38;5;3m +0ms[39m
[32m[Nest] 253863  - [39m01/05/2026, 12:57:06 AM [32m    LOG[39m [38;5;3m[RouterExplorer] [39m[32mMapped {/admin/seats, POST} route[39m[38;5;3m +1ms[39m
[32m[Nest] 253863  - [39m01/05/2026, 12:57:06 AM [32m    LOG[39m [38;5;3m[RouterExplorer] [39m[32mMapped {/admin/seats/bulk, POST} route[39m[38;5;3m +0ms[39m
[32m[Nest] 253863  - [39m01/05/2026, 12:57:06 AM [32m    LOG[39m [38;5;3m[RouterExplorer] [39m[32mMapped {/admin/seats/:id, PUT} route[39m[38;5;3m +0ms[39m
[32m[Nest] 253863  - [39m01/05/2026, 12:57:06 AM [32m    LOG[39m [38;5;3m[RouterExplorer] [39m[32mMapped {/admin/seats/:id, DELETE} route[39m[38;5;3m +0ms[39m
[32m[Nest] 253863  - [39m01/05/2026, 12:57:06 AM [32m    LOG[39m [38;5;3m[RoutesResolver] [39m[32mSettingsController {/admin/settings}:[39m[38;5;3m +0ms[39m
[32m[Nest] 253863  - [39m01/05/2026, 12:57:06 AM [32m    LOG[39m [38;5;3m[RouterExplorer] [39m[32mMapped {/admin/settings, GET} route[39m[38;5;3m +0ms[39m
[32m[Nest] 253863  - [39m01/05/2026, 12:57:06 AM [32m    LOG[39m [38;5;3m[RouterExplorer] [39m[32mMapped {/admin/settings/:key, GET} route[39m[38;5;3m +0ms[39m
[32m[Nest] 253863  - [39m01/05/2026, 12:57:06 AM [32m    LOG[39m [38;5;3m[RouterExplorer] [39m[32mMapped {/admin/settings, POST} route[39m[38;5;3m +0ms[39m
[32m[Nest] 253863  - [39m01/05/2026, 12:57:06 AM [32m    LOG[39m [38;5;3m[RouterExplorer] [39m[32mMapped {/admin/settings/:key, PUT} route[39m[38;5;3m +0ms[39m
[32m[Nest] 253863  - [39m01/05/2026, 12:57:06 AM [32m    LOG[39m [38;5;3m[RouterExplorer] [39m[32mMapped {/admin/settings/:key, DELETE} route[39m[38;5;3m +0ms[39m
[32m[Nest] 253863  - [39m01/05/2026, 12:57:06 AM [32m    LOG[39m [38;5;3m[RoutesResolver] [39m[32mPaymentsController {/admin/payments}:[39m[38;5;3m +0ms[39m
[32m[Nest] 253863  - [39m01/05/2026, 12:57:06 AM [32m    LOG[39m [38;5;3m[RouterExplorer] [39m[32mMapped {/admin/payments/stats, GET} route[39m[38;5;3m +0ms[39m
[32m[Nest] 253863  - [39m01/05/2026, 12:57:06 AM [32m    LOG[39m [38;5;3m[RouterExplorer] [39m[32mMapped {/admin/payments, GET} route[39m[38;5;3m +0ms[39m
[32m[Nest] 253863  - [39m01/05/2026, 12:57:06 AM [32m    LOG[39m [38;5;3m[RouterExplorer] [39m[32mMapped {/admin/payments/:id, GET} route[39m[38;5;3m +0ms[39m
[32m[Nest] 253863  - [39m01/05/2026, 12:57:06 AM [32m    LOG[39m [38;5;3m[NestApplication] [39m[32mNest application successfully started[39m[38;5;3m +45ms[39m
🚀 Admin Service is running on: http://localhost:3010
📚 Swagger documentation: http://localhost:3010/api/docs
🔐 Admin operations - requires ADMIN role
[INFO] 00:57:34 Restarting: /home/bayajidswe/My-files/my-projects/jatra-railway/apps/admin-service/src/routes/routes.service.ts has been modified
[32m[Nest] 254439  - [39m01/05/2026, 12:57:34 AM [32m    LOG[39m [38;5;3m[NestFactory] [39m[32mStarting Nest application...[39m
[32m[Nest] 254439  - [39m01/05/2026, 12:57:34 AM [32m    LOG[39m [38;5;3m[InstanceLoader] [39m[32mAppModule dependencies initialized[39m[38;5;3m +10ms[39m
[32m[Nest] 254439  - [39m01/05/2026, 12:57:34 AM [32m    LOG[39m [38;5;3m[InstanceLoader] [39m[32mPrismaModule dependencies initialized[39m[38;5;3m +1ms[39m
[32m[Nest] 254439  - [39m01/05/2026, 12:57:34 AM [32m    LOG[39m [38;5;3m[InstanceLoader] [39m[32mConfigHostModule dependencies initialized[39m[38;5;3m +0ms[39m
[32m[Nest] 254439  - [39m01/05/2026, 12:57:34 AM [32m    LOG[39m [38;5;3m[InstanceLoader] [39m[32mTrainsModule dependencies initialized[39m[38;5;3m +1ms[39m
[32m[Nest] 254439  - [39m01/05/2026, 12:57:34 AM [32m    LOG[39m [38;5;3m[InstanceLoader] [39m[32mRoutesModule dependencies initialized[39m[38;5;3m +0ms[39m
[32m[Nest] 254439  - [39m01/05/2026, 12:57:34 AM [32m    LOG[39m [38;5;3m[InstanceLoader] [39m[32mJourneysModule dependencies initialized[39m[38;5;3m +0ms[39m
[32m[Nest] 254439  - [39m01/05/2026, 12:57:34 AM [32m    LOG[39m [38;5;3m[InstanceLoader] [39m[32mStationsModule dependencies initialized[39m[38;5;3m +0ms[39m
[32m[Nest] 254439  - [39m01/05/2026, 12:57:34 AM [32m    LOG[39m [38;5;3m[InstanceLoader] [39m[32mUsersModule dependencies initialized[39m[38;5;3m +0ms[39m
[32m[Nest] 254439  - [39m01/05/2026, 12:57:34 AM [32m    LOG[39m [38;5;3m[InstanceLoader] [39m[32mBookingsModule dependencies initialized[39m[38;5;3m +0ms[39m
[32m[Nest] 254439  - [39m01/05/2026, 12:57:34 AM [32m    LOG[39m [38;5;3m[InstanceLoader] [39m[32mStatsModule dependencies initialized[39m[38;5;3m +0ms[39m
[32m[Nest] 254439  - [39m01/05/2026, 12:57:34 AM [32m    LOG[39m [38;5;3m[InstanceLoader] [39m[32mConfigModule dependencies initialized[39m[38;5;3m +0ms[39m
[32m[Nest] 254439  - [39m01/05/2026, 12:57:34 AM [32m    LOG[39m [38;5;3m[InstanceLoader] [39m[32mCoachesModule dependencies initialized[39m[38;5;3m +0ms[39m
[32m[Nest] 254439  - [39m01/05/2026, 12:57:34 AM [32m    LOG[39m [38;5;3m[InstanceLoader] [39m[32mSeatsModule dependencies initialized[39m[38;5;3m +0ms[39m
[32m[Nest] 254439  - [39m01/05/2026, 12:57:34 AM [32m    LOG[39m [38;5;3m[InstanceLoader] [39m[32mSettingsModule dependencies initialized[39m[38;5;3m +0ms[39m
[32m[Nest] 254439  - [39m01/05/2026, 12:57:34 AM [32m    LOG[39m [38;5;3m[InstanceLoader] [39m[32mPaymentsModule dependencies initialized[39m[38;5;3m +0ms[39m
[32m[Nest] 254439  - [39m01/05/2026, 12:57:34 AM [32m    LOG[39m [38;5;3m[RoutesResolver] [39m[32mTrainsController {/admin/trains}:[39m[38;5;3m +21ms[39m
[32m[Nest] 254439  - [39m01/05/2026, 12:57:34 AM [32m    LOG[39m [38;5;3m[RouterExplorer] [39m[32mMapped {/admin/trains, GET} route[39m[38;5;3m +2ms[39m
[32m[Nest] 254439  - [39m01/05/2026, 12:57:34 AM [32m    LOG[39m [38;5;3m[RouterExplorer] [39m[32mMapped {/admin/trains/:id, GET} route[39m[38;5;3m +0ms[39m
[32m[Nest] 254439  - [39m01/05/2026, 12:57:34 AM [32m    LOG[39m [38;5;3m[RouterExplorer] [39m[32mMapped {/admin/trains, POST} route[39m[38;5;3m +0ms[39m
[32m[Nest] 254439  - [39m01/05/2026, 12:57:34 AM [32m    LOG[39m [38;5;3m[RouterExplorer] [39m[32mMapped {/admin/trains/:id, PUT} route[39m[38;5;3m +0ms[39m
[32m[Nest] 254439  - [39m01/05/2026, 12:57:34 AM [32m    LOG[39m [38;5;3m[RouterExplorer] [39m[32mMapped {/admin/trains/:id, DELETE} route[39m[38;5;3m +0ms[39m
[32m[Nest] 254439  - [39m01/05/2026, 12:57:34 AM [32m    LOG[39m [38;5;3m[RoutesResolver] [39m[32mRoutesController {/admin/routes}:[39m[38;5;3m +0ms[39m
[32m[Nest] 254439  - [39m01/05/2026, 12:57:34 AM [32m    LOG[39m [38;5;3m[RouterExplorer] [39m[32mMapped {/admin/routes, GET} route[39m[38;5;3m +1ms[39m
[32m[Nest] 254439  - [39m01/05/2026, 12:57:34 AM [32m    LOG[39m [38;5;3m[RouterExplorer] [39m[32mMapped {/admin/routes/:id, GET} route[39m[38;5;3m +0ms[39m
[32m[Nest] 254439  - [39m01/05/2026, 12:57:34 AM [32m    LOG[39m [38;5;3m[RoutesResolver] [39m[32mJourneysController {/admin/journeys}:[39m[38;5;3m +0ms[39m
[32m[Nest] 254439  - [39m01/05/2026, 12:57:34 AM [32m    LOG[39m [38;5;3m[RouterExplorer] [39m[32mMapped {/admin/journeys, GET} route[39m[38;5;3m +0ms[39m
[32m[Nest] 254439  - [39m01/05/2026, 12:57:34 AM [32m    LOG[39m [38;5;3m[RouterExplorer] [39m[32mMapped {/admin/journeys/:id, GET} route[39m[38;5;3m +0ms[39m
[32m[Nest] 254439  - [39m01/05/2026, 12:57:34 AM [32m    LOG[39m [38;5;3m[RoutesResolver] [39m[32mStationsController {/admin/stations}:[39m[38;5;3m +0ms[39m
[32m[Nest] 254439  - [39m01/05/2026, 12:57:34 AM [32m    LOG[39m [38;5;3m[RouterExplorer] [39m[32mMapped {/admin/stations, GET} route[39m[38;5;3m +0ms[39m
[32m[Nest] 254439  - [39m01/05/2026, 12:57:34 AM [32m    LOG[39m [38;5;3m[RoutesResolver] [39m[32mUsersController {/admin/users}:[39m[38;5;3m +0ms[39m
[32m[Nest] 254439  - [39m01/05/2026, 12:57:34 AM [32m    LOG[39m [38;5;3m[RouterExplorer] [39m[32mMapped {/admin/users, GET} route[39m[38;5;3m +0ms[39m
[32m[Nest] 254439  - [39m01/05/2026, 12:57:34 AM [32m    LOG[39m [38;5;3m[RouterExplorer] [39m[32mMapped {/admin/users/:id, GET} route[39m[38;5;3m +0ms[39m
[32m[Nest] 254439  - [39m01/05/2026, 12:57:34 AM [32m    LOG[39m [38;5;3m[RoutesResolver] [39m[32mBookingsController {/admin/bookings}:[39m[38;5;3m +0ms[39m
[32m[Nest] 254439  - [39m01/05/2026, 12:57:34 AM [32m    LOG[39m [38;5;3m[RouterExplorer] [39m[32mMapped {/admin/bookings, GET} route[39m[38;5;3m +1ms[39m
[32m[Nest] 254439  - [39m01/05/2026, 12:57:34 AM [32m    LOG[39m [38;5;3m[RouterExplorer] [39m[32mMapped {/admin/bookings/:id, GET} route[39m[38;5;3m +0ms[39m
[32m[Nest] 254439  - [39m01/05/2026, 12:57:34 AM [32m    LOG[39m [38;5;3m[RoutesResolver] [39m[32mStatsController {/admin/stats}:[39m[38;5;3m +0ms[39m
[32m[Nest] 254439  - [39m01/05/2026, 12:57:34 AM [32m    LOG[39m [38;5;3m[RouterExplorer] [39m[32mMapped {/admin/stats/dashboard, GET} route[39m[38;5;3m +0ms[39m
[32m[Nest] 254439  - [39m01/05/2026, 12:57:34 AM [32m    LOG[39m [38;5;3m[RoutesResolver] [39m[32mCoachesController {/admin/coaches}:[39m[38;5;3m +0ms[39m
[32m[Nest] 254439  - [39m01/05/2026, 12:57:34 AM [32m    LOG[39m [38;5;3m[RouterExplorer] [39m[32mMapped {/admin/coaches, GET} route[39m[38;5;3m +0ms[39m
[32m[Nest] 254439  - [39m01/05/2026, 12:57:34 AM [32m    LOG[39m [38;5;3m[RouterExplorer] [39m[32mMapped {/admin/coaches/:id, GET} route[39m[38;5;3m +0ms[39m
[32m[Nest] 254439  - [39m01/05/2026, 12:57:34 AM [32m    LOG[39m [38;5;3m[RouterExplorer] [39m[32mMapped {/admin/coaches, POST} route[39m[38;5;3m +0ms[39m
[32m[Nest] 254439  - [39m01/05/2026, 12:57:34 AM [32m    LOG[39m [38;5;3m[RouterExplorer] [39m[32mMapped {/admin/coaches/:id, PUT} route[39m[38;5;3m +0ms[39m
[32m[Nest] 254439  - [39m01/05/2026, 12:57:34 AM [32m    LOG[39m [38;5;3m[RouterExplorer] [39m[32mMapped {/admin/coaches/:id, DELETE} route[39m[38;5;3m +0ms[39m
[32m[Nest] 254439  - [39m01/05/2026, 12:57:34 AM [32m    LOG[39m [38;5;3m[RoutesResolver] [39m[32mSeatsController {/admin/seats}:[39m[38;5;3m +0ms[39m
[32m[Nest] 254439  - [39m01/05/2026, 12:57:34 AM [32m    LOG[39m [38;5;3m[RouterExplorer] [39m[32mMapped {/admin/seats, GET} route[39m[38;5;3m +0ms[39m
[32m[Nest] 254439  - [39m01/05/2026, 12:57:34 AM [32m    LOG[39m [38;5;3m[RouterExplorer] [39m[32mMapped {/admin/seats/:id, GET} route[39m[38;5;3m +0ms[39m
[32m[Nest] 254439  - [39m01/05/2026, 12:57:34 AM [32m    LOG[39m [38;5;3m[RouterExplorer] [39m[32mMapped {/admin/seats, POST} route[39m[38;5;3m +0ms[39m
[32m[Nest] 254439  - [39m01/05/2026, 12:57:34 AM [32m    LOG[39m [38;5;3m[RouterExplorer] [39m[32mMapped {/admin/seats/bulk, POST} route[39m[38;5;3m +0ms[39m
[32m[Nest] 254439  - [39m01/05/2026, 12:57:34 AM [32m    LOG[39m [38;5;3m[RouterExplorer] [39m[32mMapped {/admin/seats/:id, PUT} route[39m[38;5;3m +0ms[39m
[32m[Nest] 254439  - [39m01/05/2026, 12:57:34 AM [32m    LOG[39m [38;5;3m[RouterExplorer] [39m[32mMapped {/admin/seats/:id, DELETE} route[39m[38;5;3m +0ms[39m
[32m[Nest] 254439  - [39m01/05/2026, 12:57:34 AM [32m    LOG[39m [38;5;3m[RoutesResolver] [39m[32mSettingsController {/admin/settings}:[39m[38;5;3m +1ms[39m
[32m[Nest] 254439  - [39m01/05/2026, 12:57:34 AM [32m    LOG[39m [38;5;3m[RouterExplorer] [39m[32mMapped {/admin/settings, GET} route[39m[38;5;3m +0ms[39m
[32m[Nest] 254439  - [39m01/05/2026, 12:57:34 AM [32m    LOG[39m [38;5;3m[RouterExplorer] [39m[32mMapped {/admin/settings/:key, GET} route[39m[38;5;3m +0ms[39m
[32m[Nest] 254439  - [39m01/05/2026, 12:57:34 AM [32m    LOG[39m [38;5;3m[RouterExplorer] [39m[32mMapped {/admin/settings, POST} route[39m[38;5;3m +0ms[39m
[32m[Nest] 254439  - [39m01/05/2026, 12:57:34 AM [32m    LOG[39m [38;5;3m[RouterExplorer] [39m[32mMapped {/admin/settings/:key, PUT} route[39m[38;5;3m +0ms[39m
[32m[Nest] 254439  - [39m01/05/2026, 12:57:34 AM [32m    LOG[39m [38;5;3m[RouterExplorer] [39m[32mMapped {/admin/settings/:key, DELETE} route[39m[38;5;3m +0ms[39m
[32m[Nest] 254439  - [39m01/05/2026, 12:57:34 AM [32m    LOG[39m [38;5;3m[RoutesResolver] [39m[32mPaymentsController {/admin/payments}:[39m[38;5;3m +0ms[39m
[32m[Nest] 254439  - [39m01/05/2026, 12:57:34 AM [32m    LOG[39m [38;5;3m[RouterExplorer] [39m[32mMapped {/admin/payments/stats, GET} route[39m[38;5;3m +0ms[39m
[32m[Nest] 254439  - [39m01/05/2026, 12:57:34 AM [32m    LOG[39m [38;5;3m[RouterExplorer] [39m[32mMapped {/admin/payments, GET} route[39m[38;5;3m +0ms[39m
[32m[Nest] 254439  - [39m01/05/2026, 12:57:34 AM [32m    LOG[39m [38;5;3m[RouterExplorer] [39m[32mMapped {/admin/payments/:id, GET} route[39m[38;5;3m +0ms[39m
[32m[Nest] 254439  - [39m01/05/2026, 12:57:34 AM [32m    LOG[39m [38;5;3m[NestApplication] [39m[32mNest application successfully started[39m[38;5;3m +49ms[39m
🚀 Admin Service is running on: http://localhost:3010
📚 Swagger documentation: http://localhost:3010/api/docs
🔐 Admin operations - requires ADMIN role
[INFO] 00:57:36 Restarting: /home/bayajidswe/My-files/my-projects/jatra-railway/apps/admin-service/src/routes/routes.controller.ts has been modified
ReferenceError: Query is not defined
    at Object.<anonymous> (/home/bayajidswe/My-files/my-projects/jatra-railway/apps/admin-service/src/routes/routes.controller.ts:12:18)
    at Module._compile (node:internal/modules/cjs/loader:1529:14)
    at Module._compile (/home/bayajidswe/My-files/my-projects/jatra-railway/node_modules/.pnpm/source-map-support@0.5.21/node_modules/source-map-support/source-map-support.js:568:25)
    at Module.m._compile (/tmp/ts-node-dev-hook-2914869903142008.js:69:33)
    at Module._extensions..js (node:internal/modules/cjs/loader:1613:10)
    at require.extensions..jsx.require.extensions..js (/tmp/ts-node-dev-hook-2914869903142008.js:114:20)
    at require.extensions.<computed> (/tmp/ts-node-dev-hook-2914869903142008.js:71:20)
    at Object.nodeDevHook [as .ts] (/home/bayajidswe/My-files/my-projects/jatra-railway/node_modules/.pnpm/ts-node-dev@2.0.0_@types+node@20.19.25_typescript@5.9.3/node_modules/ts-node-dev/lib/hook.js:63:13)
    at Module.load (node:internal/modules/cjs/loader:1275:32)
    at Function.Module._load (node:internal/modules/cjs/loader:1096:12)
[ERROR] 00:57:36 ReferenceError: Query is not defined
[INFO] 00:57:37 Restarting: /home/bayajidswe/My-files/my-projects/jatra-railway/apps/admin-service/src/routes/routes.controller.ts has been modified
[32m[Nest] 254542  - [39m01/05/2026, 12:57:37 AM [32m    LOG[39m [38;5;3m[NestFactory] [39m[32mStarting Nest application...[39m
[32m[Nest] 254542  - [39m01/05/2026, 12:57:37 AM [32m    LOG[39m [38;5;3m[InstanceLoader] [39m[32mAppModule dependencies initialized[39m[38;5;3m +10ms[39m
[32m[Nest] 254542  - [39m01/05/2026, 12:57:37 AM [32m    LOG[39m [38;5;3m[InstanceLoader] [39m[32mPrismaModule dependencies initialized[39m[38;5;3m +0ms[39m
[32m[Nest] 254542  - [39m01/05/2026, 12:57:37 AM [32m    LOG[39m [38;5;3m[InstanceLoader] [39m[32mConfigHostModule dependencies initialized[39m[38;5;3m +0ms[39m
[32m[Nest] 254542  - [39m01/05/2026, 12:57:37 AM [32m    LOG[39m [38;5;3m[InstanceLoader] [39m[32mTrainsModule dependencies initialized[39m[38;5;3m +0ms[39m
[32m[Nest] 254542  - [39m01/05/2026, 12:57:37 AM [32m    LOG[39m [38;5;3m[InstanceLoader] [39m[32mRoutesModule dependencies initialized[39m[38;5;3m +0ms[39m
[32m[Nest] 254542  - [39m01/05/2026, 12:57:37 AM [32m    LOG[39m [38;5;3m[InstanceLoader] [39m[32mJourneysModule dependencies initialized[39m[38;5;3m +0ms[39m
[32m[Nest] 254542  - [39m01/05/2026, 12:57:37 AM [32m    LOG[39m [38;5;3m[InstanceLoader] [39m[32mStationsModule dependencies initialized[39m[38;5;3m +0ms[39m
[32m[Nest] 254542  - [39m01/05/2026, 12:57:37 AM [32m    LOG[39m [38;5;3m[InstanceLoader] [39m[32mUsersModule dependencies initialized[39m[38;5;3m +1ms[39m
[32m[Nest] 254542  - [39m01/05/2026, 12:57:37 AM [32m    LOG[39m [38;5;3m[InstanceLoader] [39m[32mBookingsModule dependencies initialized[39m[38;5;3m +0ms[39m
[32m[Nest] 254542  - [39m01/05/2026, 12:57:37 AM [32m    LOG[39m [38;5;3m[InstanceLoader] [39m[32mStatsModule dependencies initialized[39m[38;5;3m +0ms[39m
[32m[Nest] 254542  - [39m01/05/2026, 12:57:37 AM [32m    LOG[39m [38;5;3m[InstanceLoader] [39m[32mConfigModule dependencies initialized[39m[38;5;3m +0ms[39m
[32m[Nest] 254542  - [39m01/05/2026, 12:57:37 AM [32m    LOG[39m [38;5;3m[InstanceLoader] [39m[32mCoachesModule dependencies initialized[39m[38;5;3m +0ms[39m
[32m[Nest] 254542  - [39m01/05/2026, 12:57:37 AM [32m    LOG[39m [38;5;3m[InstanceLoader] [39m[32mSeatsModule dependencies initialized[39m[38;5;3m +0ms[39m
[32m[Nest] 254542  - [39m01/05/2026, 12:57:37 AM [32m    LOG[39m [38;5;3m[InstanceLoader] [39m[32mSettingsModule dependencies initialized[39m[38;5;3m +0ms[39m
[32m[Nest] 254542  - [39m01/05/2026, 12:57:37 AM [32m    LOG[39m [38;5;3m[InstanceLoader] [39m[32mPaymentsModule dependencies initialized[39m[38;5;3m +0ms[39m
[32m[Nest] 254542  - [39m01/05/2026, 12:57:37 AM [32m    LOG[39m [38;5;3m[RoutesResolver] [39m[32mTrainsController {/admin/trains}:[39m[38;5;3m +22ms[39m
[32m[Nest] 254542  - [39m01/05/2026, 12:57:37 AM [32m    LOG[39m [38;5;3m[RouterExplorer] [39m[32mMapped {/admin/trains, GET} route[39m[38;5;3m +1ms[39m
[32m[Nest] 254542  - [39m01/05/2026, 12:57:37 AM [32m    LOG[39m [38;5;3m[RouterExplorer] [39m[32mMapped {/admin/trains/:id, GET} route[39m[38;5;3m +0ms[39m
[32m[Nest] 254542  - [39m01/05/2026, 12:57:37 AM [32m    LOG[39m [38;5;3m[RouterExplorer] [39m[32mMapped {/admin/trains, POST} route[39m[38;5;3m +1ms[39m
[32m[Nest] 254542  - [39m01/05/2026, 12:57:37 AM [32m    LOG[39m [38;5;3m[RouterExplorer] [39m[32mMapped {/admin/trains/:id, PUT} route[39m[38;5;3m +0ms[39m
[32m[Nest] 254542  - [39m01/05/2026, 12:57:37 AM [32m    LOG[39m [38;5;3m[RouterExplorer] [39m[32mMapped {/admin/trains/:id, DELETE} route[39m[38;5;3m +0ms[39m
[32m[Nest] 254542  - [39m01/05/2026, 12:57:37 AM [32m    LOG[39m [38;5;3m[RoutesResolver] [39m[32mRoutesController {/admin/routes}:[39m[38;5;3m +0ms[39m
[32m[Nest] 254542  - [39m01/05/2026, 12:57:37 AM [32m    LOG[39m [38;5;3m[RouterExplorer] [39m[32mMapped {/admin/routes, GET} route[39m[38;5;3m +0ms[39m
[32m[Nest] 254542  - [39m01/05/2026, 12:57:37 AM [32m    LOG[39m [38;5;3m[RouterExplorer] [39m[32mMapped {/admin/routes/:id, GET} route[39m[38;5;3m +0ms[39m
[32m[Nest] 254542  - [39m01/05/2026, 12:57:37 AM [32m    LOG[39m [38;5;3m[RoutesResolver] [39m[32mJourneysController {/admin/journeys}:[39m[38;5;3m +0ms[39m
[32m[Nest] 254542  - [39m01/05/2026, 12:57:37 AM [32m    LOG[39m [38;5;3m[RouterExplorer] [39m[32mMapped {/admin/journeys, GET} route[39m[38;5;3m +1ms[39m
[32m[Nest] 254542  - [39m01/05/2026, 12:57:37 AM [32m    LOG[39m [38;5;3m[RouterExplorer] [39m[32mMapped {/admin/journeys/:id, GET} route[39m[38;5;3m +0ms[39m
[32m[Nest] 254542  - [39m01/05/2026, 12:57:37 AM [32m    LOG[39m [38;5;3m[RoutesResolver] [39m[32mStationsController {/admin/stations}:[39m[38;5;3m +0ms[39m
[32m[Nest] 254542  - [39m01/05/2026, 12:57:37 AM [32m    LOG[39m [38;5;3m[RouterExplorer] [39m[32mMapped {/admin/stations, GET} route[39m[38;5;3m +0ms[39m
[32m[Nest] 254542  - [39m01/05/2026, 12:57:37 AM [32m    LOG[39m [38;5;3m[RoutesResolver] [39m[32mUsersController {/admin/users}:[39m[38;5;3m +0ms[39m
[32m[Nest] 254542  - [39m01/05/2026, 12:57:37 AM [32m    LOG[39m [38;5;3m[RouterExplorer] [39m[32mMapped {/admin/users, GET} route[39m[38;5;3m +0ms[39m
[32m[Nest] 254542  - [39m01/05/2026, 12:57:37 AM [32m    LOG[39m [38;5;3m[RouterExplorer] [39m[32mMapped {/admin/users/:id, GET} route[39m[38;5;3m +0ms[39m
[32m[Nest] 254542  - [39m01/05/2026, 12:57:37 AM [32m    LOG[39m [38;5;3m[RoutesResolver] [39m[32mBookingsController {/admin/bookings}:[39m[38;5;3m +0ms[39m
[32m[Nest] 254542  - [39m01/05/2026, 12:57:37 AM [32m    LOG[39m [38;5;3m[RouterExplorer] [39m[32mMapped {/admin/bookings, GET} route[39m[38;5;3m +0ms[39m
[32m[Nest] 254542  - [39m01/05/2026, 12:57:37 AM [32m    LOG[39m [38;5;3m[RouterExplorer] [39m[32mMapped {/admin/bookings/:id, GET} route[39m[38;5;3m +1ms[39m
[32m[Nest] 254542  - [39m01/05/2026, 12:57:37 AM [32m    LOG[39m [38;5;3m[RoutesResolver] [39m[32mStatsController {/admin/stats}:[39m[38;5;3m +0ms[39m
[32m[Nest] 254542  - [39m01/05/2026, 12:57:37 AM [32m    LOG[39m [38;5;3m[RouterExplorer] [39m[32mMapped {/admin/stats/dashboard, GET} route[39m[38;5;3m +0ms[39m
[32m[Nest] 254542  - [39m01/05/2026, 12:57:37 AM [32m    LOG[39m [38;5;3m[RoutesResolver] [39m[32mCoachesController {/admin/coaches}:[39m[38;5;3m +0ms[39m
[32m[Nest] 254542  - [39m01/05/2026, 12:57:37 AM [32m    LOG[39m [38;5;3m[RouterExplorer] [39m[32mMapped {/admin/coaches, GET} route[39m[38;5;3m +0ms[39m
[32m[Nest] 254542  - [39m01/05/2026, 12:57:37 AM [32m    LOG[39m [38;5;3m[RouterExplorer] [39m[32mMapped {/admin/coaches/:id, GET} route[39m[38;5;3m +0ms[39m
[32m[Nest] 254542  - [39m01/05/2026, 12:57:37 AM [32m    LOG[39m [38;5;3m[RouterExplorer] [39m[32mMapped {/admin/coaches, POST} route[39m[38;5;3m +0ms[39m
[32m[Nest] 254542  - [39m01/05/2026, 12:57:37 AM [32m    LOG[39m [38;5;3m[RouterExplorer] [39m[32mMapped {/admin/coaches/:id, PUT} route[39m[38;5;3m +0ms[39m
[32m[Nest] 254542  - [39m01/05/2026, 12:57:37 AM [32m    LOG[39m [38;5;3m[RouterExplorer] [39m[32mMapped {/admin/coaches/:id, DELETE} route[39m[38;5;3m +0ms[39m
[32m[Nest] 254542  - [39m01/05/2026, 12:57:37 AM [32m    LOG[39m [38;5;3m[RoutesResolver] [39m[32mSeatsController {/admin/seats}:[39m[38;5;3m +0ms[39m
[32m[Nest] 254542  - [39m01/05/2026, 12:57:37 AM [32m    LOG[39m [38;5;3m[RouterExplorer] [39m[32mMapped {/admin/seats, GET} route[39m[38;5;3m +0ms[39m
[32m[Nest] 254542  - [39m01/05/2026, 12:57:37 AM [32m    LOG[39m [38;5;3m[RouterExplorer] [39m[32mMapped {/admin/seats/:id, GET} route[39m[38;5;3m +0ms[39m
[32m[Nest] 254542  - [39m01/05/2026, 12:57:37 AM [32m    LOG[39m [38;5;3m[RouterExplorer] [39m[32mMapped {/admin/seats, POST} route[39m[38;5;3m +0ms[39m
[32m[Nest] 254542  - [39m01/05/2026, 12:57:37 AM [32m    LOG[39m [38;5;3m[RouterExplorer] [39m[32mMapped {/admin/seats/bulk, POST} route[39m[38;5;3m +0ms[39m
[32m[Nest] 254542  - [39m01/05/2026, 12:57:37 AM [32m    LOG[39m [38;5;3m[RouterExplorer] [39m[32mMapped {/admin/seats/:id, PUT} route[39m[38;5;3m +0ms[39m
[32m[Nest] 254542  - [39m01/05/2026, 12:57:37 AM [32m    LOG[39m [38;5;3m[RouterExplorer] [39m[32mMapped {/admin/seats/:id, DELETE} route[39m[38;5;3m +0ms[39m
[32m[Nest] 254542  - [39m01/05/2026, 12:57:37 AM [32m    LOG[39m [38;5;3m[RoutesResolver] [39m[32mSettingsController {/admin/settings}:[39m[38;5;3m +0ms[39m
[32m[Nest] 254542  - [39m01/05/2026, 12:57:37 AM [32m    LOG[39m [38;5;3m[RouterExplorer] [39m[32mMapped {/admin/settings, GET} route[39m[38;5;3m +0ms[39m
[32m[Nest] 254542  - [39m01/05/2026, 12:57:37 AM [32m    LOG[39m [38;5;3m[RouterExplorer] [39m[32mMapped {/admin/settings/:key, GET} route[39m[38;5;3m +0ms[39m
[32m[Nest] 254542  - [39m01/05/2026, 12:57:37 AM [32m    LOG[39m [38;5;3m[RouterExplorer] [39m[32mMapped {/admin/settings, POST} route[39m[38;5;3m +0ms[39m
[32m[Nest] 254542  - [39m01/05/2026, 12:57:38 AM [32m    LOG[39m [38;5;3m[RouterExplorer] [39m[32mMapped {/admin/settings/:key, PUT} route[39m[38;5;3m +1ms[39m
[32m[Nest] 254542  - [39m01/05/2026, 12:57:38 AM [32m    LOG[39m [38;5;3m[RouterExplorer] [39m[32mMapped {/admin/settings/:key, DELETE} route[39m[38;5;3m +0ms[39m
[32m[Nest] 254542  - [39m01/05/2026, 12:57:38 AM [32m    LOG[39m [38;5;3m[RoutesResolver] [39m[32mPaymentsController {/admin/payments}:[39m[38;5;3m +0ms[39m
[32m[Nest] 254542  - [39m01/05/2026, 12:57:38 AM [32m    LOG[39m [38;5;3m[RouterExplorer] [39m[32mMapped {/admin/payments/stats, GET} route[39m[38;5;3m +0ms[39m
[32m[Nest] 254542  - [39m01/05/2026, 12:57:38 AM [32m    LOG[39m [38;5;3m[RouterExplorer] [39m[32mMapped {/admin/payments, GET} route[39m[38;5;3m +0ms[39m
[32m[Nest] 254542  - [39m01/05/2026, 12:57:38 AM [32m    LOG[39m [38;5;3m[RouterExplorer] [39m[32mMapped {/admin/payments/:id, GET} route[39m[38;5;3m +0ms[39m
[32m[Nest] 254542  - [39m01/05/2026, 12:57:38 AM [32m    LOG[39m [38;5;3m[NestApplication] [39m[32mNest application successfully started[39m[38;5;3m +46ms[39m
[31m[Nest] 254542  - [39m01/05/2026, 12:57:38 AM [31m  ERROR[39m [38;5;3m[NestApplication] [39m[31mError: listen EADDRINUSE: address already in use :::3010[39m[38;5;3m +1ms[39m
Error: listen EADDRINUSE: address already in use :::3010
    at Server.setupListenHandle [as _listen2] (node:net:1908:16)
    at listenInCluster (node:net:1965:12)
    at Server.listen (node:net:2067:7)
    at ExpressAdapter.listen (/home/bayajidswe/My-files/my-projects/jatra-railway/node_modules/.pnpm/@nestjs+platform-express@10.4.20_@nestjs+common@10.4.20_class-transformer@0.5.1_class-v_bd7e093f0b2f45f3454d4c6bd5ff4f44/node_modules/@nestjs/platform-express/adapters/express-adapter.js:95:32)
    at /home/bayajidswe/My-files/my-projects/jatra-railway/node_modules/.pnpm/@nestjs+core@10.4.20_@nestjs+common@10.4.20_class-transformer@0.5.1_class-validator@0.1_6ee324c1921a1c6c0e69db7d70d61af1/node_modules/@nestjs/core/nest-application.js:183:30
    at new Promise (<anonymous>)
    at NestApplication.listen (/home/bayajidswe/My-files/my-projects/jatra-railway/node_modules/.pnpm/@nestjs+core@10.4.20_@nestjs+common@10.4.20_class-transformer@0.5.1_class-validator@0.1_6ee324c1921a1c6c0e69db7d70d61af1/node_modules/@nestjs/core/nest-application.js:173:16)
    at bootstrap (/home/bayajidswe/My-files/my-projects/jatra-railway/apps/admin-service/src/main.ts:45:3)
[ERROR] 00:57:38 Error: listen EADDRINUSE: address already in use :::3010
[INFO] 00:59:06 Restarting: /home/bayajidswe/My-files/my-projects/jatra-railway/apps/admin-service/src/stations/dto/station.dto.ts has been modified
[32m[Nest] 256398  - [39m01/05/2026, 12:59:07 AM [32m    LOG[39m [38;5;3m[NestFactory] [39m[32mStarting Nest application...[39m
[32m[Nest] 256398  - [39m01/05/2026, 12:59:07 AM [32m    LOG[39m [38;5;3m[InstanceLoader] [39m[32mAppModule dependencies initialized[39m[38;5;3m +10ms[39m
[32m[Nest] 256398  - [39m01/05/2026, 12:59:07 AM [32m    LOG[39m [38;5;3m[InstanceLoader] [39m[32mPrismaModule dependencies initialized[39m[38;5;3m +0ms[39m
[32m[Nest] 256398  - [39m01/05/2026, 12:59:07 AM [32m    LOG[39m [38;5;3m[InstanceLoader] [39m[32mConfigHostModule dependencies initialized[39m[38;5;3m +0ms[39m
[32m[Nest] 256398  - [39m01/05/2026, 12:59:07 AM [32m    LOG[39m [38;5;3m[InstanceLoader] [39m[32mTrainsModule dependencies initialized[39m[38;5;3m +0ms[39m
[32m[Nest] 256398  - [39m01/05/2026, 12:59:07 AM [32m    LOG[39m [38;5;3m[InstanceLoader] [39m[32mRoutesModule dependencies initialized[39m[38;5;3m +0ms[39m
[32m[Nest] 256398  - [39m01/05/2026, 12:59:07 AM [32m    LOG[39m [38;5;3m[InstanceLoader] [39m[32mJourneysModule dependencies initialized[39m[38;5;3m +0ms[39m
[32m[Nest] 256398  - [39m01/05/2026, 12:59:07 AM [32m    LOG[39m [38;5;3m[InstanceLoader] [39m[32mStationsModule dependencies initialized[39m[38;5;3m +1ms[39m
[32m[Nest] 256398  - [39m01/05/2026, 12:59:07 AM [32m    LOG[39m [38;5;3m[InstanceLoader] [39m[32mUsersModule dependencies initialized[39m[38;5;3m +0ms[39m
[32m[Nest] 256398  - [39m01/05/2026, 12:59:07 AM [32m    LOG[39m [38;5;3m[InstanceLoader] [39m[32mBookingsModule dependencies initialized[39m[38;5;3m +0ms[39m
[32m[Nest] 256398  - [39m01/05/2026, 12:59:07 AM [32m    LOG[39m [38;5;3m[InstanceLoader] [39m[32mStatsModule dependencies initialized[39m[38;5;3m +0ms[39m
[32m[Nest] 256398  - [39m01/05/2026, 12:59:07 AM [32m    LOG[39m [38;5;3m[InstanceLoader] [39m[32mConfigModule dependencies initialized[39m[38;5;3m +0ms[39m
[32m[Nest] 256398  - [39m01/05/2026, 12:59:07 AM [32m    LOG[39m [38;5;3m[InstanceLoader] [39m[32mCoachesModule dependencies initialized[39m[38;5;3m +0ms[39m
[32m[Nest] 256398  - [39m01/05/2026, 12:59:07 AM [32m    LOG[39m [38;5;3m[InstanceLoader] [39m[32mSeatsModule dependencies initialized[39m[38;5;3m +0ms[39m
[32m[Nest] 256398  - [39m01/05/2026, 12:59:07 AM [32m    LOG[39m [38;5;3m[InstanceLoader] [39m[32mSettingsModule dependencies initialized[39m[38;5;3m +0ms[39m
[32m[Nest] 256398  - [39m01/05/2026, 12:59:07 AM [32m    LOG[39m [38;5;3m[InstanceLoader] [39m[32mPaymentsModule dependencies initialized[39m[38;5;3m +0ms[39m
[32m[Nest] 256398  - [39m01/05/2026, 12:59:07 AM [32m    LOG[39m [38;5;3m[RoutesResolver] [39m[32mTrainsController {/admin/trains}:[39m[38;5;3m +20ms[39m
[32m[Nest] 256398  - [39m01/05/2026, 12:59:07 AM [32m    LOG[39m [38;5;3m[RouterExplorer] [39m[32mMapped {/admin/trains, GET} route[39m[38;5;3m +1ms[39m
[32m[Nest] 256398  - [39m01/05/2026, 12:59:07 AM [32m    LOG[39m [38;5;3m[RouterExplorer] [39m[32mMapped {/admin/trains/:id, GET} route[39m[38;5;3m +0ms[39m
[32m[Nest] 256398  - [39m01/05/2026, 12:59:07 AM [32m    LOG[39m [38;5;3m[RouterExplorer] [39m[32mMapped {/admin/trains, POST} route[39m[38;5;3m +0ms[39m
[32m[Nest] 256398  - [39m01/05/2026, 12:59:07 AM [32m    LOG[39m [38;5;3m[RouterExplorer] [39m[32mMapped {/admin/trains/:id, PUT} route[39m[38;5;3m +1ms[39m
[32m[Nest] 256398  - [39m01/05/2026, 12:59:07 AM [32m    LOG[39m [38;5;3m[RouterExplorer] [39m[32mMapped {/admin/trains/:id, DELETE} route[39m[38;5;3m +0ms[39m
[32m[Nest] 256398  - [39m01/05/2026, 12:59:07 AM [32m    LOG[39m [38;5;3m[RoutesResolver] [39m[32mRoutesController {/admin/routes}:[39m[38;5;3m +0ms[39m
[32m[Nest] 256398  - [39m01/05/2026, 12:59:07 AM [32m    LOG[39m [38;5;3m[RouterExplorer] [39m[32mMapped {/admin/routes, GET} route[39m[38;5;3m +0ms[39m
[32m[Nest] 256398  - [39m01/05/2026, 12:59:07 AM [32m    LOG[39m [38;5;3m[RouterExplorer] [39m[32mMapped {/admin/routes/:id, GET} route[39m[38;5;3m +0ms[39m
[32m[Nest] 256398  - [39m01/05/2026, 12:59:07 AM [32m    LOG[39m [38;5;3m[RoutesResolver] [39m[32mJourneysController {/admin/journeys}:[39m[38;5;3m +0ms[39m
[32m[Nest] 256398  - [39m01/05/2026, 12:59:07 AM [32m    LOG[39m [38;5;3m[RouterExplorer] [39m[32mMapped {/admin/journeys, GET} route[39m[38;5;3m +0ms[39m
[32m[Nest] 256398  - [39m01/05/2026, 12:59:07 AM [32m    LOG[39m [38;5;3m[RouterExplorer] [39m[32mMapped {/admin/journeys/:id, GET} route[39m[38;5;3m +0ms[39m
[32m[Nest] 256398  - [39m01/05/2026, 12:59:07 AM [32m    LOG[39m [38;5;3m[RoutesResolver] [39m[32mStationsController {/admin/stations}:[39m[38;5;3m +0ms[39m
[32m[Nest] 256398  - [39m01/05/2026, 12:59:07 AM [32m    LOG[39m [38;5;3m[RouterExplorer] [39m[32mMapped {/admin/stations, GET} route[39m[38;5;3m +1ms[39m
[32m[Nest] 256398  - [39m01/05/2026, 12:59:07 AM [32m    LOG[39m [38;5;3m[RoutesResolver] [39m[32mUsersController {/admin/users}:[39m[38;5;3m +0ms[39m
[32m[Nest] 256398  - [39m01/05/2026, 12:59:07 AM [32m    LOG[39m [38;5;3m[RouterExplorer] [39m[32mMapped {/admin/users, GET} route[39m[38;5;3m +0ms[39m
[32m[Nest] 256398  - [39m01/05/2026, 12:59:07 AM [32m    LOG[39m [38;5;3m[RouterExplorer] [39m[32mMapped {/admin/users/:id, GET} route[39m[38;5;3m +0ms[39m
[32m[Nest] 256398  - [39m01/05/2026, 12:59:07 AM [32m    LOG[39m [38;5;3m[RoutesResolver] [39m[32mBookingsController {/admin/bookings}:[39m[38;5;3m +0ms[39m
[32m[Nest] 256398  - [39m01/05/2026, 12:59:07 AM [32m    LOG[39m [38;5;3m[RouterExplorer] [39m[32mMapped {/admin/bookings, GET} route[39m[38;5;3m +0ms[39m
[32m[Nest] 256398  - [39m01/05/2026, 12:59:07 AM [32m    LOG[39m [38;5;3m[RouterExplorer] [39m[32mMapped {/admin/bookings/:id, GET} route[39m[38;5;3m +0ms[39m
[32m[Nest] 256398  - [39m01/05/2026, 12:59:07 AM [32m    LOG[39m [38;5;3m[RoutesResolver] [39m[32mStatsController {/admin/stats}:[39m[38;5;3m +0ms[39m
[32m[Nest] 256398  - [39m01/05/2026, 12:59:07 AM [32m    LOG[39m [38;5;3m[RouterExplorer] [39m[32mMapped {/admin/stats/dashboard, GET} route[39m[38;5;3m +0ms[39m
[32m[Nest] 256398  - [39m01/05/2026, 12:59:07 AM [32m    LOG[39m [38;5;3m[RoutesResolver] [39m[32mCoachesController {/admin/coaches}:[39m[38;5;3m +0ms[39m
[32m[Nest] 256398  - [39m01/05/2026, 12:59:07 AM [32m    LOG[39m [38;5;3m[RouterExplorer] [39m[32mMapped {/admin/coaches, GET} route[39m[38;5;3m +0ms[39m
[32m[Nest] 256398  - [39m01/05/2026, 12:59:07 AM [32m    LOG[39m [38;5;3m[RouterExplorer] [39m[32mMapped {/admin/coaches/:id, GET} route[39m[38;5;3m +0ms[39m
[32m[Nest] 256398  - [39m01/05/2026, 12:59:07 AM [32m    LOG[39m [38;5;3m[RouterExplorer] [39m[32mMapped {/admin/coaches, POST} route[39m[38;5;3m +0ms[39m
[32m[Nest] 256398  - [39m01/05/2026, 12:59:07 AM [32m    LOG[39m [38;5;3m[RouterExplorer] [39m[32mMapped {/admin/coaches/:id, PUT} route[39m[38;5;3m +0ms[39m
[32m[Nest] 256398  - [39m01/05/2026, 12:59:07 AM [32m    LOG[39m [38;5;3m[RouterExplorer] [39m[32mMapped {/admin/coaches/:id, DELETE} route[39m[38;5;3m +0ms[39m
[32m[Nest] 256398  - [39m01/05/2026, 12:59:07 AM [32m    LOG[39m [38;5;3m[RoutesResolver] [39m[32mSeatsController {/admin/seats}:[39m[38;5;3m +0ms[39m
[32m[Nest] 256398  - [39m01/05/2026, 12:59:07 AM [32m    LOG[39m [38;5;3m[RouterExplorer] [39m[32mMapped {/admin/seats, GET} route[39m[38;5;3m +0ms[39m
[32m[Nest] 256398  - [39m01/05/2026, 12:59:07 AM [32m    LOG[39m [38;5;3m[RouterExplorer] [39m[32mMapped {/admin/seats/:id, GET} route[39m[38;5;3m +1ms[39m
[32m[Nest] 256398  - [39m01/05/2026, 12:59:07 AM [32m    LOG[39m [38;5;3m[RouterExplorer] [39m[32mMapped {/admin/seats, POST} route[39m[38;5;3m +0ms[39m
[32m[Nest] 256398  - [39m01/05/2026, 12:59:07 AM [32m    LOG[39m [38;5;3m[RouterExplorer] [39m[32mMapped {/admin/seats/bulk, POST} route[39m[38;5;3m +0ms[39m
[32m[Nest] 256398  - [39m01/05/2026, 12:59:07 AM [32m    LOG[39m [38;5;3m[RouterExplorer] [39m[32mMapped {/admin/seats/:id, PUT} route[39m[38;5;3m +0ms[39m
[32m[Nest] 256398  - [39m01/05/2026, 12:59:07 AM [32m    LOG[39m [38;5;3m[RouterExplorer] [39m[32mMapped {/admin/seats/:id, DELETE} route[39m[38;5;3m +0ms[39m
[32m[Nest] 256398  - [39m01/05/2026, 12:59:07 AM [32m    LOG[39m [38;5;3m[RoutesResolver] [39m[32mSettingsController {/admin/settings}:[39m[38;5;3m +0ms[39m
[32m[Nest] 256398  - [39m01/05/2026, 12:59:07 AM [32m    LOG[39m [38;5;3m[RouterExplorer] [39m[32mMapped {/admin/settings, GET} route[39m[38;5;3m +0ms[39m
[32m[Nest] 256398  - [39m01/05/2026, 12:59:07 AM [32m    LOG[39m [38;5;3m[RouterExplorer] [39m[32mMapped {/admin/settings/:key, GET} route[39m[38;5;3m +0ms[39m
[32m[Nest] 256398  - [39m01/05/2026, 12:59:07 AM [32m    LOG[39m [38;5;3m[RouterExplorer] [39m[32mMapped {/admin/settings, POST} route[39m[38;5;3m +0ms[39m
[32m[Nest] 256398  - [39m01/05/2026, 12:59:07 AM [32m    LOG[39m [38;5;3m[RouterExplorer] [39m[32mMapped {/admin/settings/:key, PUT} route[39m[38;5;3m +0ms[39m
[32m[Nest] 256398  - [39m01/05/2026, 12:59:07 AM [32m    LOG[39m [38;5;3m[RouterExplorer] [39m[32mMapped {/admin/settings/:key, DELETE} route[39m[38;5;3m +0ms[39m
[32m[Nest] 256398  - [39m01/05/2026, 12:59:07 AM [32m    LOG[39m [38;5;3m[RoutesResolver] [39m[32mPaymentsController {/admin/payments}:[39m[38;5;3m +0ms[39m
[32m[Nest] 256398  - [39m01/05/2026, 12:59:07 AM [32m    LOG[39m [38;5;3m[RouterExplorer] [39m[32mMapped {/admin/payments/stats, GET} route[39m[38;5;3m +0ms[39m
[32m[Nest] 256398  - [39m01/05/2026, 12:59:07 AM [32m    LOG[39m [38;5;3m[RouterExplorer] [39m[32mMapped {/admin/payments, GET} route[39m[38;5;3m +0ms[39m
[32m[Nest] 256398  - [39m01/05/2026, 12:59:07 AM [32m    LOG[39m [38;5;3m[RouterExplorer] [39m[32mMapped {/admin/payments/:id, GET} route[39m[38;5;3m +0ms[39m
[32m[Nest] 256398  - [39m01/05/2026, 12:59:07 AM [32m    LOG[39m [38;5;3m[NestApplication] [39m[32mNest application successfully started[39m[38;5;3m +47ms[39m
[31m[Nest] 256398  - [39m01/05/2026, 12:59:07 AM [31m  ERROR[39m [38;5;3m[NestApplication] [39m[31mError: listen EADDRINUSE: address already in use :::3010[39m[38;5;3m +1ms[39m
Error: listen EADDRINUSE: address already in use :::3010
    at Server.setupListenHandle [as _listen2] (node:net:1908:16)
    at listenInCluster (node:net:1965:12)
    at Server.listen (node:net:2067:7)
    at ExpressAdapter.listen (/home/bayajidswe/My-files/my-projects/jatra-railway/node_modules/.pnpm/@nestjs+platform-express@10.4.20_@nestjs+common@10.4.20_class-transformer@0.5.1_class-v_bd7e093f0b2f45f3454d4c6bd5ff4f44/node_modules/@nestjs/platform-express/adapters/express-adapter.js:95:32)
    at /home/bayajidswe/My-files/my-projects/jatra-railway/node_modules/.pnpm/@nestjs+core@10.4.20_@nestjs+common@10.4.20_class-transformer@0.5.1_class-validator@0.1_6ee324c1921a1c6c0e69db7d70d61af1/node_modules/@nestjs/core/nest-application.js:183:30
    at new Promise (<anonymous>)
    at NestApplication.listen (/home/bayajidswe/My-files/my-projects/jatra-railway/node_modules/.pnpm/@nestjs+core@10.4.20_@nestjs+common@10.4.20_class-transformer@0.5.1_class-validator@0.1_6ee324c1921a1c6c0e69db7d70d61af1/node_modules/@nestjs/core/nest-application.js:173:16)
    at bootstrap (/home/bayajidswe/My-files/my-projects/jatra-railway/apps/admin-service/src/main.ts:45:3)
[ERROR] 00:59:07 Error: listen EADDRINUSE: address already in use :::3010
[INFO] 00:59:11 Restarting: /home/bayajidswe/My-files/my-projects/jatra-railway/apps/admin-service/src/routes/dto/route.dto.ts has been modified
[32m[Nest] 256532  - [39m01/05/2026, 12:59:12 AM [32m    LOG[39m [38;5;3m[NestFactory] [39m[32mStarting Nest application...[39m
[32m[Nest] 256532  - [39m01/05/2026, 12:59:12 AM [32m    LOG[39m [38;5;3m[InstanceLoader] [39m[32mAppModule dependencies initialized[39m[38;5;3m +10ms[39m
[32m[Nest] 256532  - [39m01/05/2026, 12:59:12 AM [32m    LOG[39m [38;5;3m[InstanceLoader] [39m[32mPrismaModule dependencies initialized[39m[38;5;3m +1ms[39m
[32m[Nest] 256532  - [39m01/05/2026, 12:59:12 AM [32m    LOG[39m [38;5;3m[InstanceLoader] [39m[32mConfigHostModule dependencies initialized[39m[38;5;3m +0ms[39m
[32m[Nest] 256532  - [39m01/05/2026, 12:59:12 AM [32m    LOG[39m [38;5;3m[InstanceLoader] [39m[32mTrainsModule dependencies initialized[39m[38;5;3m +0ms[39m
[32m[Nest] 256532  - [39m01/05/2026, 12:59:12 AM [32m    LOG[39m [38;5;3m[InstanceLoader] [39m[32mRoutesModule dependencies initialized[39m[38;5;3m +0ms[39m
[32m[Nest] 256532  - [39m01/05/2026, 12:59:12 AM [32m    LOG[39m [38;5;3m[InstanceLoader] [39m[32mJourneysModule dependencies initialized[39m[38;5;3m +0ms[39m
[32m[Nest] 256532  - [39m01/05/2026, 12:59:12 AM [32m    LOG[39m [38;5;3m[InstanceLoader] [39m[32mStationsModule dependencies initialized[39m[38;5;3m +0ms[39m
[32m[Nest] 256532  - [39m01/05/2026, 12:59:12 AM [32m    LOG[39m [38;5;3m[InstanceLoader] [39m[32mUsersModule dependencies initialized[39m[38;5;3m +0ms[39m
[32m[Nest] 256532  - [39m01/05/2026, 12:59:12 AM [32m    LOG[39m [38;5;3m[InstanceLoader] [39m[32mBookingsModule dependencies initialized[39m[38;5;3m +1ms[39m
[32m[Nest] 256532  - [39m01/05/2026, 12:59:12 AM [32m    LOG[39m [38;5;3m[InstanceLoader] [39m[32mStatsModule dependencies initialized[39m[38;5;3m +0ms[39m
[32m[Nest] 256532  - [39m01/05/2026, 12:59:12 AM [32m    LOG[39m [38;5;3m[InstanceLoader] [39m[32mConfigModule dependencies initialized[39m[38;5;3m +0ms[39m
[32m[Nest] 256532  - [39m01/05/2026, 12:59:12 AM [32m    LOG[39m [38;5;3m[InstanceLoader] [39m[32mCoachesModule dependencies initialized[39m[38;5;3m +0ms[39m
[32m[Nest] 256532  - [39m01/05/2026, 12:59:12 AM [32m    LOG[39m [38;5;3m[InstanceLoader] [39m[32mSeatsModule dependencies initialized[39m[38;5;3m +0ms[39m
[32m[Nest] 256532  - [39m01/05/2026, 12:59:12 AM [32m    LOG[39m [38;5;3m[InstanceLoader] [39m[32mSettingsModule dependencies initialized[39m[38;5;3m +0ms[39m
[32m[Nest] 256532  - [39m01/05/2026, 12:59:12 AM [32m    LOG[39m [38;5;3m[InstanceLoader] [39m[32mPaymentsModule dependencies initialized[39m[38;5;3m +0ms[39m
[32m[Nest] 256532  - [39m01/05/2026, 12:59:12 AM [32m    LOG[39m [38;5;3m[RoutesResolver] [39m[32mTrainsController {/admin/trains}:[39m[38;5;3m +22ms[39m
[32m[Nest] 256532  - [39m01/05/2026, 12:59:12 AM [32m    LOG[39m [38;5;3m[RouterExplorer] [39m[32mMapped {/admin/trains, GET} route[39m[38;5;3m +1ms[39m
[32m[Nest] 256532  - [39m01/05/2026, 12:59:12 AM [32m    LOG[39m [38;5;3m[RouterExplorer] [39m[32mMapped {/admin/trains/:id, GET} route[39m[38;5;3m +0ms[39m
[32m[Nest] 256532  - [39m01/05/2026, 12:59:12 AM [32m    LOG[39m [38;5;3m[RouterExplorer] [39m[32mMapped {/admin/trains, POST} route[39m[38;5;3m +0ms[39m
[32m[Nest] 256532  - [39m01/05/2026, 12:59:12 AM [32m    LOG[39m [38;5;3m[RouterExplorer] [39m[32mMapped {/admin/trains/:id, PUT} route[39m[38;5;3m +0ms[39m
[32m[Nest] 256532  - [39m01/05/2026, 12:59:12 AM [32m    LOG[39m [38;5;3m[RouterExplorer] [39m[32mMapped {/admin/trains/:id, DELETE} route[39m[38;5;3m +1ms[39m
[32m[Nest] 256532  - [39m01/05/2026, 12:59:12 AM [32m    LOG[39m [38;5;3m[RoutesResolver] [39m[32mRoutesController {/admin/routes}:[39m[38;5;3m +0ms[39m
[32m[Nest] 256532  - [39m01/05/2026, 12:59:12 AM [32m    LOG[39m [38;5;3m[RouterExplorer] [39m[32mMapped {/admin/routes, GET} route[39m[38;5;3m +0ms[39m
[32m[Nest] 256532  - [39m01/05/2026, 12:59:12 AM [32m    LOG[39m [38;5;3m[RouterExplorer] [39m[32mMapped {/admin/routes/:id, GET} route[39m[38;5;3m +0ms[39m
[32m[Nest] 256532  - [39m01/05/2026, 12:59:12 AM [32m    LOG[39m [38;5;3m[RoutesResolver] [39m[32mJourneysController {/admin/journeys}:[39m[38;5;3m +0ms[39m
[32m[Nest] 256532  - [39m01/05/2026, 12:59:12 AM [32m    LOG[39m [38;5;3m[RouterExplorer] [39m[32mMapped {/admin/journeys, GET} route[39m[38;5;3m +0ms[39m
[32m[Nest] 256532  - [39m01/05/2026, 12:59:12 AM [32m    LOG[39m [38;5;3m[RouterExplorer] [39m[32mMapped {/admin/journeys/:id, GET} route[39m[38;5;3m +0ms[39m
[32m[Nest] 256532  - [39m01/05/2026, 12:59:12 AM [32m    LOG[39m [38;5;3m[RoutesResolver] [39m[32mStationsController {/admin/stations}:[39m[38;5;3m +0ms[39m
[32m[Nest] 256532  - [39m01/05/2026, 12:59:12 AM [32m    LOG[39m [38;5;3m[RouterExplorer] [39m[32mMapped {/admin/stations, GET} route[39m[38;5;3m +1ms[39m
[32m[Nest] 256532  - [39m01/05/2026, 12:59:12 AM [32m    LOG[39m [38;5;3m[RoutesResolver] [39m[32mUsersController {/admin/users}:[39m[38;5;3m +0ms[39m
[32m[Nest] 256532  - [39m01/05/2026, 12:59:12 AM [32m    LOG[39m [38;5;3m[RouterExplorer] [39m[32mMapped {/admin/users, GET} route[39m[38;5;3m +0ms[39m
[32m[Nest] 256532  - [39m01/05/2026, 12:59:12 AM [32m    LOG[39m [38;5;3m[RouterExplorer] [39m[32mMapped {/admin/users/:id, GET} route[39m[38;5;3m +0ms[39m
[32m[Nest] 256532  - [39m01/05/2026, 12:59:12 AM [32m    LOG[39m [38;5;3m[RoutesResolver] [39m[32mBookingsController {/admin/bookings}:[39m[38;5;3m +0ms[39m
[32m[Nest] 256532  - [39m01/05/2026, 12:59:12 AM [32m    LOG[39m [38;5;3m[RouterExplorer] [39m[32mMapped {/admin/bookings, GET} route[39m[38;5;3m +0ms[39m
[32m[Nest] 256532  - [39m01/05/2026, 12:59:12 AM [32m    LOG[39m [38;5;3m[RouterExplorer] [39m[32mMapped {/admin/bookings/:id, GET} route[39m[38;5;3m +0ms[39m
[32m[Nest] 256532  - [39m01/05/2026, 12:59:12 AM [32m    LOG[39m [38;5;3m[RoutesResolver] [39m[32mStatsController {/admin/stats}:[39m[38;5;3m +0ms[39m
[32m[Nest] 256532  - [39m01/05/2026, 12:59:12 AM [32m    LOG[39m [38;5;3m[RouterExplorer] [39m[32mMapped {/admin/stats/dashboard, GET} route[39m[38;5;3m +0ms[39m
[32m[Nest] 256532  - [39m01/05/2026, 12:59:12 AM [32m    LOG[39m [38;5;3m[RoutesResolver] [39m[32mCoachesController {/admin/coaches}:[39m[38;5;3m +0ms[39m
[32m[Nest] 256532  - [39m01/05/2026, 12:59:12 AM [32m    LOG[39m [38;5;3m[RouterExplorer] [39m[32mMapped {/admin/coaches, GET} route[39m[38;5;3m +0ms[39m
[32m[Nest] 256532  - [39m01/05/2026, 12:59:12 AM [32m    LOG[39m [38;5;3m[RouterExplorer] [39m[32mMapped {/admin/coaches/:id, GET} route[39m[38;5;3m +0ms[39m
[32m[Nest] 256532  - [39m01/05/2026, 12:59:12 AM [32m    LOG[39m [38;5;3m[RouterExplorer] [39m[32mMapped {/admin/coaches, POST} route[39m[38;5;3m +0ms[39m
[32m[Nest] 256532  - [39m01/05/2026, 12:59:12 AM [32m    LOG[39m [38;5;3m[RouterExplorer] [39m[32mMapped {/admin/coaches/:id, PUT} route[39m[38;5;3m +0ms[39m
[32m[Nest] 256532  - [39m01/05/2026, 12:59:12 AM [32m    LOG[39m [38;5;3m[RouterExplorer] [39m[32mMapped {/admin/coaches/:id, DELETE} route[39m[38;5;3m +1ms[39m
[32m[Nest] 256532  - [39m01/05/2026, 12:59:12 AM [32m    LOG[39m [38;5;3m[RoutesResolver] [39m[32mSeatsController {/admin/seats}:[39m[38;5;3m +0ms[39m
[32m[Nest] 256532  - [39m01/05/2026, 12:59:12 AM [32m    LOG[39m [38;5;3m[RouterExplorer] [39m[32mMapped {/admin/seats, GET} route[39m[38;5;3m +0ms[39m
[32m[Nest] 256532  - [39m01/05/2026, 12:59:12 AM [32m    LOG[39m [38;5;3m[RouterExplorer] [39m[32mMapped {/admin/seats/:id, GET} route[39m[38;5;3m +0ms[39m
[32m[Nest] 256532  - [39m01/05/2026, 12:59:12 AM [32m    LOG[39m [38;5;3m[RouterExplorer] [39m[32mMapped {/admin/seats, POST} route[39m[38;5;3m +0ms[39m
[32m[Nest] 256532  - [39m01/05/2026, 12:59:12 AM [32m    LOG[39m [38;5;3m[RouterExplorer] [39m[32mMapped {/admin/seats/bulk, POST} route[39m[38;5;3m +0ms[39m
[32m[Nest] 256532  - [39m01/05/2026, 12:59:12 AM [32m    LOG[39m [38;5;3m[RouterExplorer] [39m[32mMapped {/admin/seats/:id, PUT} route[39m[38;5;3m +0ms[39m
[32m[Nest] 256532  - [39m01/05/2026, 12:59:12 AM [32m    LOG[39m [38;5;3m[RouterExplorer] [39m[32mMapped {/admin/seats/:id, DELETE} route[39m[38;5;3m +0ms[39m
[32m[Nest] 256532  - [39m01/05/2026, 12:59:12 AM [32m    LOG[39m [38;5;3m[RoutesResolver] [39m[32mSettingsController {/admin/settings}:[39m[38;5;3m +0ms[39m
[32m[Nest] 256532  - [39m01/05/2026, 12:59:12 AM [32m    LOG[39m [38;5;3m[RouterExplorer] [39m[32mMapped {/admin/settings, GET} route[39m[38;5;3m +0ms[39m
[32m[Nest] 256532  - [39m01/05/2026, 12:59:12 AM [32m    LOG[39m [38;5;3m[RouterExplorer] [39m[32mMapped {/admin/settings/:key, GET} route[39m[38;5;3m +0ms[39m
[32m[Nest] 256532  - [39m01/05/2026, 12:59:12 AM [32m    LOG[39m [38;5;3m[RouterExplorer] [39m[32mMapped {/admin/settings, POST} route[39m[38;5;3m +0ms[39m
[32m[Nest] 256532  - [39m01/05/2026, 12:59:12 AM [32m    LOG[39m [38;5;3m[RouterExplorer] [39m[32mMapped {/admin/settings/:key, PUT} route[39m[38;5;3m +0ms[39m
[32m[Nest] 256532  - [39m01/05/2026, 12:59:12 AM [32m    LOG[39m [38;5;3m[RouterExplorer] [39m[32mMapped {/admin/settings/:key, DELETE} route[39m[38;5;3m +0ms[39m
[32m[Nest] 256532  - [39m01/05/2026, 12:59:12 AM [32m    LOG[39m [38;5;3m[RoutesResolver] [39m[32mPaymentsController {/admin/payments}:[39m[38;5;3m +0ms[39m
[32m[Nest] 256532  - [39m01/05/2026, 12:59:12 AM [32m    LOG[39m [38;5;3m[RouterExplorer] [39m[32mMapped {/admin/payments/stats, GET} route[39m[38;5;3m +0ms[39m
[32m[Nest] 256532  - [39m01/05/2026, 12:59:12 AM [32m    LOG[39m [38;5;3m[RouterExplorer] [39m[32mMapped {/admin/payments, GET} route[39m[38;5;3m +0ms[39m
[32m[Nest] 256532  - [39m01/05/2026, 12:59:12 AM [32m    LOG[39m [38;5;3m[RouterExplorer] [39m[32mMapped {/admin/payments/:id, GET} route[39m[38;5;3m +0ms[39m
[32m[Nest] 256532  - [39m01/05/2026, 12:59:12 AM [32m    LOG[39m [38;5;3m[NestApplication] [39m[32mNest application successfully started[39m[38;5;3m +52ms[39m
🚀 Admin Service is running on: http://localhost:3010
📚 Swagger documentation: http://localhost:3010/api/docs
🔐 Admin operations - requires ADMIN role
[INFO] 00:59:17 Restarting: /home/bayajidswe/My-files/my-projects/jatra-railway/apps/admin-service/src/stations/stations.service.ts has been modified
[32m[Nest] 256750  - [39m01/05/2026, 12:59:17 AM [32m    LOG[39m [38;5;3m[NestFactory] [39m[32mStarting Nest application...[39m
[32m[Nest] 256750  - [39m01/05/2026, 12:59:17 AM [32m    LOG[39m [38;5;3m[InstanceLoader] [39m[32mAppModule dependencies initialized[39m[38;5;3m +25ms[39m
[32m[Nest] 256750  - [39m01/05/2026, 12:59:17 AM [32m    LOG[39m [38;5;3m[InstanceLoader] [39m[32mPrismaModule dependencies initialized[39m[38;5;3m +0ms[39m
[32m[Nest] 256750  - [39m01/05/2026, 12:59:17 AM [32m    LOG[39m [38;5;3m[InstanceLoader] [39m[32mConfigHostModule dependencies initialized[39m[38;5;3m +1ms[39m
[32m[Nest] 256750  - [39m01/05/2026, 12:59:17 AM [32m    LOG[39m [38;5;3m[InstanceLoader] [39m[32mTrainsModule dependencies initialized[39m[38;5;3m +1ms[39m
[32m[Nest] 256750  - [39m01/05/2026, 12:59:17 AM [32m    LOG[39m [38;5;3m[InstanceLoader] [39m[32mRoutesModule dependencies initialized[39m[38;5;3m +0ms[39m
[32m[Nest] 256750  - [39m01/05/2026, 12:59:17 AM [32m    LOG[39m [38;5;3m[InstanceLoader] [39m[32mJourneysModule dependencies initialized[39m[38;5;3m +0ms[39m
[32m[Nest] 256750  - [39m01/05/2026, 12:59:17 AM [32m    LOG[39m [38;5;3m[InstanceLoader] [39m[32mStationsModule dependencies initialized[39m[38;5;3m +1ms[39m
[32m[Nest] 256750  - [39m01/05/2026, 12:59:17 AM [32m    LOG[39m [38;5;3m[InstanceLoader] [39m[32mUsersModule dependencies initialized[39m[38;5;3m +0ms[39m
[32m[Nest] 256750  - [39m01/05/2026, 12:59:17 AM [32m    LOG[39m [38;5;3m[InstanceLoader] [39m[32mBookingsModule dependencies initialized[39m[38;5;3m +0ms[39m
[32m[Nest] 256750  - [39m01/05/2026, 12:59:17 AM [32m    LOG[39m [38;5;3m[InstanceLoader] [39m[32mStatsModule dependencies initialized[39m[38;5;3m +0ms[39m
[32m[Nest] 256750  - [39m01/05/2026, 12:59:17 AM [32m    LOG[39m [38;5;3m[InstanceLoader] [39m[32mConfigModule dependencies initialized[39m[38;5;3m +0ms[39m
[32m[Nest] 256750  - [39m01/05/2026, 12:59:17 AM [32m    LOG[39m [38;5;3m[InstanceLoader] [39m[32mCoachesModule dependencies initialized[39m[38;5;3m +0ms[39m
[32m[Nest] 256750  - [39m01/05/2026, 12:59:17 AM [32m    LOG[39m [38;5;3m[InstanceLoader] [39m[32mSeatsModule dependencies initialized[39m[38;5;3m +0ms[39m
[32m[Nest] 256750  - [39m01/05/2026, 12:59:17 AM [32m    LOG[39m [38;5;3m[InstanceLoader] [39m[32mSettingsModule dependencies initialized[39m[38;5;3m +0ms[39m
[32m[Nest] 256750  - [39m01/05/2026, 12:59:17 AM [32m    LOG[39m [38;5;3m[InstanceLoader] [39m[32mPaymentsModule dependencies initialized[39m[38;5;3m +0ms[39m
[32m[Nest] 256750  - [39m01/05/2026, 12:59:17 AM [32m    LOG[39m [38;5;3m[RoutesResolver] [39m[32mTrainsController {/admin/trains}:[39m[38;5;3m +29ms[39m
[32m[Nest] 256750  - [39m01/05/2026, 12:59:17 AM [32m    LOG[39m [38;5;3m[RouterExplorer] [39m[32mMapped {/admin/trains, GET} route[39m[38;5;3m +1ms[39m
[32m[Nest] 256750  - [39m01/05/2026, 12:59:17 AM [32m    LOG[39m [38;5;3m[RouterExplorer] [39m[32mMapped {/admin/trains/:id, GET} route[39m[38;5;3m +0ms[39m
[32m[Nest] 256750  - [39m01/05/2026, 12:59:17 AM [32m    LOG[39m [38;5;3m[RouterExplorer] [39m[32mMapped {/admin/trains, POST} route[39m[38;5;3m +0ms[39m
[32m[Nest] 256750  - [39m01/05/2026, 12:59:17 AM [32m    LOG[39m [38;5;3m[RouterExplorer] [39m[32mMapped {/admin/trains/:id, PUT} route[39m[38;5;3m +0ms[39m
[32m[Nest] 256750  - [39m01/05/2026, 12:59:17 AM [32m    LOG[39m [38;5;3m[RouterExplorer] [39m[32mMapped {/admin/trains/:id, DELETE} route[39m[38;5;3m +0ms[39m
[32m[Nest] 256750  - [39m01/05/2026, 12:59:17 AM [32m    LOG[39m [38;5;3m[RoutesResolver] [39m[32mRoutesController {/admin/routes}:[39m[38;5;3m +0ms[39m
[32m[Nest] 256750  - [39m01/05/2026, 12:59:17 AM [32m    LOG[39m [38;5;3m[RouterExplorer] [39m[32mMapped {/admin/routes, GET} route[39m[38;5;3m +0ms[39m
[32m[Nest] 256750  - [39m01/05/2026, 12:59:17 AM [32m    LOG[39m [38;5;3m[RouterExplorer] [39m[32mMapped {/admin/routes/:id, GET} route[39m[38;5;3m +1ms[39m
[32m[Nest] 256750  - [39m01/05/2026, 12:59:17 AM [32m    LOG[39m [38;5;3m[RoutesResolver] [39m[32mJourneysController {/admin/journeys}:[39m[38;5;3m +0ms[39m
[32m[Nest] 256750  - [39m01/05/2026, 12:59:17 AM [32m    LOG[39m [38;5;3m[RouterExplorer] [39m[32mMapped {/admin/journeys, GET} route[39m[38;5;3m +0ms[39m
[32m[Nest] 256750  - [39m01/05/2026, 12:59:17 AM [32m    LOG[39m [38;5;3m[RouterExplorer] [39m[32mMapped {/admin/journeys/:id, GET} route[39m[38;5;3m +0ms[39m
[32m[Nest] 256750  - [39m01/05/2026, 12:59:17 AM [32m    LOG[39m [38;5;3m[RoutesResolver] [39m[32mStationsController {/admin/stations}:[39m[38;5;3m +0ms[39m
[32m[Nest] 256750  - [39m01/05/2026, 12:59:17 AM [32m    LOG[39m [38;5;3m[RouterExplorer] [39m[32mMapped {/admin/stations, GET} route[39m[38;5;3m +0ms[39m
[32m[Nest] 256750  - [39m01/05/2026, 12:59:17 AM [32m    LOG[39m [38;5;3m[RoutesResolver] [39m[32mUsersController {/admin/users}:[39m[38;5;3m +0ms[39m
[32m[Nest] 256750  - [39m01/05/2026, 12:59:17 AM [32m    LOG[39m [38;5;3m[RouterExplorer] [39m[32mMapped {/admin/users, GET} route[39m[38;5;3m +0ms[39m
[32m[Nest] 256750  - [39m01/05/2026, 12:59:17 AM [32m    LOG[39m [38;5;3m[RouterExplorer] [39m[32mMapped {/admin/users/:id, GET} route[39m[38;5;3m +0ms[39m
[32m[Nest] 256750  - [39m01/05/2026, 12:59:17 AM [32m    LOG[39m [38;5;3m[RoutesResolver] [39m[32mBookingsController {/admin/bookings}:[39m[38;5;3m +0ms[39m
[32m[Nest] 256750  - [39m01/05/2026, 12:59:17 AM [32m    LOG[39m [38;5;3m[RouterExplorer] [39m[32mMapped {/admin/bookings, GET} route[39m[38;5;3m +0ms[39m
[32m[Nest] 256750  - [39m01/05/2026, 12:59:17 AM [32m    LOG[39m [38;5;3m[RouterExplorer] [39m[32mMapped {/admin/bookings/:id, GET} route[39m[38;5;3m +0ms[39m
[32m[Nest] 256750  - [39m01/05/2026, 12:59:17 AM [32m    LOG[39m [38;5;3m[RoutesResolver] [39m[32mStatsController {/admin/stats}:[39m[38;5;3m +1ms[39m
[32m[Nest] 256750  - [39m01/05/2026, 12:59:17 AM [32m    LOG[39m [38;5;3m[RouterExplorer] [39m[32mMapped {/admin/stats/dashboard, GET} route[39m[38;5;3m +0ms[39m
[32m[Nest] 256750  - [39m01/05/2026, 12:59:17 AM [32m    LOG[39m [38;5;3m[RoutesResolver] [39m[32mCoachesController {/admin/coaches}:[39m[38;5;3m +0ms[39m
[32m[Nest] 256750  - [39m01/05/2026, 12:59:17 AM [32m    LOG[39m [38;5;3m[RouterExplorer] [39m[32mMapped {/admin/coaches, GET} route[39m[38;5;3m +0ms[39m
[32m[Nest] 256750  - [39m01/05/2026, 12:59:17 AM [32m    LOG[39m [38;5;3m[RouterExplorer] [39m[32mMapped {/admin/coaches/:id, GET} route[39m[38;5;3m +0ms[39m
[32m[Nest] 256750  - [39m01/05/2026, 12:59:17 AM [32m    LOG[39m [38;5;3m[RouterExplorer] [39m[32mMapped {/admin/coaches, POST} route[39m[38;5;3m +0ms[39m
[32m[Nest] 256750  - [39m01/05/2026, 12:59:17 AM [32m    LOG[39m [38;5;3m[RouterExplorer] [39m[32mMapped {/admin/coaches/:id, PUT} route[39m[38;5;3m +0ms[39m
[32m[Nest] 256750  - [39m01/05/2026, 12:59:17 AM [32m    LOG[39m [38;5;3m[RouterExplorer] [39m[32mMapped {/admin/coaches/:id, DELETE} route[39m[38;5;3m +0ms[39m
[32m[Nest] 256750  - [39m01/05/2026, 12:59:17 AM [32m    LOG[39m [38;5;3m[RoutesResolver] [39m[32mSeatsController {/admin/seats}:[39m[38;5;3m +0ms[39m
[32m[Nest] 256750  - [39m01/05/2026, 12:59:17 AM [32m    LOG[39m [38;5;3m[RouterExplorer] [39m[32mMapped {/admin/seats, GET} route[39m[38;5;3m +0ms[39m
[32m[Nest] 256750  - [39m01/05/2026, 12:59:17 AM [32m    LOG[39m [38;5;3m[RouterExplorer] [39m[32mMapped {/admin/seats/:id, GET} route[39m[38;5;3m +0ms[39m
[32m[Nest] 256750  - [39m01/05/2026, 12:59:17 AM [32m    LOG[39m [38;5;3m[RouterExplorer] [39m[32mMapped {/admin/seats, POST} route[39m[38;5;3m +0ms[39m
[32m[Nest] 256750  - [39m01/05/2026, 12:59:17 AM [32m    LOG[39m [38;5;3m[RouterExplorer] [39m[32mMapped {/admin/seats/bulk, POST} route[39m[38;5;3m +0ms[39m
[32m[Nest] 256750  - [39m01/05/2026, 12:59:17 AM [32m    LOG[39m [38;5;3m[RouterExplorer] [39m[32mMapped {/admin/seats/:id, PUT} route[39m[38;5;3m +0ms[39m
[32m[Nest] 256750  - [39m01/05/2026, 12:59:17 AM [32m    LOG[39m [38;5;3m[RouterExplorer] [39m[32mMapped {/admin/seats/:id, DELETE} route[39m[38;5;3m +0ms[39m
[32m[Nest] 256750  - [39m01/05/2026, 12:59:17 AM [32m    LOG[39m [38;5;3m[RoutesResolver] [39m[32mSettingsController {/admin/settings}:[39m[38;5;3m +0ms[39m
[32m[Nest] 256750  - [39m01/05/2026, 12:59:17 AM [32m    LOG[39m [38;5;3m[RouterExplorer] [39m[32mMapped {/admin/settings, GET} route[39m[38;5;3m +0ms[39m
[32m[Nest] 256750  - [39m01/05/2026, 12:59:17 AM [32m    LOG[39m [38;5;3m[RouterExplorer] [39m[32mMapped {/admin/settings/:key, GET} route[39m[38;5;3m +0ms[39m
[32m[Nest] 256750  - [39m01/05/2026, 12:59:17 AM [32m    LOG[39m [38;5;3m[RouterExplorer] [39m[32mMapped {/admin/settings, POST} route[39m[38;5;3m +0ms[39m
[32m[Nest] 256750  - [39m01/05/2026, 12:59:17 AM [32m    LOG[39m [38;5;3m[RouterExplorer] [39m[32mMapped {/admin/settings/:key, PUT} route[39m[38;5;3m +0ms[39m
[32m[Nest] 256750  - [39m01/05/2026, 12:59:17 AM [32m    LOG[39m [38;5;3m[RouterExplorer] [39m[32mMapped {/admin/settings/:key, DELETE} route[39m[38;5;3m +0ms[39m
[32m[Nest] 256750  - [39m01/05/2026, 12:59:17 AM [32m    LOG[39m [38;5;3m[RoutesResolver] [39m[32mPaymentsController {/admin/payments}:[39m[38;5;3m +0ms[39m
[32m[Nest] 256750  - [39m01/05/2026, 12:59:17 AM [32m    LOG[39m [38;5;3m[RouterExplorer] [39m[32mMapped {/admin/payments/stats, GET} route[39m[38;5;3m +1ms[39m
[32m[Nest] 256750  - [39m01/05/2026, 12:59:17 AM [32m    LOG[39m [38;5;3m[RouterExplorer] [39m[32mMapped {/admin/payments, GET} route[39m[38;5;3m +0ms[39m
[32m[Nest] 256750  - [39m01/05/2026, 12:59:17 AM [32m    LOG[39m [38;5;3m[RouterExplorer] [39m[32mMapped {/admin/payments/:id, GET} route[39m[38;5;3m +0ms[39m
[32m[Nest] 256750  - [39m01/05/2026, 12:59:17 AM [32m    LOG[39m [38;5;3m[NestApplication] [39m[32mNest application successfully started[39m[38;5;3m +49ms[39m
[31m[Nest] 256750  - [39m01/05/2026, 12:59:17 AM [31m  ERROR[39m [38;5;3m[NestApplication] [39m[31mError: listen EADDRINUSE: address already in use :::3010[39m[38;5;3m +2ms[39m
Error: listen EADDRINUSE: address already in use :::3010
    at Server.setupListenHandle [as _listen2] (node:net:1908:16)
    at listenInCluster (node:net:1965:12)
    at Server.listen (node:net:2067:7)
    at ExpressAdapter.listen (/home/bayajidswe/My-files/my-projects/jatra-railway/node_modules/.pnpm/@nestjs+platform-express@10.4.20_@nestjs+common@10.4.20_class-transformer@0.5.1_class-v_bd7e093f0b2f45f3454d4c6bd5ff4f44/node_modules/@nestjs/platform-express/adapters/express-adapter.js:95:32)
    at /home/bayajidswe/My-files/my-projects/jatra-railway/node_modules/.pnpm/@nestjs+core@10.4.20_@nestjs+common@10.4.20_class-transformer@0.5.1_class-validator@0.1_6ee324c1921a1c6c0e69db7d70d61af1/node_modules/@nestjs/core/nest-application.js:183:30
    at new Promise (<anonymous>)
    at NestApplication.listen (/home/bayajidswe/My-files/my-projects/jatra-railway/node_modules/.pnpm/@nestjs+core@10.4.20_@nestjs+common@10.4.20_class-transformer@0.5.1_class-validator@0.1_6ee324c1921a1c6c0e69db7d70d61af1/node_modules/@nestjs/core/nest-application.js:173:16)
    at bootstrap (/home/bayajidswe/My-files/my-projects/jatra-railway/apps/admin-service/src/main.ts:45:3)
[ERROR] 00:59:17 Error: listen EADDRINUSE: address already in use :::3010
[INFO] 00:59:19 Restarting: /home/bayajidswe/My-files/my-projects/jatra-railway/apps/admin-service/src/routes/routes.service.ts has been modified
[32m[Nest] 256829  - [39m01/05/2026, 12:59:19 AM [32m    LOG[39m [38;5;3m[NestFactory] [39m[32mStarting Nest application...[39m
[32m[Nest] 256829  - [39m01/05/2026, 12:59:19 AM [32m    LOG[39m [38;5;3m[InstanceLoader] [39m[32mAppModule dependencies initialized[39m[38;5;3m +11ms[39m
[32m[Nest] 256829  - [39m01/05/2026, 12:59:19 AM [32m    LOG[39m [38;5;3m[InstanceLoader] [39m[32mPrismaModule dependencies initialized[39m[38;5;3m +0ms[39m
[32m[Nest] 256829  - [39m01/05/2026, 12:59:19 AM [32m    LOG[39m [38;5;3m[InstanceLoader] [39m[32mConfigHostModule dependencies initialized[39m[38;5;3m +0ms[39m
[32m[Nest] 256829  - [39m01/05/2026, 12:59:19 AM [32m    LOG[39m [38;5;3m[InstanceLoader] [39m[32mTrainsModule dependencies initialized[39m[38;5;3m +1ms[39m
[32m[Nest] 256829  - [39m01/05/2026, 12:59:19 AM [32m    LOG[39m [38;5;3m[InstanceLoader] [39m[32mRoutesModule dependencies initialized[39m[38;5;3m +0ms[39m
[32m[Nest] 256829  - [39m01/05/2026, 12:59:19 AM [32m    LOG[39m [38;5;3m[InstanceLoader] [39m[32mJourneysModule dependencies initialized[39m[38;5;3m +0ms[39m
[32m[Nest] 256829  - [39m01/05/2026, 12:59:19 AM [32m    LOG[39m [38;5;3m[InstanceLoader] [39m[32mStationsModule dependencies initialized[39m[38;5;3m +0ms[39m
[32m[Nest] 256829  - [39m01/05/2026, 12:59:19 AM [32m    LOG[39m [38;5;3m[InstanceLoader] [39m[32mUsersModule dependencies initialized[39m[38;5;3m +0ms[39m
[32m[Nest] 256829  - [39m01/05/2026, 12:59:19 AM [32m    LOG[39m [38;5;3m[InstanceLoader] [39m[32mBookingsModule dependencies initialized[39m[38;5;3m +0ms[39m
[32m[Nest] 256829  - [39m01/05/2026, 12:59:19 AM [32m    LOG[39m [38;5;3m[InstanceLoader] [39m[32mStatsModule dependencies initialized[39m[38;5;3m +0ms[39m
[32m[Nest] 256829  - [39m01/05/2026, 12:59:19 AM [32m    LOG[39m [38;5;3m[InstanceLoader] [39m[32mConfigModule dependencies initialized[39m[38;5;3m +0ms[39m
[32m[Nest] 256829  - [39m01/05/2026, 12:59:19 AM [32m    LOG[39m [38;5;3m[InstanceLoader] [39m[32mCoachesModule dependencies initialized[39m[38;5;3m +0ms[39m
[32m[Nest] 256829  - [39m01/05/2026, 12:59:19 AM [32m    LOG[39m [38;5;3m[InstanceLoader] [39m[32mSeatsModule dependencies initialized[39m[38;5;3m +0ms[39m
[32m[Nest] 256829  - [39m01/05/2026, 12:59:19 AM [32m    LOG[39m [38;5;3m[InstanceLoader] [39m[32mSettingsModule dependencies initialized[39m[38;5;3m +0ms[39m
[32m[Nest] 256829  - [39m01/05/2026, 12:59:19 AM [32m    LOG[39m [38;5;3m[InstanceLoader] [39m[32mPaymentsModule dependencies initialized[39m[38;5;3m +0ms[39m
[32m[Nest] 256829  - [39m01/05/2026, 12:59:19 AM [32m    LOG[39m [38;5;3m[RoutesResolver] [39m[32mTrainsController {/admin/trains}:[39m[38;5;3m +30ms[39m
[32m[Nest] 256829  - [39m01/05/2026, 12:59:19 AM [32m    LOG[39m [38;5;3m[RouterExplorer] [39m[32mMapped {/admin/trains, GET} route[39m[38;5;3m +3ms[39m
[32m[Nest] 256829  - [39m01/05/2026, 12:59:19 AM [32m    LOG[39m [38;5;3m[RouterExplorer] [39m[32mMapped {/admin/trains/:id, GET} route[39m[38;5;3m +0ms[39m
[32m[Nest] 256829  - [39m01/05/2026, 12:59:19 AM [32m    LOG[39m [38;5;3m[RouterExplorer] [39m[32mMapped {/admin/trains, POST} route[39m[38;5;3m +0ms[39m
[32m[Nest] 256829  - [39m01/05/2026, 12:59:19 AM [32m    LOG[39m [38;5;3m[RouterExplorer] [39m[32mMapped {/admin/trains/:id, PUT} route[39m[38;5;3m +1ms[39m
[32m[Nest] 256829  - [39m01/05/2026, 12:59:19 AM [32m    LOG[39m [38;5;3m[RouterExplorer] [39m[32mMapped {/admin/trains/:id, DELETE} route[39m[38;5;3m +0ms[39m
[32m[Nest] 256829  - [39m01/05/2026, 12:59:19 AM [32m    LOG[39m [38;5;3m[RoutesResolver] [39m[32mRoutesController {/admin/routes}:[39m[38;5;3m +0ms[39m
[32m[Nest] 256829  - [39m01/05/2026, 12:59:19 AM [32m    LOG[39m [38;5;3m[RouterExplorer] [39m[32mMapped {/admin/routes, GET} route[39m[38;5;3m +0ms[39m
[32m[Nest] 256829  - [39m01/05/2026, 12:59:19 AM [32m    LOG[39m [38;5;3m[RouterExplorer] [39m[32mMapped {/admin/routes/:id, GET} route[39m[38;5;3m +0ms[39m
[32m[Nest] 256829  - [39m01/05/2026, 12:59:19 AM [32m    LOG[39m [38;5;3m[RoutesResolver] [39m[32mJourneysController {/admin/journeys}:[39m[38;5;3m +0ms[39m
[32m[Nest] 256829  - [39m01/05/2026, 12:59:19 AM [32m    LOG[39m [38;5;3m[RouterExplorer] [39m[32mMapped {/admin/journeys, GET} route[39m[38;5;3m +1ms[39m
[32m[Nest] 256829  - [39m01/05/2026, 12:59:19 AM [32m    LOG[39m [38;5;3m[RouterExplorer] [39m[32mMapped {/admin/journeys/:id, GET} route[39m[38;5;3m +0ms[39m
[32m[Nest] 256829  - [39m01/05/2026, 12:59:19 AM [32m    LOG[39m [38;5;3m[RoutesResolver] [39m[32mStationsController {/admin/stations}:[39m[38;5;3m +0ms[39m
[32m[Nest] 256829  - [39m01/05/2026, 12:59:19 AM [32m    LOG[39m [38;5;3m[RouterExplorer] [39m[32mMapped {/admin/stations, GET} route[39m[38;5;3m +0ms[39m
[32m[Nest] 256829  - [39m01/05/2026, 12:59:19 AM [32m    LOG[39m [38;5;3m[RoutesResolver] [39m[32mUsersController {/admin/users}:[39m[38;5;3m +0ms[39m
[32m[Nest] 256829  - [39m01/05/2026, 12:59:19 AM [32m    LOG[39m [38;5;3m[RouterExplorer] [39m[32mMapped {/admin/users, GET} route[39m[38;5;3m +0ms[39m
[32m[Nest] 256829  - [39m01/05/2026, 12:59:19 AM [32m    LOG[39m [38;5;3m[RouterExplorer] [39m[32mMapped {/admin/users/:id, GET} route[39m[38;5;3m +1ms[39m
[32m[Nest] 256829  - [39m01/05/2026, 12:59:19 AM [32m    LOG[39m [38;5;3m[RoutesResolver] [39m[32mBookingsController {/admin/bookings}:[39m[38;5;3m +0ms[39m
[32m[Nest] 256829  - [39m01/05/2026, 12:59:19 AM [32m    LOG[39m [38;5;3m[RouterExplorer] [39m[32mMapped {/admin/bookings, GET} route[39m[38;5;3m +0ms[39m
[32m[Nest] 256829  - [39m01/05/2026, 12:59:19 AM [32m    LOG[39m [38;5;3m[RouterExplorer] [39m[32mMapped {/admin/bookings/:id, GET} route[39m[38;5;3m +0ms[39m
[32m[Nest] 256829  - [39m01/05/2026, 12:59:19 AM [32m    LOG[39m [38;5;3m[RoutesResolver] [39m[32mStatsController {/admin/stats}:[39m[38;5;3m +0ms[39m
[32m[Nest] 256829  - [39m01/05/2026, 12:59:19 AM [32m    LOG[39m [38;5;3m[RouterExplorer] [39m[32mMapped {/admin/stats/dashboard, GET} route[39m[38;5;3m +0ms[39m
[32m[Nest] 256829  - [39m01/05/2026, 12:59:19 AM [32m    LOG[39m [38;5;3m[RoutesResolver] [39m[32mCoachesController {/admin/coaches}:[39m[38;5;3m +0ms[39m
[32m[Nest] 256829  - [39m01/05/2026, 12:59:19 AM [32m    LOG[39m [38;5;3m[RouterExplorer] [39m[32mMapped {/admin/coaches, GET} route[39m[38;5;3m +0ms[39m
[32m[Nest] 256829  - [39m01/05/2026, 12:59:19 AM [32m    LOG[39m [38;5;3m[RouterExplorer] [39m[32mMapped {/admin/coaches/:id, GET} route[39m[38;5;3m +0ms[39m
[32m[Nest] 256829  - [39m01/05/2026, 12:59:19 AM [32m    LOG[39m [38;5;3m[RouterExplorer] [39m[32mMapped {/admin/coaches, POST} route[39m[38;5;3m +0ms[39m
[32m[Nest] 256829  - [39m01/05/2026, 12:59:19 AM [32m    LOG[39m [38;5;3m[RouterExplorer] [39m[32mMapped {/admin/coaches/:id, PUT} route[39m[38;5;3m +0ms[39m
[32m[Nest] 256829  - [39m01/05/2026, 12:59:19 AM [32m    LOG[39m [38;5;3m[RouterExplorer] [39m[32mMapped {/admin/coaches/:id, DELETE} route[39m[38;5;3m +0ms[39m
[32m[Nest] 256829  - [39m01/05/2026, 12:59:19 AM [32m    LOG[39m [38;5;3m[RoutesResolver] [39m[32mSeatsController {/admin/seats}:[39m[38;5;3m +0ms[39m
[32m[Nest] 256829  - [39m01/05/2026, 12:59:19 AM [32m    LOG[39m [38;5;3m[RouterExplorer] [39m[32mMapped {/admin/seats, GET} route[39m[38;5;3m +1ms[39m
[32m[Nest] 256829  - [39m01/05/2026, 12:59:19 AM [32m    LOG[39m [38;5;3m[RouterExplorer] [39m[32mMapped {/admin/seats/:id, GET} route[39m[38;5;3m +0ms[39m
[32m[Nest] 256829  - [39m01/05/2026, 12:59:19 AM [32m    LOG[39m [38;5;3m[RouterExplorer] [39m[32mMapped {/admin/seats, POST} route[39m[38;5;3m +0ms[39m
[32m[Nest] 256829  - [39m01/05/2026, 12:59:19 AM [32m    LOG[39m [38;5;3m[RouterExplorer] [39m[32mMapped {/admin/seats/bulk, POST} route[39m[38;5;3m +0ms[39m
[32m[Nest] 256829  - [39m01/05/2026, 12:59:19 AM [32m    LOG[39m [38;5;3m[RouterExplorer] [39m[32mMapped {/admin/seats/:id, PUT} route[39m[38;5;3m +0ms[39m
[32m[Nest] 256829  - [39m01/05/2026, 12:59:19 AM [32m    LOG[39m [38;5;3m[RouterExplorer] [39m[32mMapped {/admin/seats/:id, DELETE} route[39m[38;5;3m +0ms[39m
[32m[Nest] 256829  - [39m01/05/2026, 12:59:19 AM [32m    LOG[39m [38;5;3m[RoutesResolver] [39m[32mSettingsController {/admin/settings}:[39m[38;5;3m +1ms[39m
[32m[Nest] 256829  - [39m01/05/2026, 12:59:19 AM [32m    LOG[39m [38;5;3m[RouterExplorer] [39m[32mMapped {/admin/settings, GET} route[39m[38;5;3m +0ms[39m
[32m[Nest] 256829  - [39m01/05/2026, 12:59:19 AM [32m    LOG[39m [38;5;3m[RouterExplorer] [39m[32mMapped {/admin/settings/:key, GET} route[39m[38;5;3m +0ms[39m
[32m[Nest] 256829  - [39m01/05/2026, 12:59:19 AM [32m    LOG[39m [38;5;3m[RouterExplorer] [39m[32mMapped {/admin/settings, POST} route[39m[38;5;3m +0ms[39m
[32m[Nest] 256829  - [39m01/05/2026, 12:59:19 AM [32m    LOG[39m [38;5;3m[RouterExplorer] [39m[32mMapped {/admin/settings/:key, PUT} route[39m[38;5;3m +0ms[39m
[32m[Nest] 256829  - [39m01/05/2026, 12:59:19 AM [32m    LOG[39m [38;5;3m[RouterExplorer] [39m[32mMapped {/admin/settings/:key, DELETE} route[39m[38;5;3m +0ms[39m
[32m[Nest] 256829  - [39m01/05/2026, 12:59:19 AM [32m    LOG[39m [38;5;3m[RoutesResolver] [39m[32mPaymentsController {/admin/payments}:[39m[38;5;3m +0ms[39m
[32m[Nest] 256829  - [39m01/05/2026, 12:59:19 AM [32m    LOG[39m [38;5;3m[RouterExplorer] [39m[32mMapped {/admin/payments/stats, GET} route[39m[38;5;3m +1ms[39m
[32m[Nest] 256829  - [39m01/05/2026, 12:59:19 AM [32m    LOG[39m [38;5;3m[RouterExplorer] [39m[32mMapped {/admin/payments, GET} route[39m[38;5;3m +0ms[39m
[32m[Nest] 256829  - [39m01/05/2026, 12:59:19 AM [32m    LOG[39m [38;5;3m[RouterExplorer] [39m[32mMapped {/admin/payments/:id, GET} route[39m[38;5;3m +0ms[39m
[32m[Nest] 256829  - [39m01/05/2026, 12:59:19 AM [32m    LOG[39m [38;5;3m[NestApplication] [39m[32mNest application successfully started[39m[38;5;3m +70ms[39m
[31m[Nest] 256829  - [39m01/05/2026, 12:59:19 AM [31m  ERROR[39m [38;5;3m[NestApplication] [39m[31mError: listen EADDRINUSE: address already in use :::3010[39m[38;5;3m +1ms[39m
Error: listen EADDRINUSE: address already in use :::3010
    at Server.setupListenHandle [as _listen2] (node:net:1908:16)
    at listenInCluster (node:net:1965:12)
    at Server.listen (node:net:2067:7)
    at ExpressAdapter.listen (/home/bayajidswe/My-files/my-projects/jatra-railway/node_modules/.pnpm/@nestjs+platform-express@10.4.20_@nestjs+common@10.4.20_class-transformer@0.5.1_class-v_bd7e093f0b2f45f3454d4c6bd5ff4f44/node_modules/@nestjs/platform-express/adapters/express-adapter.js:95:32)
    at /home/bayajidswe/My-files/my-projects/jatra-railway/node_modules/.pnpm/@nestjs+core@10.4.20_@nestjs+common@10.4.20_class-transformer@0.5.1_class-validator@0.1_6ee324c1921a1c6c0e69db7d70d61af1/node_modules/@nestjs/core/nest-application.js:183:30
    at new Promise (<anonymous>)
    at NestApplication.listen (/home/bayajidswe/My-files/my-projects/jatra-railway/node_modules/.pnpm/@nestjs+core@10.4.20_@nestjs+common@10.4.20_class-transformer@0.5.1_class-validator@0.1_6ee324c1921a1c6c0e69db7d70d61af1/node_modules/@nestjs/core/nest-application.js:173:16)
    at bootstrap (/home/bayajidswe/My-files/my-projects/jatra-railway/apps/admin-service/src/main.ts:45:3)
[ERROR] 00:59:19 Error: listen EADDRINUSE: address already in use :::3010
[INFO] 00:59:21 Restarting: /home/bayajidswe/My-files/my-projects/jatra-railway/apps/admin-service/src/stations/stations.controller.ts has been modified
[32m[Nest] 256931  - [39m01/05/2026, 12:59:21 AM [32m    LOG[39m [38;5;3m[NestFactory] [39m[32mStarting Nest application...[39m
[32m[Nest] 256931  - [39m01/05/2026, 12:59:21 AM [32m    LOG[39m [38;5;3m[InstanceLoader] [39m[32mAppModule dependencies initialized[39m[38;5;3m +10ms[39m
[32m[Nest] 256931  - [39m01/05/2026, 12:59:21 AM [32m    LOG[39m [38;5;3m[InstanceLoader] [39m[32mPrismaModule dependencies initialized[39m[38;5;3m +0ms[39m
[32m[Nest] 256931  - [39m01/05/2026, 12:59:21 AM [32m    LOG[39m [38;5;3m[InstanceLoader] [39m[32mConfigHostModule dependencies initialized[39m[38;5;3m +0ms[39m
[32m[Nest] 256931  - [39m01/05/2026, 12:59:21 AM [32m    LOG[39m [38;5;3m[InstanceLoader] [39m[32mTrainsModule dependencies initialized[39m[38;5;3m +1ms[39m
[32m[Nest] 256931  - [39m01/05/2026, 12:59:21 AM [32m    LOG[39m [38;5;3m[InstanceLoader] [39m[32mRoutesModule dependencies initialized[39m[38;5;3m +0ms[39m
[32m[Nest] 256931  - [39m01/05/2026, 12:59:21 AM [32m    LOG[39m [38;5;3m[InstanceLoader] [39m[32mJourneysModule dependencies initialized[39m[38;5;3m +0ms[39m
[32m[Nest] 256931  - [39m01/05/2026, 12:59:21 AM [32m    LOG[39m [38;5;3m[InstanceLoader] [39m[32mStationsModule dependencies initialized[39m[38;5;3m +0ms[39m
[32m[Nest] 256931  - [39m01/05/2026, 12:59:21 AM [32m    LOG[39m [38;5;3m[InstanceLoader] [39m[32mUsersModule dependencies initialized[39m[38;5;3m +0ms[39m
[32m[Nest] 256931  - [39m01/05/2026, 12:59:21 AM [32m    LOG[39m [38;5;3m[InstanceLoader] [39m[32mBookingsModule dependencies initialized[39m[38;5;3m +0ms[39m
[32m[Nest] 256931  - [39m01/05/2026, 12:59:21 AM [32m    LOG[39m [38;5;3m[InstanceLoader] [39m[32mStatsModule dependencies initialized[39m[38;5;3m +0ms[39m
[32m[Nest] 256931  - [39m01/05/2026, 12:59:21 AM [32m    LOG[39m [38;5;3m[InstanceLoader] [39m[32mConfigModule dependencies initialized[39m[38;5;3m +0ms[39m
[32m[Nest] 256931  - [39m01/05/2026, 12:59:21 AM [32m    LOG[39m [38;5;3m[InstanceLoader] [39m[32mCoachesModule dependencies initialized[39m[38;5;3m +0ms[39m
[32m[Nest] 256931  - [39m01/05/2026, 12:59:21 AM [32m    LOG[39m [38;5;3m[InstanceLoader] [39m[32mSeatsModule dependencies initialized[39m[38;5;3m +0ms[39m
[32m[Nest] 256931  - [39m01/05/2026, 12:59:21 AM [32m    LOG[39m [38;5;3m[InstanceLoader] [39m[32mSettingsModule dependencies initialized[39m[38;5;3m +0ms[39m
[32m[Nest] 256931  - [39m01/05/2026, 12:59:21 AM [32m    LOG[39m [38;5;3m[InstanceLoader] [39m[32mPaymentsModule dependencies initialized[39m[38;5;3m +0ms[39m
[32m[Nest] 256931  - [39m01/05/2026, 12:59:21 AM [32m    LOG[39m [38;5;3m[RoutesResolver] [39m[32mTrainsController {/admin/trains}:[39m[38;5;3m +22ms[39m
[32m[Nest] 256931  - [39m01/05/2026, 12:59:21 AM [32m    LOG[39m [38;5;3m[RouterExplorer] [39m[32mMapped {/admin/trains, GET} route[39m[38;5;3m +1ms[39m
[32m[Nest] 256931  - [39m01/05/2026, 12:59:21 AM [32m    LOG[39m [38;5;3m[RouterExplorer] [39m[32mMapped {/admin/trains/:id, GET} route[39m[38;5;3m +0ms[39m
[32m[Nest] 256931  - [39m01/05/2026, 12:59:21 AM [32m    LOG[39m [38;5;3m[RouterExplorer] [39m[32mMapped {/admin/trains, POST} route[39m[38;5;3m +1ms[39m
[32m[Nest] 256931  - [39m01/05/2026, 12:59:21 AM [32m    LOG[39m [38;5;3m[RouterExplorer] [39m[32mMapped {/admin/trains/:id, PUT} route[39m[38;5;3m +0ms[39m
[32m[Nest] 256931  - [39m01/05/2026, 12:59:21 AM [32m    LOG[39m [38;5;3m[RouterExplorer] [39m[32mMapped {/admin/trains/:id, DELETE} route[39m[38;5;3m +0ms[39m
[32m[Nest] 256931  - [39m01/05/2026, 12:59:21 AM [32m    LOG[39m [38;5;3m[RoutesResolver] [39m[32mRoutesController {/admin/routes}:[39m[38;5;3m +0ms[39m
[32m[Nest] 256931  - [39m01/05/2026, 12:59:21 AM [32m    LOG[39m [38;5;3m[RouterExplorer] [39m[32mMapped {/admin/routes, GET} route[39m[38;5;3m +0ms[39m
[32m[Nest] 256931  - [39m01/05/2026, 12:59:21 AM [32m    LOG[39m [38;5;3m[RouterExplorer] [39m[32mMapped {/admin/routes/:id, GET} route[39m[38;5;3m +0ms[39m
[32m[Nest] 256931  - [39m01/05/2026, 12:59:21 AM [32m    LOG[39m [38;5;3m[RoutesResolver] [39m[32mJourneysController {/admin/journeys}:[39m[38;5;3m +0ms[39m
[32m[Nest] 256931  - [39m01/05/2026, 12:59:21 AM [32m    LOG[39m [38;5;3m[RouterExplorer] [39m[32mMapped {/admin/journeys, GET} route[39m[38;5;3m +1ms[39m
[32m[Nest] 256931  - [39m01/05/2026, 12:59:21 AM [32m    LOG[39m [38;5;3m[RouterExplorer] [39m[32mMapped {/admin/journeys/:id, GET} route[39m[38;5;3m +0ms[39m
[32m[Nest] 256931  - [39m01/05/2026, 12:59:21 AM [32m    LOG[39m [38;5;3m[RoutesResolver] [39m[32mStationsController {/admin/stations}:[39m[38;5;3m +0ms[39m
[32m[Nest] 256931  - [39m01/05/2026, 12:59:21 AM [32m    LOG[39m [38;5;3m[RouterExplorer] [39m[32mMapped {/admin/stations, GET} route[39m[38;5;3m +0ms[39m
[32m[Nest] 256931  - [39m01/05/2026, 12:59:21 AM [32m    LOG[39m [38;5;3m[RoutesResolver] [39m[32mUsersController {/admin/users}:[39m[38;5;3m +0ms[39m
[32m[Nest] 256931  - [39m01/05/2026, 12:59:21 AM [32m    LOG[39m [38;5;3m[RouterExplorer] [39m[32mMapped {/admin/users, GET} route[39m[38;5;3m +0ms[39m
[32m[Nest] 256931  - [39m01/05/2026, 12:59:21 AM [32m    LOG[39m [38;5;3m[RouterExplorer] [39m[32mMapped {/admin/users/:id, GET} route[39m[38;5;3m +0ms[39m
[32m[Nest] 256931  - [39m01/05/2026, 12:59:21 AM [32m    LOG[39m [38;5;3m[RoutesResolver] [39m[32mBookingsController {/admin/bookings}:[39m[38;5;3m +0ms[39m
[32m[Nest] 256931  - [39m01/05/2026, 12:59:21 AM [32m    LOG[39m [38;5;3m[RouterExplorer] [39m[32mMapped {/admin/bookings, GET} route[39m[38;5;3m +0ms[39m
[32m[Nest] 256931  - [39m01/05/2026, 12:59:21 AM [32m    LOG[39m [38;5;3m[RouterExplorer] [39m[32mMapped {/admin/bookings/:id, GET} route[39m[38;5;3m +0ms[39m
[32m[Nest] 256931  - [39m01/05/2026, 12:59:21 AM [32m    LOG[39m [38;5;3m[RoutesResolver] [39m[32mStatsController {/admin/stats}:[39m[38;5;3m +1ms[39m
[32m[Nest] 256931  - [39m01/05/2026, 12:59:21 AM [32m    LOG[39m [38;5;3m[RouterExplorer] [39m[32mMapped {/admin/stats/dashboard, GET} route[39m[38;5;3m +0ms[39m
[32m[Nest] 256931  - [39m01/05/2026, 12:59:21 AM [32m    LOG[39m [38;5;3m[RoutesResolver] [39m[32mCoachesController {/admin/coaches}:[39m[38;5;3m +0ms[39m
[32m[Nest] 256931  - [39m01/05/2026, 12:59:21 AM [32m    LOG[39m [38;5;3m[RouterExplorer] [39m[32mMapped {/admin/coaches, GET} route[39m[38;5;3m +0ms[39m
[32m[Nest] 256931  - [39m01/05/2026, 12:59:21 AM [32m    LOG[39m [38;5;3m[RouterExplorer] [39m[32mMapped {/admin/coaches/:id, GET} route[39m[38;5;3m +0ms[39m
[32m[Nest] 256931  - [39m01/05/2026, 12:59:21 AM [32m    LOG[39m [38;5;3m[RouterExplorer] [39m[32mMapped {/admin/coaches, POST} route[39m[38;5;3m +0ms[39m
[32m[Nest] 256931  - [39m01/05/2026, 12:59:21 AM [32m    LOG[39m [38;5;3m[RouterExplorer] [39m[32mMapped {/admin/coaches/:id, PUT} route[39m[38;5;3m +0ms[39m
[32m[Nest] 256931  - [39m01/05/2026, 12:59:21 AM [32m    LOG[39m [38;5;3m[RouterExplorer] [39m[32mMapped {/admin/coaches/:id, DELETE} route[39m[38;5;3m +0ms[39m
[32m[Nest] 256931  - [39m01/05/2026, 12:59:21 AM [32m    LOG[39m [38;5;3m[RoutesResolver] [39m[32mSeatsController {/admin/seats}:[39m[38;5;3m +0ms[39m
[32m[Nest] 256931  - [39m01/05/2026, 12:59:21 AM [32m    LOG[39m [38;5;3m[RouterExplorer] [39m[32mMapped {/admin/seats, GET} route[39m[38;5;3m +0ms[39m
[32m[Nest] 256931  - [39m01/05/2026, 12:59:21 AM [32m    LOG[39m [38;5;3m[RouterExplorer] [39m[32mMapped {/admin/seats/:id, GET} route[39m[38;5;3m +0ms[39m
[32m[Nest] 256931  - [39m01/05/2026, 12:59:21 AM [32m    LOG[39m [38;5;3m[RouterExplorer] [39m[32mMapped {/admin/seats, POST} route[39m[38;5;3m +0ms[39m
[32m[Nest] 256931  - [39m01/05/2026, 12:59:21 AM [32m    LOG[39m [38;5;3m[RouterExplorer] [39m[32mMapped {/admin/seats/bulk, POST} route[39m[38;5;3m +0ms[39m
[32m[Nest] 256931  - [39m01/05/2026, 12:59:21 AM [32m    LOG[39m [38;5;3m[RouterExplorer] [39m[32mMapped {/admin/seats/:id, PUT} route[39m[38;5;3m +0ms[39m
[32m[Nest] 256931  - [39m01/05/2026, 12:59:21 AM [32m    LOG[39m [38;5;3m[RouterExplorer] [39m[32mMapped {/admin/seats/:id, DELETE} route[39m[38;5;3m +0ms[39m
[32m[Nest] 256931  - [39m01/05/2026, 12:59:21 AM [32m    LOG[39m [38;5;3m[RoutesResolver] [39m[32mSettingsController {/admin/settings}:[39m[38;5;3m +0ms[39m
[32m[Nest] 256931  - [39m01/05/2026, 12:59:21 AM [32m    LOG[39m [38;5;3m[RouterExplorer] [39m[32mMapped {/admin/settings, GET} route[39m[38;5;3m +0ms[39m
[32m[Nest] 256931  - [39m01/05/2026, 12:59:21 AM [32m    LOG[39m [38;5;3m[RouterExplorer] [39m[32mMapped {/admin/settings/:key, GET} route[39m[38;5;3m +0ms[39m
[32m[Nest] 256931  - [39m01/05/2026, 12:59:21 AM [32m    LOG[39m [38;5;3m[RouterExplorer] [39m[32mMapped {/admin/settings, POST} route[39m[38;5;3m +0ms[39m
[32m[Nest] 256931  - [39m01/05/2026, 12:59:21 AM [32m    LOG[39m [38;5;3m[RouterExplorer] [39m[32mMapped {/admin/settings/:key, PUT} route[39m[38;5;3m +0ms[39m
[32m[Nest] 256931  - [39m01/05/2026, 12:59:21 AM [32m    LOG[39m [38;5;3m[RouterExplorer] [39m[32mMapped {/admin/settings/:key, DELETE} route[39m[38;5;3m +0ms[39m
[32m[Nest] 256931  - [39m01/05/2026, 12:59:21 AM [32m    LOG[39m [38;5;3m[RoutesResolver] [39m[32mPaymentsController {/admin/payments}:[39m[38;5;3m +0ms[39m
[32m[Nest] 256931  - [39m01/05/2026, 12:59:21 AM [32m    LOG[39m [38;5;3m[RouterExplorer] [39m[32mMapped {/admin/payments/stats, GET} route[39m[38;5;3m +1ms[39m
[32m[Nest] 256931  - [39m01/05/2026, 12:59:21 AM [32m    LOG[39m [38;5;3m[RouterExplorer] [39m[32mMapped {/admin/payments, GET} route[39m[38;5;3m +0ms[39m
[32m[Nest] 256931  - [39m01/05/2026, 12:59:21 AM [32m    LOG[39m [38;5;3m[RouterExplorer] [39m[32mMapped {/admin/payments/:id, GET} route[39m[38;5;3m +0ms[39m
[32m[Nest] 256931  - [39m01/05/2026, 12:59:21 AM [32m    LOG[39m [38;5;3m[NestApplication] [39m[32mNest application successfully started[39m[38;5;3m +50ms[39m
🚀 Admin Service is running on: http://localhost:3010
📚 Swagger documentation: http://localhost:3010/api/docs
🔐 Admin operations - requires ADMIN role
[INFO] 00:59:23 Restarting: /home/bayajidswe/My-files/my-projects/jatra-railway/apps/admin-service/src/routes/routes.controller.ts has been modified
[32m[Nest] 257010  - [39m01/05/2026, 12:59:23 AM [32m    LOG[39m [38;5;3m[NestFactory] [39m[32mStarting Nest application...[39m
[32m[Nest] 257010  - [39m01/05/2026, 12:59:23 AM [32m    LOG[39m [38;5;3m[InstanceLoader] [39m[32mAppModule dependencies initialized[39m[38;5;3m +9ms[39m
[32m[Nest] 257010  - [39m01/05/2026, 12:59:23 AM [32m    LOG[39m [38;5;3m[InstanceLoader] [39m[32mPrismaModule dependencies initialized[39m[38;5;3m +0ms[39m
[32m[Nest] 257010  - [39m01/05/2026, 12:59:23 AM [32m    LOG[39m [38;5;3m[InstanceLoader] [39m[32mConfigHostModule dependencies initialized[39m[38;5;3m +1ms[39m
[32m[Nest] 257010  - [39m01/05/2026, 12:59:23 AM [32m    LOG[39m [38;5;3m[InstanceLoader] [39m[32mTrainsModule dependencies initialized[39m[38;5;3m +0ms[39m
[32m[Nest] 257010  - [39m01/05/2026, 12:59:23 AM [32m    LOG[39m [38;5;3m[InstanceLoader] [39m[32mRoutesModule dependencies initialized[39m[38;5;3m +0ms[39m
[32m[Nest] 257010  - [39m01/05/2026, 12:59:23 AM [32m    LOG[39m [38;5;3m[InstanceLoader] [39m[32mJourneysModule dependencies initialized[39m[38;5;3m +0ms[39m
[32m[Nest] 257010  - [39m01/05/2026, 12:59:23 AM [32m    LOG[39m [38;5;3m[InstanceLoader] [39m[32mStationsModule dependencies initialized[39m[38;5;3m +0ms[39m
[32m[Nest] 257010  - [39m01/05/2026, 12:59:23 AM [32m    LOG[39m [38;5;3m[InstanceLoader] [39m[32mUsersModule dependencies initialized[39m[38;5;3m +0ms[39m
[32m[Nest] 257010  - [39m01/05/2026, 12:59:23 AM [32m    LOG[39m [38;5;3m[InstanceLoader] [39m[32mBookingsModule dependencies initialized[39m[38;5;3m +0ms[39m
[32m[Nest] 257010  - [39m01/05/2026, 12:59:23 AM [32m    LOG[39m [38;5;3m[InstanceLoader] [39m[32mStatsModule dependencies initialized[39m[38;5;3m +0ms[39m
[32m[Nest] 257010  - [39m01/05/2026, 12:59:23 AM [32m    LOG[39m [38;5;3m[InstanceLoader] [39m[32mConfigModule dependencies initialized[39m[38;5;3m +0ms[39m
[32m[Nest] 257010  - [39m01/05/2026, 12:59:23 AM [32m    LOG[39m [38;5;3m[InstanceLoader] [39m[32mCoachesModule dependencies initialized[39m[38;5;3m +0ms[39m
[32m[Nest] 257010  - [39m01/05/2026, 12:59:23 AM [32m    LOG[39m [38;5;3m[InstanceLoader] [39m[32mSeatsModule dependencies initialized[39m[38;5;3m +0ms[39m
[32m[Nest] 257010  - [39m01/05/2026, 12:59:23 AM [32m    LOG[39m [38;5;3m[InstanceLoader] [39m[32mSettingsModule dependencies initialized[39m[38;5;3m +0ms[39m
[32m[Nest] 257010  - [39m01/05/2026, 12:59:23 AM [32m    LOG[39m [38;5;3m[InstanceLoader] [39m[32mPaymentsModule dependencies initialized[39m[38;5;3m +0ms[39m
[32m[Nest] 257010  - [39m01/05/2026, 12:59:23 AM [32m    LOG[39m [38;5;3m[RoutesResolver] [39m[32mTrainsController {/admin/trains}:[39m[38;5;3m +22ms[39m
[32m[Nest] 257010  - [39m01/05/2026, 12:59:23 AM [32m    LOG[39m [38;5;3m[RouterExplorer] [39m[32mMapped {/admin/trains, GET} route[39m[38;5;3m +1ms[39m
[32m[Nest] 257010  - [39m01/05/2026, 12:59:23 AM [32m    LOG[39m [38;5;3m[RouterExplorer] [39m[32mMapped {/admin/trains/:id, GET} route[39m[38;5;3m +0ms[39m
[32m[Nest] 257010  - [39m01/05/2026, 12:59:23 AM [32m    LOG[39m [38;5;3m[RouterExplorer] [39m[32mMapped {/admin/trains, POST} route[39m[38;5;3m +0ms[39m
[32m[Nest] 257010  - [39m01/05/2026, 12:59:23 AM [32m    LOG[39m [38;5;3m[RouterExplorer] [39m[32mMapped {/admin/trains/:id, PUT} route[39m[38;5;3m +1ms[39m
[32m[Nest] 257010  - [39m01/05/2026, 12:59:23 AM [32m    LOG[39m [38;5;3m[RouterExplorer] [39m[32mMapped {/admin/trains/:id, DELETE} route[39m[38;5;3m +0ms[39m
[32m[Nest] 257010  - [39m01/05/2026, 12:59:23 AM [32m    LOG[39m [38;5;3m[RoutesResolver] [39m[32mRoutesController {/admin/routes}:[39m[38;5;3m +0ms[39m
[32m[Nest] 257010  - [39m01/05/2026, 12:59:23 AM [32m    LOG[39m [38;5;3m[RouterExplorer] [39m[32mMapped {/admin/routes, GET} route[39m[38;5;3m +0ms[39m
[32m[Nest] 257010  - [39m01/05/2026, 12:59:23 AM [32m    LOG[39m [38;5;3m[RouterExplorer] [39m[32mMapped {/admin/routes/:id, GET} route[39m[38;5;3m +0ms[39m
[32m[Nest] 257010  - [39m01/05/2026, 12:59:23 AM [32m    LOG[39m [38;5;3m[RoutesResolver] [39m[32mJourneysController {/admin/journeys}:[39m[38;5;3m +0ms[39m
[32m[Nest] 257010  - [39m01/05/2026, 12:59:23 AM [32m    LOG[39m [38;5;3m[RouterExplorer] [39m[32mMapped {/admin/journeys, GET} route[39m[38;5;3m +0ms[39m
[32m[Nest] 257010  - [39m01/05/2026, 12:59:23 AM [32m    LOG[39m [38;5;3m[RouterExplorer] [39m[32mMapped {/admin/journeys/:id, GET} route[39m[38;5;3m +1ms[39m
[32m[Nest] 257010  - [39m01/05/2026, 12:59:23 AM [32m    LOG[39m [38;5;3m[RoutesResolver] [39m[32mStationsController {/admin/stations}:[39m[38;5;3m +0ms[39m
[32m[Nest] 257010  - [39m01/05/2026, 12:59:23 AM [32m    LOG[39m [38;5;3m[RouterExplorer] [39m[32mMapped {/admin/stations, GET} route[39m[38;5;3m +0ms[39m
[32m[Nest] 257010  - [39m01/05/2026, 12:59:23 AM [32m    LOG[39m [38;5;3m[RoutesResolver] [39m[32mUsersController {/admin/users}:[39m[38;5;3m +0ms[39m
[32m[Nest] 257010  - [39m01/05/2026, 12:59:23 AM [32m    LOG[39m [38;5;3m[RouterExplorer] [39m[32mMapped {/admin/users, GET} route[39m[38;5;3m +0ms[39m
[32m[Nest] 257010  - [39m01/05/2026, 12:59:23 AM [32m    LOG[39m [38;5;3m[RouterExplorer] [39m[32mMapped {/admin/users/:id, GET} route[39m[38;5;3m +0ms[39m
[32m[Nest] 257010  - [39m01/05/2026, 12:59:23 AM [32m    LOG[39m [38;5;3m[RoutesResolver] [39m[32mBookingsController {/admin/bookings}:[39m[38;5;3m +0ms[39m
[32m[Nest] 257010  - [39m01/05/2026, 12:59:23 AM [32m    LOG[39m [38;5;3m[RouterExplorer] [39m[32mMapped {/admin/bookings, GET} route[39m[38;5;3m +0ms[39m
[32m[Nest] 257010  - [39m01/05/2026, 12:59:23 AM [32m    LOG[39m [38;5;3m[RouterExplorer] [39m[32mMapped {/admin/bookings/:id, GET} route[39m[38;5;3m +0ms[39m
[32m[Nest] 257010  - [39m01/05/2026, 12:59:23 AM [32m    LOG[39m [38;5;3m[RoutesResolver] [39m[32mStatsController {/admin/stats}:[39m[38;5;3m +0ms[39m
[32m[Nest] 257010  - [39m01/05/2026, 12:59:23 AM [32m    LOG[39m [38;5;3m[RouterExplorer] [39m[32mMapped {/admin/stats/dashboard, GET} route[39m[38;5;3m +1ms[39m
[32m[Nest] 257010  - [39m01/05/2026, 12:59:23 AM [32m    LOG[39m [38;5;3m[RoutesResolver] [39m[32mCoachesController {/admin/coaches}:[39m[38;5;3m +0ms[39m
[32m[Nest] 257010  - [39m01/05/2026, 12:59:23 AM [32m    LOG[39m [38;5;3m[RouterExplorer] [39m[32mMapped {/admin/coaches, GET} route[39m[38;5;3m +0ms[39m
[32m[Nest] 257010  - [39m01/05/2026, 12:59:23 AM [32m    LOG[39m [38;5;3m[RouterExplorer] [39m[32mMapped {/admin/coaches/:id, GET} route[39m[38;5;3m +0ms[39m
[32m[Nest] 257010  - [39m01/05/2026, 12:59:23 AM [32m    LOG[39m [38;5;3m[RouterExplorer] [39m[32mMapped {/admin/coaches, POST} route[39m[38;5;3m +0ms[39m
[32m[Nest] 257010  - [39m01/05/2026, 12:59:23 AM [32m    LOG[39m [38;5;3m[RouterExplorer] [39m[32mMapped {/admin/coaches/:id, PUT} route[39m[38;5;3m +0ms[39m
[32m[Nest] 257010  - [39m01/05/2026, 12:59:23 AM [32m    LOG[39m [38;5;3m[RouterExplorer] [39m[32mMapped {/admin/coaches/:id, DELETE} route[39m[38;5;3m +0ms[39m
[32m[Nest] 257010  - [39m01/05/2026, 12:59:23 AM [32m    LOG[39m [38;5;3m[RoutesResolver] [39m[32mSeatsController {/admin/seats}:[39m[38;5;3m +0ms[39m
[32m[Nest] 257010  - [39m01/05/2026, 12:59:23 AM [32m    LOG[39m [38;5;3m[RouterExplorer] [39m[32mMapped {/admin/seats, GET} route[39m[38;5;3m +0ms[39m
[32m[Nest] 257010  - [39m01/05/2026, 12:59:23 AM [32m    LOG[39m [38;5;3m[RouterExplorer] [39m[32mMapped {/admin/seats/:id, GET} route[39m[38;5;3m +0ms[39m
[32m[Nest] 257010  - [39m01/05/2026, 12:59:23 AM [32m    LOG[39m [38;5;3m[RouterExplorer] [39m[32mMapped {/admin/seats, POST} route[39m[38;5;3m +0ms[39m
[32m[Nest] 257010  - [39m01/05/2026, 12:59:23 AM [32m    LOG[39m [38;5;3m[RouterExplorer] [39m[32mMapped {/admin/seats/bulk, POST} route[39m[38;5;3m +0ms[39m
[32m[Nest] 257010  - [39m01/05/2026, 12:59:23 AM [32m    LOG[39m [38;5;3m[RouterExplorer] [39m[32mMapped {/admin/seats/:id, PUT} route[39m[38;5;3m +0ms[39m
[32m[Nest] 257010  - [39m01/05/2026, 12:59:23 AM [32m    LOG[39m [38;5;3m[RouterExplorer] [39m[32mMapped {/admin/seats/:id, DELETE} route[39m[38;5;3m +0ms[39m
[32m[Nest] 257010  - [39m01/05/2026, 12:59:23 AM [32m    LOG[39m [38;5;3m[RoutesResolver] [39m[32mSettingsController {/admin/settings}:[39m[38;5;3m +0ms[39m
[32m[Nest] 257010  - [39m01/05/2026, 12:59:23 AM [32m    LOG[39m [38;5;3m[RouterExplorer] [39m[32mMapped {/admin/settings, GET} route[39m[38;5;3m +0ms[39m
[32m[Nest] 257010  - [39m01/05/2026, 12:59:23 AM [32m    LOG[39m [38;5;3m[RouterExplorer] [39m[32mMapped {/admin/settings/:key, GET} route[39m[38;5;3m +0ms[39m
[32m[Nest] 257010  - [39m01/05/2026, 12:59:23 AM [32m    LOG[39m [38;5;3m[RouterExplorer] [39m[32mMapped {/admin/settings, POST} route[39m[38;5;3m +0ms[39m
[32m[Nest] 257010  - [39m01/05/2026, 12:59:23 AM [32m    LOG[39m [38;5;3m[RouterExplorer] [39m[32mMapped {/admin/settings/:key, PUT} route[39m[38;5;3m +1ms[39m
[32m[Nest] 257010  - [39m01/05/2026, 12:59:23 AM [32m    LOG[39m [38;5;3m[RouterExplorer] [39m[32mMapped {/admin/settings/:key, DELETE} route[39m[38;5;3m +0ms[39m
[32m[Nest] 257010  - [39m01/05/2026, 12:59:23 AM [32m    LOG[39m [38;5;3m[RoutesResolver] [39m[32mPaymentsController {/admin/payments}:[39m[38;5;3m +0ms[39m
[32m[Nest] 257010  - [39m01/05/2026, 12:59:23 AM [32m    LOG[39m [38;5;3m[RouterExplorer] [39m[32mMapped {/admin/payments/stats, GET} route[39m[38;5;3m +0ms[39m
[32m[Nest] 257010  - [39m01/05/2026, 12:59:23 AM [32m    LOG[39m [38;5;3m[RouterExplorer] [39m[32mMapped {/admin/payments, GET} route[39m[38;5;3m +0ms[39m
[32m[Nest] 257010  - [39m01/05/2026, 12:59:23 AM [32m    LOG[39m [38;5;3m[RouterExplorer] [39m[32mMapped {/admin/payments/:id, GET} route[39m[38;5;3m +0ms[39m
[32m[Nest] 257010  - [39m01/05/2026, 12:59:23 AM [32m    LOG[39m [38;5;3m[NestApplication] [39m[32mNest application successfully started[39m[38;5;3m +45ms[39m
[31m[Nest] 257010  - [39m01/05/2026, 12:59:23 AM [31m  ERROR[39m [38;5;3m[NestApplication] [39m[31mError: listen EADDRINUSE: address already in use :::3010[39m[38;5;3m +1ms[39m
Error: listen EADDRINUSE: address already in use :::3010
    at Server.setupListenHandle [as _listen2] (node:net:1908:16)
    at listenInCluster (node:net:1965:12)
    at Server.listen (node:net:2067:7)
    at ExpressAdapter.listen (/home/bayajidswe/My-files/my-projects/jatra-railway/node_modules/.pnpm/@nestjs+platform-express@10.4.20_@nestjs+common@10.4.20_class-transformer@0.5.1_class-v_bd7e093f0b2f45f3454d4c6bd5ff4f44/node_modules/@nestjs/platform-express/adapters/express-adapter.js:95:32)
    at /home/bayajidswe/My-files/my-projects/jatra-railway/node_modules/.pnpm/@nestjs+core@10.4.20_@nestjs+common@10.4.20_class-transformer@0.5.1_class-validator@0.1_6ee324c1921a1c6c0e69db7d70d61af1/node_modules/@nestjs/core/nest-application.js:183:30
    at new Promise (<anonymous>)
    at NestApplication.listen (/home/bayajidswe/My-files/my-projects/jatra-railway/node_modules/.pnpm/@nestjs+core@10.4.20_@nestjs+common@10.4.20_class-transformer@0.5.1_class-validator@0.1_6ee324c1921a1c6c0e69db7d70d61af1/node_modules/@nestjs/core/nest-application.js:173:16)
    at bootstrap (/home/bayajidswe/My-files/my-projects/jatra-railway/apps/admin-service/src/main.ts:45:3)
[ERROR] 00:59:23 Error: listen EADDRINUSE: address already in use :::3010
[INFO] 01:00:32 Restarting: /home/bayajidswe/My-files/my-projects/jatra-railway/apps/admin-service/src/coaches/dto/coach.dto.ts has been modified
[32m[Nest] 258425  - [39m01/05/2026, 1:00:33 AM [32m    LOG[39m [38;5;3m[NestFactory] [39m[32mStarting Nest application...[39m
[32m[Nest] 258425  - [39m01/05/2026, 1:00:33 AM [32m    LOG[39m [38;5;3m[InstanceLoader] [39m[32mAppModule dependencies initialized[39m[38;5;3m +11ms[39m
[32m[Nest] 258425  - [39m01/05/2026, 1:00:33 AM [32m    LOG[39m [38;5;3m[InstanceLoader] [39m[32mPrismaModule dependencies initialized[39m[38;5;3m +0ms[39m
[32m[Nest] 258425  - [39m01/05/2026, 1:00:33 AM [32m    LOG[39m [38;5;3m[InstanceLoader] [39m[32mConfigHostModule dependencies initialized[39m[38;5;3m +1ms[39m
[32m[Nest] 258425  - [39m01/05/2026, 1:00:33 AM [32m    LOG[39m [38;5;3m[InstanceLoader] [39m[32mTrainsModule dependencies initialized[39m[38;5;3m +0ms[39m
[32m[Nest] 258425  - [39m01/05/2026, 1:00:33 AM [32m    LOG[39m [38;5;3m[InstanceLoader] [39m[32mRoutesModule dependencies initialized[39m[38;5;3m +1ms[39m
[32m[Nest] 258425  - [39m01/05/2026, 1:00:33 AM [32m    LOG[39m [38;5;3m[InstanceLoader] [39m[32mJourneysModule dependencies initialized[39m[38;5;3m +0ms[39m
[32m[Nest] 258425  - [39m01/05/2026, 1:00:33 AM [32m    LOG[39m [38;5;3m[InstanceLoader] [39m[32mStationsModule dependencies initialized[39m[38;5;3m +0ms[39m
[32m[Nest] 258425  - [39m01/05/2026, 1:00:33 AM [32m    LOG[39m [38;5;3m[InstanceLoader] [39m[32mUsersModule dependencies initialized[39m[38;5;3m +0ms[39m
[32m[Nest] 258425  - [39m01/05/2026, 1:00:33 AM [32m    LOG[39m [38;5;3m[InstanceLoader] [39m[32mBookingsModule dependencies initialized[39m[38;5;3m +0ms[39m
[32m[Nest] 258425  - [39m01/05/2026, 1:00:33 AM [32m    LOG[39m [38;5;3m[InstanceLoader] [39m[32mStatsModule dependencies initialized[39m[38;5;3m +0ms[39m
[32m[Nest] 258425  - [39m01/05/2026, 1:00:33 AM [32m    LOG[39m [38;5;3m[InstanceLoader] [39m[32mConfigModule dependencies initialized[39m[38;5;3m +0ms[39m
[32m[Nest] 258425  - [39m01/05/2026, 1:00:33 AM [32m    LOG[39m [38;5;3m[InstanceLoader] [39m[32mCoachesModule dependencies initialized[39m[38;5;3m +0ms[39m
[32m[Nest] 258425  - [39m01/05/2026, 1:00:33 AM [32m    LOG[39m [38;5;3m[InstanceLoader] [39m[32mSeatsModule dependencies initialized[39m[38;5;3m +0ms[39m
[32m[Nest] 258425  - [39m01/05/2026, 1:00:33 AM [32m    LOG[39m [38;5;3m[InstanceLoader] [39m[32mSettingsModule dependencies initialized[39m[38;5;3m +0ms[39m
[32m[Nest] 258425  - [39m01/05/2026, 1:00:33 AM [32m    LOG[39m [38;5;3m[InstanceLoader] [39m[32mPaymentsModule dependencies initialized[39m[38;5;3m +0ms[39m
[32m[Nest] 258425  - [39m01/05/2026, 1:00:33 AM [32m    LOG[39m [38;5;3m[RoutesResolver] [39m[32mTrainsController {/admin/trains}:[39m[38;5;3m +25ms[39m
[32m[Nest] 258425  - [39m01/05/2026, 1:00:33 AM [32m    LOG[39m [38;5;3m[RouterExplorer] [39m[32mMapped {/admin/trains, GET} route[39m[38;5;3m +1ms[39m
[32m[Nest] 258425  - [39m01/05/2026, 1:00:33 AM [32m    LOG[39m [38;5;3m[RouterExplorer] [39m[32mMapped {/admin/trains/:id, GET} route[39m[38;5;3m +1ms[39m
[32m[Nest] 258425  - [39m01/05/2026, 1:00:33 AM [32m    LOG[39m [38;5;3m[RouterExplorer] [39m[32mMapped {/admin/trains, POST} route[39m[38;5;3m +0ms[39m
[32m[Nest] 258425  - [39m01/05/2026, 1:00:33 AM [32m    LOG[39m [38;5;3m[RouterExplorer] [39m[32mMapped {/admin/trains/:id, PUT} route[39m[38;5;3m +0ms[39m
[32m[Nest] 258425  - [39m01/05/2026, 1:00:33 AM [32m    LOG[39m [38;5;3m[RouterExplorer] [39m[32mMapped {/admin/trains/:id, DELETE} route[39m[38;5;3m +0ms[39m
[32m[Nest] 258425  - [39m01/05/2026, 1:00:33 AM [32m    LOG[39m [38;5;3m[RoutesResolver] [39m[32mRoutesController {/admin/routes}:[39m[38;5;3m +0ms[39m
[32m[Nest] 258425  - [39m01/05/2026, 1:00:33 AM [32m    LOG[39m [38;5;3m[RouterExplorer] [39m[32mMapped {/admin/routes, GET} route[39m[38;5;3m +0ms[39m
[32m[Nest] 258425  - [39m01/05/2026, 1:00:33 AM [32m    LOG[39m [38;5;3m[RouterExplorer] [39m[32mMapped {/admin/routes/:id, GET} route[39m[38;5;3m +0ms[39m
[32m[Nest] 258425  - [39m01/05/2026, 1:00:33 AM [32m    LOG[39m [38;5;3m[RoutesResolver] [39m[32mJourneysController {/admin/journeys}:[39m[38;5;3m +1ms[39m
[32m[Nest] 258425  - [39m01/05/2026, 1:00:33 AM [32m    LOG[39m [38;5;3m[RouterExplorer] [39m[32mMapped {/admin/journeys, GET} route[39m[38;5;3m +0ms[39m
[32m[Nest] 258425  - [39m01/05/2026, 1:00:33 AM [32m    LOG[39m [38;5;3m[RouterExplorer] [39m[32mMapped {/admin/journeys/:id, GET} route[39m[38;5;3m +0ms[39m
[32m[Nest] 258425  - [39m01/05/2026, 1:00:33 AM [32m    LOG[39m [38;5;3m[RoutesResolver] [39m[32mStationsController {/admin/stations}:[39m[38;5;3m +0ms[39m
[32m[Nest] 258425  - [39m01/05/2026, 1:00:33 AM [32m    LOG[39m [38;5;3m[RouterExplorer] [39m[32mMapped {/admin/stations, GET} route[39m[38;5;3m +0ms[39m
[32m[Nest] 258425  - [39m01/05/2026, 1:00:33 AM [32m    LOG[39m [38;5;3m[RoutesResolver] [39m[32mUsersController {/admin/users}:[39m[38;5;3m +0ms[39m
[32m[Nest] 258425  - [39m01/05/2026, 1:00:33 AM [32m    LOG[39m [38;5;3m[RouterExplorer] [39m[32mMapped {/admin/users, GET} route[39m[38;5;3m +0ms[39m
[32m[Nest] 258425  - [39m01/05/2026, 1:00:33 AM [32m    LOG[39m [38;5;3m[RouterExplorer] [39m[32mMapped {/admin/users/:id, GET} route[39m[38;5;3m +1ms[39m
[32m[Nest] 258425  - [39m01/05/2026, 1:00:33 AM [32m    LOG[39m [38;5;3m[RoutesResolver] [39m[32mBookingsController {/admin/bookings}:[39m[38;5;3m +0ms[39m
[32m[Nest] 258425  - [39m01/05/2026, 1:00:33 AM [32m    LOG[39m [38;5;3m[RouterExplorer] [39m[32mMapped {/admin/bookings, GET} route[39m[38;5;3m +0ms[39m
[32m[Nest] 258425  - [39m01/05/2026, 1:00:33 AM [32m    LOG[39m [38;5;3m[RouterExplorer] [39m[32mMapped {/admin/bookings/:id, GET} route[39m[38;5;3m +0ms[39m
[32m[Nest] 258425  - [39m01/05/2026, 1:00:33 AM [32m    LOG[39m [38;5;3m[RoutesResolver] [39m[32mStatsController {/admin/stats}:[39m[38;5;3m +0ms[39m
[32m[Nest] 258425  - [39m01/05/2026, 1:00:33 AM [32m    LOG[39m [38;5;3m[RouterExplorer] [39m[32mMapped {/admin/stats/dashboard, GET} route[39m[38;5;3m +0ms[39m
[32m[Nest] 258425  - [39m01/05/2026, 1:00:33 AM [32m    LOG[39m [38;5;3m[RoutesResolver] [39m[32mCoachesController {/admin/coaches}:[39m[38;5;3m +0ms[39m
[32m[Nest] 258425  - [39m01/05/2026, 1:00:33 AM [32m    LOG[39m [38;5;3m[RouterExplorer] [39m[32mMapped {/admin/coaches, GET} route[39m[38;5;3m +0ms[39m
[32m[Nest] 258425  - [39m01/05/2026, 1:00:33 AM [32m    LOG[39m [38;5;3m[RouterExplorer] [39m[32mMapped {/admin/coaches/:id, GET} route[39m[38;5;3m +0ms[39m
[32m[Nest] 258425  - [39m01/05/2026, 1:00:33 AM [32m    LOG[39m [38;5;3m[RouterExplorer] [39m[32mMapped {/admin/coaches, POST} route[39m[38;5;3m +0ms[39m
[32m[Nest] 258425  - [39m01/05/2026, 1:00:33 AM [32m    LOG[39m [38;5;3m[RouterExplorer] [39m[32mMapped {/admin/coaches/:id, PUT} route[39m[38;5;3m +0ms[39m
[32m[Nest] 258425  - [39m01/05/2026, 1:00:33 AM [32m    LOG[39m [38;5;3m[RouterExplorer] [39m[32mMapped {/admin/coaches/:id, DELETE} route[39m[38;5;3m +0ms[39m
[32m[Nest] 258425  - [39m01/05/2026, 1:00:33 AM [32m    LOG[39m [38;5;3m[RoutesResolver] [39m[32mSeatsController {/admin/seats}:[39m[38;5;3m +0ms[39m
[32m[Nest] 258425  - [39m01/05/2026, 1:00:33 AM [32m    LOG[39m [38;5;3m[RouterExplorer] [39m[32mMapped {/admin/seats, GET} route[39m[38;5;3m +0ms[39m
[32m[Nest] 258425  - [39m01/05/2026, 1:00:33 AM [32m    LOG[39m [38;5;3m[RouterExplorer] [39m[32mMapped {/admin/seats/:id, GET} route[39m[38;5;3m +0ms[39m
[32m[Nest] 258425  - [39m01/05/2026, 1:00:33 AM [32m    LOG[39m [38;5;3m[RouterExplorer] [39m[32mMapped {/admin/seats, POST} route[39m[38;5;3m +1ms[39m
[32m[Nest] 258425  - [39m01/05/2026, 1:00:33 AM [32m    LOG[39m [38;5;3m[RouterExplorer] [39m[32mMapped {/admin/seats/bulk, POST} route[39m[38;5;3m +0ms[39m
[32m[Nest] 258425  - [39m01/05/2026, 1:00:33 AM [32m    LOG[39m [38;5;3m[RouterExplorer] [39m[32mMapped {/admin/seats/:id, PUT} route[39m[38;5;3m +0ms[39m
[32m[Nest] 258425  - [39m01/05/2026, 1:00:33 AM [32m    LOG[39m [38;5;3m[RouterExplorer] [39m[32mMapped {/admin/seats/:id, DELETE} route[39m[38;5;3m +0ms[39m
[32m[Nest] 258425  - [39m01/05/2026, 1:00:33 AM [32m    LOG[39m [38;5;3m[RoutesResolver] [39m[32mSettingsController {/admin/settings}:[39m[38;5;3m +0ms[39m
[32m[Nest] 258425  - [39m01/05/2026, 1:00:33 AM [32m    LOG[39m [38;5;3m[RouterExplorer] [39m[32mMapped {/admin/settings, GET} route[39m[38;5;3m +0ms[39m
[32m[Nest] 258425  - [39m01/05/2026, 1:00:33 AM [32m    LOG[39m [38;5;3m[RouterExplorer] [39m[32mMapped {/admin/settings/:key, GET} route[39m[38;5;3m +0ms[39m
[32m[Nest] 258425  - [39m01/05/2026, 1:00:33 AM [32m    LOG[39m [38;5;3m[RouterExplorer] [39m[32mMapped {/admin/settings, POST} route[39m[38;5;3m +0ms[39m
[32m[Nest] 258425  - [39m01/05/2026, 1:00:33 AM [32m    LOG[39m [38;5;3m[RouterExplorer] [39m[32mMapped {/admin/settings/:key, PUT} route[39m[38;5;3m +0ms[39m
[32m[Nest] 258425  - [39m01/05/2026, 1:00:33 AM [32m    LOG[39m [38;5;3m[RouterExplorer] [39m[32mMapped {/admin/settings/:key, DELETE} route[39m[38;5;3m +0ms[39m
[32m[Nest] 258425  - [39m01/05/2026, 1:00:33 AM [32m    LOG[39m [38;5;3m[RoutesResolver] [39m[32mPaymentsController {/admin/payments}:[39m[38;5;3m +0ms[39m
[32m[Nest] 258425  - [39m01/05/2026, 1:00:33 AM [32m    LOG[39m [38;5;3m[RouterExplorer] [39m[32mMapped {/admin/payments/stats, GET} route[39m[38;5;3m +0ms[39m
[32m[Nest] 258425  - [39m01/05/2026, 1:00:33 AM [32m    LOG[39m [38;5;3m[RouterExplorer] [39m[32mMapped {/admin/payments, GET} route[39m[38;5;3m +0ms[39m
[32m[Nest] 258425  - [39m01/05/2026, 1:00:33 AM [32m    LOG[39m [38;5;3m[RouterExplorer] [39m[32mMapped {/admin/payments/:id, GET} route[39m[38;5;3m +0ms[39m
[32m[Nest] 258425  - [39m01/05/2026, 1:00:33 AM [32m    LOG[39m [38;5;3m[NestApplication] [39m[32mNest application successfully started[39m[38;5;3m +52ms[39m
🚀 Admin Service is running on: http://localhost:3010
📚 Swagger documentation: http://localhost:3010/api/docs
🔐 Admin operations - requires ADMIN role
[INFO] 01:00:43 Restarting: /home/bayajidswe/My-files/my-projects/jatra-railway/apps/admin-service/src/seats/dto/seat.dto.ts has been modified
[32m[Nest] 258729  - [39m01/05/2026, 1:00:43 AM [32m    LOG[39m [38;5;3m[NestFactory] [39m[32mStarting Nest application...[39m
[32m[Nest] 258729  - [39m01/05/2026, 1:00:43 AM [32m    LOG[39m [38;5;3m[InstanceLoader] [39m[32mAppModule dependencies initialized[39m[38;5;3m +10ms[39m
[32m[Nest] 258729  - [39m01/05/2026, 1:00:43 AM [32m    LOG[39m [38;5;3m[InstanceLoader] [39m[32mPrismaModule dependencies initialized[39m[38;5;3m +0ms[39m
[32m[Nest] 258729  - [39m01/05/2026, 1:00:43 AM [32m    LOG[39m [38;5;3m[InstanceLoader] [39m[32mConfigHostModule dependencies initialized[39m[38;5;3m +1ms[39m
[32m[Nest] 258729  - [39m01/05/2026, 1:00:43 AM [32m    LOG[39m [38;5;3m[InstanceLoader] [39m[32mTrainsModule dependencies initialized[39m[38;5;3m +0ms[39m
[32m[Nest] 258729  - [39m01/05/2026, 1:00:43 AM [32m    LOG[39m [38;5;3m[InstanceLoader] [39m[32mRoutesModule dependencies initialized[39m[38;5;3m +0ms[39m
[32m[Nest] 258729  - [39m01/05/2026, 1:00:43 AM [32m    LOG[39m [38;5;3m[InstanceLoader] [39m[32mJourneysModule dependencies initialized[39m[38;5;3m +0ms[39m
[32m[Nest] 258729  - [39m01/05/2026, 1:00:43 AM [32m    LOG[39m [38;5;3m[InstanceLoader] [39m[32mStationsModule dependencies initialized[39m[38;5;3m +0ms[39m
[32m[Nest] 258729  - [39m01/05/2026, 1:00:43 AM [32m    LOG[39m [38;5;3m[InstanceLoader] [39m[32mUsersModule dependencies initialized[39m[38;5;3m +0ms[39m
[32m[Nest] 258729  - [39m01/05/2026, 1:00:43 AM [32m    LOG[39m [38;5;3m[InstanceLoader] [39m[32mBookingsModule dependencies initialized[39m[38;5;3m +0ms[39m
[32m[Nest] 258729  - [39m01/05/2026, 1:00:43 AM [32m    LOG[39m [38;5;3m[InstanceLoader] [39m[32mStatsModule dependencies initialized[39m[38;5;3m +1ms[39m
[32m[Nest] 258729  - [39m01/05/2026, 1:00:43 AM [32m    LOG[39m [38;5;3m[InstanceLoader] [39m[32mConfigModule dependencies initialized[39m[38;5;3m +0ms[39m
[32m[Nest] 258729  - [39m01/05/2026, 1:00:43 AM [32m    LOG[39m [38;5;3m[InstanceLoader] [39m[32mCoachesModule dependencies initialized[39m[38;5;3m +0ms[39m
[32m[Nest] 258729  - [39m01/05/2026, 1:00:43 AM [32m    LOG[39m [38;5;3m[InstanceLoader] [39m[32mSeatsModule dependencies initialized[39m[38;5;3m +0ms[39m
[32m[Nest] 258729  - [39m01/05/2026, 1:00:43 AM [32m    LOG[39m [38;5;3m[InstanceLoader] [39m[32mSettingsModule dependencies initialized[39m[38;5;3m +0ms[39m
[32m[Nest] 258729  - [39m01/05/2026, 1:00:43 AM [32m    LOG[39m [38;5;3m[InstanceLoader] [39m[32mPaymentsModule dependencies initialized[39m[38;5;3m +0ms[39m
[32m[Nest] 258729  - [39m01/05/2026, 1:00:43 AM [32m    LOG[39m [38;5;3m[RoutesResolver] [39m[32mTrainsController {/admin/trains}:[39m[38;5;3m +22ms[39m
[32m[Nest] 258729  - [39m01/05/2026, 1:00:43 AM [32m    LOG[39m [38;5;3m[RouterExplorer] [39m[32mMapped {/admin/trains, GET} route[39m[38;5;3m +2ms[39m
[32m[Nest] 258729  - [39m01/05/2026, 1:00:43 AM [32m    LOG[39m [38;5;3m[RouterExplorer] [39m[32mMapped {/admin/trains/:id, GET} route[39m[38;5;3m +0ms[39m
[32m[Nest] 258729  - [39m01/05/2026, 1:00:43 AM [32m    LOG[39m [38;5;3m[RouterExplorer] [39m[32mMapped {/admin/trains, POST} route[39m[38;5;3m +1ms[39m
[32m[Nest] 258729  - [39m01/05/2026, 1:00:43 AM [32m    LOG[39m [38;5;3m[RouterExplorer] [39m[32mMapped {/admin/trains/:id, PUT} route[39m[38;5;3m +0ms[39m
[32m[Nest] 258729  - [39m01/05/2026, 1:00:43 AM [32m    LOG[39m [38;5;3m[RouterExplorer] [39m[32mMapped {/admin/trains/:id, DELETE} route[39m[38;5;3m +0ms[39m
[32m[Nest] 258729  - [39m01/05/2026, 1:00:43 AM [32m    LOG[39m [38;5;3m[RoutesResolver] [39m[32mRoutesController {/admin/routes}:[39m[38;5;3m +0ms[39m
[32m[Nest] 258729  - [39m01/05/2026, 1:00:43 AM [32m    LOG[39m [38;5;3m[RouterExplorer] [39m[32mMapped {/admin/routes, GET} route[39m[38;5;3m +0ms[39m
[32m[Nest] 258729  - [39m01/05/2026, 1:00:43 AM [32m    LOG[39m [38;5;3m[RouterExplorer] [39m[32mMapped {/admin/routes/:id, GET} route[39m[38;5;3m +0ms[39m
[32m[Nest] 258729  - [39m01/05/2026, 1:00:43 AM [32m    LOG[39m [38;5;3m[RoutesResolver] [39m[32mJourneysController {/admin/journeys}:[39m[38;5;3m +1ms[39m
[32m[Nest] 258729  - [39m01/05/2026, 1:00:43 AM [32m    LOG[39m [38;5;3m[RouterExplorer] [39m[32mMapped {/admin/journeys, GET} route[39m[38;5;3m +0ms[39m
[32m[Nest] 258729  - [39m01/05/2026, 1:00:43 AM [32m    LOG[39m [38;5;3m[RouterExplorer] [39m[32mMapped {/admin/journeys/:id, GET} route[39m[38;5;3m +0ms[39m
[32m[Nest] 258729  - [39m01/05/2026, 1:00:43 AM [32m    LOG[39m [38;5;3m[RoutesResolver] [39m[32mStationsController {/admin/stations}:[39m[38;5;3m +0ms[39m
[32m[Nest] 258729  - [39m01/05/2026, 1:00:43 AM [32m    LOG[39m [38;5;3m[RouterExplorer] [39m[32mMapped {/admin/stations, GET} route[39m[38;5;3m +0ms[39m
[32m[Nest] 258729  - [39m01/05/2026, 1:00:43 AM [32m    LOG[39m [38;5;3m[RoutesResolver] [39m[32mUsersController {/admin/users}:[39m[38;5;3m +0ms[39m
[32m[Nest] 258729  - [39m01/05/2026, 1:00:43 AM [32m    LOG[39m [38;5;3m[RouterExplorer] [39m[32mMapped {/admin/users, GET} route[39m[38;5;3m +1ms[39m
[32m[Nest] 258729  - [39m01/05/2026, 1:00:43 AM [32m    LOG[39m [38;5;3m[RouterExplorer] [39m[32mMapped {/admin/users/:id, GET} route[39m[38;5;3m +0ms[39m
[32m[Nest] 258729  - [39m01/05/2026, 1:00:43 AM [32m    LOG[39m [38;5;3m[RoutesResolver] [39m[32mBookingsController {/admin/bookings}:[39m[38;5;3m +0ms[39m
[32m[Nest] 258729  - [39m01/05/2026, 1:00:43 AM [32m    LOG[39m [38;5;3m[RouterExplorer] [39m[32mMapped {/admin/bookings, GET} route[39m[38;5;3m +0ms[39m
[32m[Nest] 258729  - [39m01/05/2026, 1:00:43 AM [32m    LOG[39m [38;5;3m[RouterExplorer] [39m[32mMapped {/admin/bookings/:id, GET} route[39m[38;5;3m +0ms[39m
[32m[Nest] 258729  - [39m01/05/2026, 1:00:43 AM [32m    LOG[39m [38;5;3m[RoutesResolver] [39m[32mStatsController {/admin/stats}:[39m[38;5;3m +0ms[39m
[32m[Nest] 258729  - [39m01/05/2026, 1:00:43 AM [32m    LOG[39m [38;5;3m[RouterExplorer] [39m[32mMapped {/admin/stats/dashboard, GET} route[39m[38;5;3m +0ms[39m
[32m[Nest] 258729  - [39m01/05/2026, 1:00:43 AM [32m    LOG[39m [38;5;3m[RoutesResolver] [39m[32mCoachesController {/admin/coaches}:[39m[38;5;3m +0ms[39m
[32m[Nest] 258729  - [39m01/05/2026, 1:00:43 AM [32m    LOG[39m [38;5;3m[RouterExplorer] [39m[32mMapped {/admin/coaches, GET} route[39m[38;5;3m +0ms[39m
[32m[Nest] 258729  - [39m01/05/2026, 1:00:43 AM [32m    LOG[39m [38;5;3m[RouterExplorer] [39m[32mMapped {/admin/coaches/:id, GET} route[39m[38;5;3m +0ms[39m
[32m[Nest] 258729  - [39m01/05/2026, 1:00:43 AM [32m    LOG[39m [38;5;3m[RouterExplorer] [39m[32mMapped {/admin/coaches, POST} route[39m[38;5;3m +0ms[39m
[32m[Nest] 258729  - [39m01/05/2026, 1:00:43 AM [32m    LOG[39m [38;5;3m[RouterExplorer] [39m[32mMapped {/admin/coaches/:id, PUT} route[39m[38;5;3m +0ms[39m
[32m[Nest] 258729  - [39m01/05/2026, 1:00:43 AM [32m    LOG[39m [38;5;3m[RouterExplorer] [39m[32mMapped {/admin/coaches/:id, DELETE} route[39m[38;5;3m +1ms[39m
[32m[Nest] 258729  - [39m01/05/2026, 1:00:43 AM [32m    LOG[39m [38;5;3m[RoutesResolver] [39m[32mSeatsController {/admin/seats}:[39m[38;5;3m +0ms[39m
[32m[Nest] 258729  - [39m01/05/2026, 1:00:43 AM [32m    LOG[39m [38;5;3m[RouterExplorer] [39m[32mMapped {/admin/seats, GET} route[39m[38;5;3m +0ms[39m
[32m[Nest] 258729  - [39m01/05/2026, 1:00:43 AM [32m    LOG[39m [38;5;3m[RouterExplorer] [39m[32mMapped {/admin/seats/:id, GET} route[39m[38;5;3m +0ms[39m
[32m[Nest] 258729  - [39m01/05/2026, 1:00:43 AM [32m    LOG[39m [38;5;3m[RouterExplorer] [39m[32mMapped {/admin/seats, POST} route[39m[38;5;3m +0ms[39m
[32m[Nest] 258729  - [39m01/05/2026, 1:00:43 AM [32m    LOG[39m [38;5;3m[RouterExplorer] [39m[32mMapped {/admin/seats/bulk, POST} route[39m[38;5;3m +0ms[39m
[32m[Nest] 258729  - [39m01/05/2026, 1:00:43 AM [32m    LOG[39m [38;5;3m[RouterExplorer] [39m[32mMapped {/admin/seats/:id, PUT} route[39m[38;5;3m +0ms[39m
[32m[Nest] 258729  - [39m01/05/2026, 1:00:43 AM [32m    LOG[39m [38;5;3m[RouterExplorer] [39m[32mMapped {/admin/seats/:id, DELETE} route[39m[38;5;3m +0ms[39m
[32m[Nest] 258729  - [39m01/05/2026, 1:00:43 AM [32m    LOG[39m [38;5;3m[RoutesResolver] [39m[32mSettingsController {/admin/settings}:[39m[38;5;3m +0ms[39m
[32m[Nest] 258729  - [39m01/05/2026, 1:00:43 AM [32m    LOG[39m [38;5;3m[RouterExplorer] [39m[32mMapped {/admin/settings, GET} route[39m[38;5;3m +0ms[39m
[32m[Nest] 258729  - [39m01/05/2026, 1:00:43 AM [32m    LOG[39m [38;5;3m[RouterExplorer] [39m[32mMapped {/admin/settings/:key, GET} route[39m[38;5;3m +0ms[39m
[32m[Nest] 258729  - [39m01/05/2026, 1:00:43 AM [32m    LOG[39m [38;5;3m[RouterExplorer] [39m[32mMapped {/admin/settings, POST} route[39m[38;5;3m +0ms[39m
[32m[Nest] 258729  - [39m01/05/2026, 1:00:43 AM [32m    LOG[39m [38;5;3m[RouterExplorer] [39m[32mMapped {/admin/settings/:key, PUT} route[39m[38;5;3m +0ms[39m
[32m[Nest] 258729  - [39m01/05/2026, 1:00:43 AM [32m    LOG[39m [38;5;3m[RouterExplorer] [39m[32mMapped {/admin/settings/:key, DELETE} route[39m[38;5;3m +0ms[39m
[32m[Nest] 258729  - [39m01/05/2026, 1:00:43 AM [32m    LOG[39m [38;5;3m[RoutesResolver] [39m[32mPaymentsController {/admin/payments}:[39m[38;5;3m +1ms[39m
[32m[Nest] 258729  - [39m01/05/2026, 1:00:43 AM [32m    LOG[39m [38;5;3m[RouterExplorer] [39m[32mMapped {/admin/payments/stats, GET} route[39m[38;5;3m +0ms[39m
[32m[Nest] 258729  - [39m01/05/2026, 1:00:43 AM [32m    LOG[39m [38;5;3m[RouterExplorer] [39m[32mMapped {/admin/payments, GET} route[39m[38;5;3m +0ms[39m
[32m[Nest] 258729  - [39m01/05/2026, 1:00:43 AM [32m    LOG[39m [38;5;3m[RouterExplorer] [39m[32mMapped {/admin/payments/:id, GET} route[39m[38;5;3m +0ms[39m
[32m[Nest] 258729  - [39m01/05/2026, 1:00:43 AM [32m    LOG[39m [38;5;3m[NestApplication] [39m[32mNest application successfully started[39m[38;5;3m +57ms[39m
🚀 Admin Service is running on: http://localhost:3010
📚 Swagger documentation: http://localhost:3010/api/docs
🔐 Admin operations - requires ADMIN role
[INFO] 01:00:54 Restarting: /home/bayajidswe/My-files/my-projects/jatra-railway/apps/admin-service/src/coaches/coaches.service.ts has been modified
[32m[Nest] 259003  - [39m01/05/2026, 1:00:55 AM [32m    LOG[39m [38;5;3m[NestFactory] [39m[32mStarting Nest application...[39m
[32m[Nest] 259003  - [39m01/05/2026, 1:00:55 AM [32m    LOG[39m [38;5;3m[InstanceLoader] [39m[32mAppModule dependencies initialized[39m[38;5;3m +11ms[39m
[32m[Nest] 259003  - [39m01/05/2026, 1:00:55 AM [32m    LOG[39m [38;5;3m[InstanceLoader] [39m[32mPrismaModule dependencies initialized[39m[38;5;3m +0ms[39m
[32m[Nest] 259003  - [39m01/05/2026, 1:00:55 AM [32m    LOG[39m [38;5;3m[InstanceLoader] [39m[32mConfigHostModule dependencies initialized[39m[38;5;3m +0ms[39m
[32m[Nest] 259003  - [39m01/05/2026, 1:00:55 AM [32m    LOG[39m [38;5;3m[InstanceLoader] [39m[32mTrainsModule dependencies initialized[39m[38;5;3m +1ms[39m
[32m[Nest] 259003  - [39m01/05/2026, 1:00:55 AM [32m    LOG[39m [38;5;3m[InstanceLoader] [39m[32mRoutesModule dependencies initialized[39m[38;5;3m +0ms[39m
[32m[Nest] 259003  - [39m01/05/2026, 1:00:55 AM [32m    LOG[39m [38;5;3m[InstanceLoader] [39m[32mJourneysModule dependencies initialized[39m[38;5;3m +0ms[39m
[32m[Nest] 259003  - [39m01/05/2026, 1:00:55 AM [32m    LOG[39m [38;5;3m[InstanceLoader] [39m[32mStationsModule dependencies initialized[39m[38;5;3m +0ms[39m
[32m[Nest] 259003  - [39m01/05/2026, 1:00:55 AM [32m    LOG[39m [38;5;3m[InstanceLoader] [39m[32mUsersModule dependencies initialized[39m[38;5;3m +0ms[39m
[32m[Nest] 259003  - [39m01/05/2026, 1:00:55 AM [32m    LOG[39m [38;5;3m[InstanceLoader] [39m[32mBookingsModule dependencies initialized[39m[38;5;3m +0ms[39m
[32m[Nest] 259003  - [39m01/05/2026, 1:00:55 AM [32m    LOG[39m [38;5;3m[InstanceLoader] [39m[32mStatsModule dependencies initialized[39m[38;5;3m +0ms[39m
[32m[Nest] 259003  - [39m01/05/2026, 1:00:55 AM [32m    LOG[39m [38;5;3m[InstanceLoader] [39m[32mConfigModule dependencies initialized[39m[38;5;3m +0ms[39m
[32m[Nest] 259003  - [39m01/05/2026, 1:00:55 AM [32m    LOG[39m [38;5;3m[InstanceLoader] [39m[32mCoachesModule dependencies initialized[39m[38;5;3m +0ms[39m
[32m[Nest] 259003  - [39m01/05/2026, 1:00:55 AM [32m    LOG[39m [38;5;3m[InstanceLoader] [39m[32mSeatsModule dependencies initialized[39m[38;5;3m +0ms[39m
[32m[Nest] 259003  - [39m01/05/2026, 1:00:55 AM [32m    LOG[39m [38;5;3m[InstanceLoader] [39m[32mSettingsModule dependencies initialized[39m[38;5;3m +0ms[39m
[32m[Nest] 259003  - [39m01/05/2026, 1:00:55 AM [32m    LOG[39m [38;5;3m[InstanceLoader] [39m[32mPaymentsModule dependencies initialized[39m[38;5;3m +0ms[39m
[32m[Nest] 259003  - [39m01/05/2026, 1:00:55 AM [32m    LOG[39m [38;5;3m[RoutesResolver] [39m[32mTrainsController {/admin/trains}:[39m[38;5;3m +26ms[39m
[32m[Nest] 259003  - [39m01/05/2026, 1:00:55 AM [32m    LOG[39m [38;5;3m[RouterExplorer] [39m[32mMapped {/admin/trains, GET} route[39m[38;5;3m +3ms[39m
[32m[Nest] 259003  - [39m01/05/2026, 1:00:55 AM [32m    LOG[39m [38;5;3m[RouterExplorer] [39m[32mMapped {/admin/trains/:id, GET} route[39m[38;5;3m +1ms[39m
[32m[Nest] 259003  - [39m01/05/2026, 1:00:55 AM [32m    LOG[39m [38;5;3m[RouterExplorer] [39m[32mMapped {/admin/trains, POST} route[39m[38;5;3m +0ms[39m
[32m[Nest] 259003  - [39m01/05/2026, 1:00:55 AM [32m    LOG[39m [38;5;3m[RouterExplorer] [39m[32mMapped {/admin/trains/:id, PUT} route[39m[38;5;3m +1ms[39m
[32m[Nest] 259003  - [39m01/05/2026, 1:00:55 AM [32m    LOG[39m [38;5;3m[RouterExplorer] [39m[32mMapped {/admin/trains/:id, DELETE} route[39m[38;5;3m +0ms[39m
[32m[Nest] 259003  - [39m01/05/2026, 1:00:55 AM [32m    LOG[39m [38;5;3m[RoutesResolver] [39m[32mRoutesController {/admin/routes}:[39m[38;5;3m +0ms[39m
[32m[Nest] 259003  - [39m01/05/2026, 1:00:55 AM [32m    LOG[39m [38;5;3m[RouterExplorer] [39m[32mMapped {/admin/routes, GET} route[39m[38;5;3m +1ms[39m
[32m[Nest] 259003  - [39m01/05/2026, 1:00:55 AM [32m    LOG[39m [38;5;3m[RouterExplorer] [39m[32mMapped {/admin/routes/:id, GET} route[39m[38;5;3m +0ms[39m
[32m[Nest] 259003  - [39m01/05/2026, 1:00:55 AM [32m    LOG[39m [38;5;3m[RoutesResolver] [39m[32mJourneysController {/admin/journeys}:[39m[38;5;3m +0ms[39m
[32m[Nest] 259003  - [39m01/05/2026, 1:00:55 AM [32m    LOG[39m [38;5;3m[RouterExplorer] [39m[32mMapped {/admin/journeys, GET} route[39m[38;5;3m +0ms[39m
[32m[Nest] 259003  - [39m01/05/2026, 1:00:55 AM [32m    LOG[39m [38;5;3m[RouterExplorer] [39m[32mMapped {/admin/journeys/:id, GET} route[39m[38;5;3m +0ms[39m
[32m[Nest] 259003  - [39m01/05/2026, 1:00:55 AM [32m    LOG[39m [38;5;3m[RoutesResolver] [39m[32mStationsController {/admin/stations}:[39m[38;5;3m +0ms[39m
[32m[Nest] 259003  - [39m01/05/2026, 1:00:55 AM [32m    LOG[39m [38;5;3m[RouterExplorer] [39m[32mMapped {/admin/stations, GET} route[39m[38;5;3m +1ms[39m
[32m[Nest] 259003  - [39m01/05/2026, 1:00:55 AM [32m    LOG[39m [38;5;3m[RoutesResolver] [39m[32mUsersController {/admin/users}:[39m[38;5;3m +0ms[39m
[32m[Nest] 259003  - [39m01/05/2026, 1:00:55 AM [32m    LOG[39m [38;5;3m[RouterExplorer] [39m[32mMapped {/admin/users, GET} route[39m[38;5;3m +0ms[39m
[32m[Nest] 259003  - [39m01/05/2026, 1:00:55 AM [32m    LOG[39m [38;5;3m[RouterExplorer] [39m[32mMapped {/admin/users/:id, GET} route[39m[38;5;3m +0ms[39m
[32m[Nest] 259003  - [39m01/05/2026, 1:00:55 AM [32m    LOG[39m [38;5;3m[RoutesResolver] [39m[32mBookingsController {/admin/bookings}:[39m[38;5;3m +0ms[39m
[32m[Nest] 259003  - [39m01/05/2026, 1:00:55 AM [32m    LOG[39m [38;5;3m[RouterExplorer] [39m[32mMapped {/admin/bookings, GET} route[39m[38;5;3m +0ms[39m
[32m[Nest] 259003  - [39m01/05/2026, 1:00:55 AM [32m    LOG[39m [38;5;3m[RouterExplorer] [39m[32mMapped {/admin/bookings/:id, GET} route[39m[38;5;3m +0ms[39m
[32m[Nest] 259003  - [39m01/05/2026, 1:00:55 AM [32m    LOG[39m [38;5;3m[RoutesResolver] [39m[32mStatsController {/admin/stats}:[39m[38;5;3m +0ms[39m
[32m[Nest] 259003  - [39m01/05/2026, 1:00:55 AM [32m    LOG[39m [38;5;3m[RouterExplorer] [39m[32mMapped {/admin/stats/dashboard, GET} route[39m[38;5;3m +0ms[39m
[32m[Nest] 259003  - [39m01/05/2026, 1:00:55 AM [32m    LOG[39m [38;5;3m[RoutesResolver] [39m[32mCoachesController {/admin/coaches}:[39m[38;5;3m +0ms[39m
[32m[Nest] 259003  - [39m01/05/2026, 1:00:55 AM [32m    LOG[39m [38;5;3m[RouterExplorer] [39m[32mMapped {/admin/coaches, GET} route[39m[38;5;3m +0ms[39m
[32m[Nest] 259003  - [39m01/05/2026, 1:00:55 AM [32m    LOG[39m [38;5;3m[RouterExplorer] [39m[32mMapped {/admin/coaches/:id, GET} route[39m[38;5;3m +0ms[39m
[32m[Nest] 259003  - [39m01/05/2026, 1:00:55 AM [32m    LOG[39m [38;5;3m[RouterExplorer] [39m[32mMapped {/admin/coaches, POST} route[39m[38;5;3m +1ms[39m
[32m[Nest] 259003  - [39m01/05/2026, 1:00:55 AM [32m    LOG[39m [38;5;3m[RouterExplorer] [39m[32mMapped {/admin/coaches/:id, PUT} route[39m[38;5;3m +0ms[39m
[32m[Nest] 259003  - [39m01/05/2026, 1:00:55 AM [32m    LOG[39m [38;5;3m[RouterExplorer] [39m[32mMapped {/admin/coaches/:id, DELETE} route[39m[38;5;3m +0ms[39m
[32m[Nest] 259003  - [39m01/05/2026, 1:00:55 AM [32m    LOG[39m [38;5;3m[RoutesResolver] [39m[32mSeatsController {/admin/seats}:[39m[38;5;3m +0ms[39m
[32m[Nest] 259003  - [39m01/05/2026, 1:00:55 AM [32m    LOG[39m [38;5;3m[RouterExplorer] [39m[32mMapped {/admin/seats, GET} route[39m[38;5;3m +0ms[39m
[32m[Nest] 259003  - [39m01/05/2026, 1:00:55 AM [32m    LOG[39m [38;5;3m[RouterExplorer] [39m[32mMapped {/admin/seats/:id, GET} route[39m[38;5;3m +0ms[39m
[32m[Nest] 259003  - [39m01/05/2026, 1:00:55 AM [32m    LOG[39m [38;5;3m[RouterExplorer] [39m[32mMapped {/admin/seats, POST} route[39m[38;5;3m +0ms[39m
[32m[Nest] 259003  - [39m01/05/2026, 1:00:55 AM [32m    LOG[39m [38;5;3m[RouterExplorer] [39m[32mMapped {/admin/seats/bulk, POST} route[39m[38;5;3m +0ms[39m
[32m[Nest] 259003  - [39m01/05/2026, 1:00:55 AM [32m    LOG[39m [38;5;3m[RouterExplorer] [39m[32mMapped {/admin/seats/:id, PUT} route[39m[38;5;3m +0ms[39m
[32m[Nest] 259003  - [39m01/05/2026, 1:00:55 AM [32m    LOG[39m [38;5;3m[RouterExplorer] [39m[32mMapped {/admin/seats/:id, DELETE} route[39m[38;5;3m +0ms[39m
[32m[Nest] 259003  - [39m01/05/2026, 1:00:55 AM [32m    LOG[39m [38;5;3m[RoutesResolver] [39m[32mSettingsController {/admin/settings}:[39m[38;5;3m +0ms[39m
[32m[Nest] 259003  - [39m01/05/2026, 1:00:55 AM [32m    LOG[39m [38;5;3m[RouterExplorer] [39m[32mMapped {/admin/settings, GET} route[39m[38;5;3m +0ms[39m
[32m[Nest] 259003  - [39m01/05/2026, 1:00:55 AM [32m    LOG[39m [38;5;3m[RouterExplorer] [39m[32mMapped {/admin/settings/:key, GET} route[39m[38;5;3m +0ms[39m
[32m[Nest] 259003  - [39m01/05/2026, 1:00:55 AM [32m    LOG[39m [38;5;3m[RouterExplorer] [39m[32mMapped {/admin/settings, POST} route[39m[38;5;3m +0ms[39m
[32m[Nest] 259003  - [39m01/05/2026, 1:00:55 AM [32m    LOG[39m [38;5;3m[RouterExplorer] [39m[32mMapped {/admin/settings/:key, PUT} route[39m[38;5;3m +0ms[39m
[32m[Nest] 259003  - [39m01/05/2026, 1:00:55 AM [32m    LOG[39m [38;5;3m[RouterExplorer] [39m[32mMapped {/admin/settings/:key, DELETE} route[39m[38;5;3m +0ms[39m
[32m[Nest] 259003  - [39m01/05/2026, 1:00:55 AM [32m    LOG[39m [38;5;3m[RoutesResolver] [39m[32mPaymentsController {/admin/payments}:[39m[38;5;3m +0ms[39m
[32m[Nest] 259003  - [39m01/05/2026, 1:00:55 AM [32m    LOG[39m [38;5;3m[RouterExplorer] [39m[32mMapped {/admin/payments/stats, GET} route[39m[38;5;3m +0ms[39m
[32m[Nest] 259003  - [39m01/05/2026, 1:00:55 AM [32m    LOG[39m [38;5;3m[RouterExplorer] [39m[32mMapped {/admin/payments, GET} route[39m[38;5;3m +0ms[39m
[32m[Nest] 259003  - [39m01/05/2026, 1:00:55 AM [32m    LOG[39m [38;5;3m[RouterExplorer] [39m[32mMapped {/admin/payments/:id, GET} route[39m[38;5;3m +0ms[39m
[32m[Nest] 259003  - [39m01/05/2026, 1:00:55 AM [32m    LOG[39m [38;5;3m[NestApplication] [39m[32mNest application successfully started[39m[38;5;3m +56ms[39m
🚀 Admin Service is running on: http://localhost:3010
📚 Swagger documentation: http://localhost:3010/api/docs
🔐 Admin operations - requires ADMIN role
[INFO] 01:01:02 Restarting: /home/bayajidswe/My-files/my-projects/jatra-railway/apps/admin-service/src/seats/seats.service.ts has been modified
[32m[Nest] 259235  - [39m01/05/2026, 1:01:03 AM [32m    LOG[39m [38;5;3m[NestFactory] [39m[32mStarting Nest application...[39m
[32m[Nest] 259235  - [39m01/05/2026, 1:01:03 AM [32m    LOG[39m [38;5;3m[InstanceLoader] [39m[32mAppModule dependencies initialized[39m[38;5;3m +11ms[39m
[32m[Nest] 259235  - [39m01/05/2026, 1:01:03 AM [32m    LOG[39m [38;5;3m[InstanceLoader] [39m[32mPrismaModule dependencies initialized[39m[38;5;3m +0ms[39m
[32m[Nest] 259235  - [39m01/05/2026, 1:01:03 AM [32m    LOG[39m [38;5;3m[InstanceLoader] [39m[32mConfigHostModule dependencies initialized[39m[38;5;3m +1ms[39m
[32m[Nest] 259235  - [39m01/05/2026, 1:01:03 AM [32m    LOG[39m [38;5;3m[InstanceLoader] [39m[32mTrainsModule dependencies initialized[39m[38;5;3m +0ms[39m
[32m[Nest] 259235  - [39m01/05/2026, 1:01:03 AM [32m    LOG[39m [38;5;3m[InstanceLoader] [39m[32mRoutesModule dependencies initialized[39m[38;5;3m +0ms[39m
[32m[Nest] 259235  - [39m01/05/2026, 1:01:03 AM [32m    LOG[39m [38;5;3m[InstanceLoader] [39m[32mJourneysModule dependencies initialized[39m[38;5;3m +0ms[39m
[32m[Nest] 259235  - [39m01/05/2026, 1:01:03 AM [32m    LOG[39m [38;5;3m[InstanceLoader] [39m[32mStationsModule dependencies initialized[39m[38;5;3m +0ms[39m
[32m[Nest] 259235  - [39m01/05/2026, 1:01:03 AM [32m    LOG[39m [38;5;3m[InstanceLoader] [39m[32mUsersModule dependencies initialized[39m[38;5;3m +0ms[39m
[32m[Nest] 259235  - [39m01/05/2026, 1:01:03 AM [32m    LOG[39m [38;5;3m[InstanceLoader] [39m[32mBookingsModule dependencies initialized[39m[38;5;3m +1ms[39m
[32m[Nest] 259235  - [39m01/05/2026, 1:01:03 AM [32m    LOG[39m [38;5;3m[InstanceLoader] [39m[32mStatsModule dependencies initialized[39m[38;5;3m +0ms[39m
[32m[Nest] 259235  - [39m01/05/2026, 1:01:03 AM [32m    LOG[39m [38;5;3m[InstanceLoader] [39m[32mConfigModule dependencies initialized[39m[38;5;3m +0ms[39m
[32m[Nest] 259235  - [39m01/05/2026, 1:01:03 AM [32m    LOG[39m [38;5;3m[InstanceLoader] [39m[32mCoachesModule dependencies initialized[39m[38;5;3m +0ms[39m
[32m[Nest] 259235  - [39m01/05/2026, 1:01:03 AM [32m    LOG[39m [38;5;3m[InstanceLoader] [39m[32mSeatsModule dependencies initialized[39m[38;5;3m +0ms[39m
[32m[Nest] 259235  - [39m01/05/2026, 1:01:03 AM [32m    LOG[39m [38;5;3m[InstanceLoader] [39m[32mSettingsModule dependencies initialized[39m[38;5;3m +0ms[39m
[32m[Nest] 259235  - [39m01/05/2026, 1:01:03 AM [32m    LOG[39m [38;5;3m[InstanceLoader] [39m[32mPaymentsModule dependencies initialized[39m[38;5;3m +0ms[39m
[32m[Nest] 259235  - [39m01/05/2026, 1:01:03 AM [32m    LOG[39m [38;5;3m[RoutesResolver] [39m[32mTrainsController {/admin/trains}:[39m[38;5;3m +23ms[39m
[32m[Nest] 259235  - [39m01/05/2026, 1:01:03 AM [32m    LOG[39m [38;5;3m[RouterExplorer] [39m[32mMapped {/admin/trains, GET} route[39m[38;5;3m +2ms[39m
[32m[Nest] 259235  - [39m01/05/2026, 1:01:03 AM [32m    LOG[39m [38;5;3m[RouterExplorer] [39m[32mMapped {/admin/trains/:id, GET} route[39m[38;5;3m +0ms[39m
[32m[Nest] 259235  - [39m01/05/2026, 1:01:03 AM [32m    LOG[39m [38;5;3m[RouterExplorer] [39m[32mMapped {/admin/trains, POST} route[39m[38;5;3m +0ms[39m
[32m[Nest] 259235  - [39m01/05/2026, 1:01:03 AM [32m    LOG[39m [38;5;3m[RouterExplorer] [39m[32mMapped {/admin/trains/:id, PUT} route[39m[38;5;3m +0ms[39m
[32m[Nest] 259235  - [39m01/05/2026, 1:01:03 AM [32m    LOG[39m [38;5;3m[RouterExplorer] [39m[32mMapped {/admin/trains/:id, DELETE} route[39m[38;5;3m +0ms[39m
[32m[Nest] 259235  - [39m01/05/2026, 1:01:03 AM [32m    LOG[39m [38;5;3m[RoutesResolver] [39m[32mRoutesController {/admin/routes}:[39m[38;5;3m +1ms[39m
[32m[Nest] 259235  - [39m01/05/2026, 1:01:03 AM [32m    LOG[39m [38;5;3m[RouterExplorer] [39m[32mMapped {/admin/routes, GET} route[39m[38;5;3m +0ms[39m
[32m[Nest] 259235  - [39m01/05/2026, 1:01:03 AM [32m    LOG[39m [38;5;3m[RouterExplorer] [39m[32mMapped {/admin/routes/:id, GET} route[39m[38;5;3m +0ms[39m
[32m[Nest] 259235  - [39m01/05/2026, 1:01:03 AM [32m    LOG[39m [38;5;3m[RoutesResolver] [39m[32mJourneysController {/admin/journeys}:[39m[38;5;3m +0ms[39m
[32m[Nest] 259235  - [39m01/05/2026, 1:01:03 AM [32m    LOG[39m [38;5;3m[RouterExplorer] [39m[32mMapped {/admin/journeys, GET} route[39m[38;5;3m +0ms[39m
[32m[Nest] 259235  - [39m01/05/2026, 1:01:03 AM [32m    LOG[39m [38;5;3m[RouterExplorer] [39m[32mMapped {/admin/journeys/:id, GET} route[39m[38;5;3m +0ms[39m
[32m[Nest] 259235  - [39m01/05/2026, 1:01:03 AM [32m    LOG[39m [38;5;3m[RoutesResolver] [39m[32mStationsController {/admin/stations}:[39m[38;5;3m +0ms[39m
[32m[Nest] 259235  - [39m01/05/2026, 1:01:03 AM [32m    LOG[39m [38;5;3m[RouterExplorer] [39m[32mMapped {/admin/stations, GET} route[39m[38;5;3m +0ms[39m
[32m[Nest] 259235  - [39m01/05/2026, 1:01:03 AM [32m    LOG[39m [38;5;3m[RoutesResolver] [39m[32mUsersController {/admin/users}:[39m[38;5;3m +0ms[39m
[32m[Nest] 259235  - [39m01/05/2026, 1:01:03 AM [32m    LOG[39m [38;5;3m[RouterExplorer] [39m[32mMapped {/admin/users, GET} route[39m[38;5;3m +0ms[39m
[32m[Nest] 259235  - [39m01/05/2026, 1:01:03 AM [32m    LOG[39m [38;5;3m[RouterExplorer] [39m[32mMapped {/admin/users/:id, GET} route[39m[38;5;3m +1ms[39m
[32m[Nest] 259235  - [39m01/05/2026, 1:01:03 AM [32m    LOG[39m [38;5;3m[RoutesResolver] [39m[32mBookingsController {/admin/bookings}:[39m[38;5;3m +0ms[39m
[32m[Nest] 259235  - [39m01/05/2026, 1:01:03 AM [32m    LOG[39m [38;5;3m[RouterExplorer] [39m[32mMapped {/admin/bookings, GET} route[39m[38;5;3m +0ms[39m
[32m[Nest] 259235  - [39m01/05/2026, 1:01:03 AM [32m    LOG[39m [38;5;3m[RouterExplorer] [39m[32mMapped {/admin/bookings/:id, GET} route[39m[38;5;3m +0ms[39m
[32m[Nest] 259235  - [39m01/05/2026, 1:01:03 AM [32m    LOG[39m [38;5;3m[RoutesResolver] [39m[32mStatsController {/admin/stats}:[39m[38;5;3m +0ms[39m
[32m[Nest] 259235  - [39m01/05/2026, 1:01:03 AM [32m    LOG[39m [38;5;3m[RouterExplorer] [39m[32mMapped {/admin/stats/dashboard, GET} route[39m[38;5;3m +0ms[39m
[32m[Nest] 259235  - [39m01/05/2026, 1:01:03 AM [32m    LOG[39m [38;5;3m[RoutesResolver] [39m[32mCoachesController {/admin/coaches}:[39m[38;5;3m +0ms[39m
[32m[Nest] 259235  - [39m01/05/2026, 1:01:03 AM [32m    LOG[39m [38;5;3m[RouterExplorer] [39m[32mMapped {/admin/coaches, GET} route[39m[38;5;3m +0ms[39m
[32m[Nest] 259235  - [39m01/05/2026, 1:01:03 AM [32m    LOG[39m [38;5;3m[RouterExplorer] [39m[32mMapped {/admin/coaches/:id, GET} route[39m[38;5;3m +0ms[39m
[32m[Nest] 259235  - [39m01/05/2026, 1:01:03 AM [32m    LOG[39m [38;5;3m[RouterExplorer] [39m[32mMapped {/admin/coaches, POST} route[39m[38;5;3m +0ms[39m
[32m[Nest] 259235  - [39m01/05/2026, 1:01:03 AM [32m    LOG[39m [38;5;3m[RouterExplorer] [39m[32mMapped {/admin/coaches/:id, PUT} route[39m[38;5;3m +0ms[39m
[32m[Nest] 259235  - [39m01/05/2026, 1:01:03 AM [32m    LOG[39m [38;5;3m[RouterExplorer] [39m[32mMapped {/admin/coaches/:id, DELETE} route[39m[38;5;3m +0ms[39m
[32m[Nest] 259235  - [39m01/05/2026, 1:01:03 AM [32m    LOG[39m [38;5;3m[RoutesResolver] [39m[32mSeatsController {/admin/seats}:[39m[38;5;3m +0ms[39m
[32m[Nest] 259235  - [39m01/05/2026, 1:01:03 AM [32m    LOG[39m [38;5;3m[RouterExplorer] [39m[32mMapped {/admin/seats, GET} route[39m[38;5;3m +0ms[39m
[32m[Nest] 259235  - [39m01/05/2026, 1:01:03 AM [32m    LOG[39m [38;5;3m[RouterExplorer] [39m[32mMapped {/admin/seats/:id, GET} route[39m[38;5;3m +0ms[39m
[32m[Nest] 259235  - [39m01/05/2026, 1:01:03 AM [32m    LOG[39m [38;5;3m[RouterExplorer] [39m[32mMapped {/admin/seats, POST} route[39m[38;5;3m +0ms[39m
[32m[Nest] 259235  - [39m01/05/2026, 1:01:03 AM [32m    LOG[39m [38;5;3m[RouterExplorer] [39m[32mMapped {/admin/seats/bulk, POST} route[39m[38;5;3m +0ms[39m
[32m[Nest] 259235  - [39m01/05/2026, 1:01:03 AM [32m    LOG[39m [38;5;3m[RouterExplorer] [39m[32mMapped {/admin/seats/:id, PUT} route[39m[38;5;3m +0ms[39m
[32m[Nest] 259235  - [39m01/05/2026, 1:01:03 AM [32m    LOG[39m [38;5;3m[RouterExplorer] [39m[32mMapped {/admin/seats/:id, DELETE} route[39m[38;5;3m +1ms[39m
[32m[Nest] 259235  - [39m01/05/2026, 1:01:03 AM [32m    LOG[39m [38;5;3m[RoutesResolver] [39m[32mSettingsController {/admin/settings}:[39m[38;5;3m +0ms[39m
[32m[Nest] 259235  - [39m01/05/2026, 1:01:03 AM [32m    LOG[39m [38;5;3m[RouterExplorer] [39m[32mMapped {/admin/settings, GET} route[39m[38;5;3m +0ms[39m
[32m[Nest] 259235  - [39m01/05/2026, 1:01:03 AM [32m    LOG[39m [38;5;3m[RouterExplorer] [39m[32mMapped {/admin/settings/:key, GET} route[39m[38;5;3m +0ms[39m
[32m[Nest] 259235  - [39m01/05/2026, 1:01:03 AM [32m    LOG[39m [38;5;3m[RouterExplorer] [39m[32mMapped {/admin/settings, POST} route[39m[38;5;3m +0ms[39m
[32m[Nest] 259235  - [39m01/05/2026, 1:01:03 AM [32m    LOG[39m [38;5;3m[RouterExplorer] [39m[32mMapped {/admin/settings/:key, PUT} route[39m[38;5;3m +0ms[39m
[32m[Nest] 259235  - [39m01/05/2026, 1:01:03 AM [32m    LOG[39m [38;5;3m[RouterExplorer] [39m[32mMapped {/admin/settings/:key, DELETE} route[39m[38;5;3m +0ms[39m
[32m[Nest] 259235  - [39m01/05/2026, 1:01:03 AM [32m    LOG[39m [38;5;3m[RoutesResolver] [39m[32mPaymentsController {/admin/payments}:[39m[38;5;3m +0ms[39m
[32m[Nest] 259235  - [39m01/05/2026, 1:01:03 AM [32m    LOG[39m [38;5;3m[RouterExplorer] [39m[32mMapped {/admin/payments/stats, GET} route[39m[38;5;3m +0ms[39m
[32m[Nest] 259235  - [39m01/05/2026, 1:01:03 AM [32m    LOG[39m [38;5;3m[RouterExplorer] [39m[32mMapped {/admin/payments, GET} route[39m[38;5;3m +0ms[39m
[32m[Nest] 259235  - [39m01/05/2026, 1:01:03 AM [32m    LOG[39m [38;5;3m[RouterExplorer] [39m[32mMapped {/admin/payments/:id, GET} route[39m[38;5;3m +0ms[39m
[32m[Nest] 259235  - [39m01/05/2026, 1:01:03 AM [32m    LOG[39m [38;5;3m[NestApplication] [39m[32mNest application successfully started[39m[38;5;3m +48ms[39m
🚀 Admin Service is running on: http://localhost:3010
📚 Swagger documentation: http://localhost:3010/api/docs
🔐 Admin operations - requires ADMIN role
[INFO] 01:01:08 Restarting: /home/bayajidswe/My-files/my-projects/jatra-railway/apps/admin-service/src/coaches/coaches.controller.ts has been modified
[32m[Nest] 259379  - [39m01/05/2026, 1:01:09 AM [32m    LOG[39m [38;5;3m[NestFactory] [39m[32mStarting Nest application...[39m
[32m[Nest] 259379  - [39m01/05/2026, 1:01:09 AM [32m    LOG[39m [38;5;3m[InstanceLoader] [39m[32mAppModule dependencies initialized[39m[38;5;3m +12ms[39m
[32m[Nest] 259379  - [39m01/05/2026, 1:01:09 AM [32m    LOG[39m [38;5;3m[InstanceLoader] [39m[32mPrismaModule dependencies initialized[39m[38;5;3m +0ms[39m
[32m[Nest] 259379  - [39m01/05/2026, 1:01:09 AM [32m    LOG[39m [38;5;3m[InstanceLoader] [39m[32mConfigHostModule dependencies initialized[39m[38;5;3m +0ms[39m
[32m[Nest] 259379  - [39m01/05/2026, 1:01:09 AM [32m    LOG[39m [38;5;3m[InstanceLoader] [39m[32mTrainsModule dependencies initialized[39m[38;5;3m +1ms[39m
[32m[Nest] 259379  - [39m01/05/2026, 1:01:09 AM [32m    LOG[39m [38;5;3m[InstanceLoader] [39m[32mRoutesModule dependencies initialized[39m[38;5;3m +0ms[39m
[32m[Nest] 259379  - [39m01/05/2026, 1:01:09 AM [32m    LOG[39m [38;5;3m[InstanceLoader] [39m[32mJourneysModule dependencies initialized[39m[38;5;3m +0ms[39m
[32m[Nest] 259379  - [39m01/05/2026, 1:01:09 AM [32m    LOG[39m [38;5;3m[InstanceLoader] [39m[32mStationsModule dependencies initialized[39m[38;5;3m +0ms[39m
[32m[Nest] 259379  - [39m01/05/2026, 1:01:09 AM [32m    LOG[39m [38;5;3m[InstanceLoader] [39m[32mUsersModule dependencies initialized[39m[38;5;3m +0ms[39m
[32m[Nest] 259379  - [39m01/05/2026, 1:01:09 AM [32m    LOG[39m [38;5;3m[InstanceLoader] [39m[32mBookingsModule dependencies initialized[39m[38;5;3m +0ms[39m
[32m[Nest] 259379  - [39m01/05/2026, 1:01:09 AM [32m    LOG[39m [38;5;3m[InstanceLoader] [39m[32mStatsModule dependencies initialized[39m[38;5;3m +0ms[39m
[32m[Nest] 259379  - [39m01/05/2026, 1:01:09 AM [32m    LOG[39m [38;5;3m[InstanceLoader] [39m[32mConfigModule dependencies initialized[39m[38;5;3m +0ms[39m
[32m[Nest] 259379  - [39m01/05/2026, 1:01:09 AM [32m    LOG[39m [38;5;3m[InstanceLoader] [39m[32mCoachesModule dependencies initialized[39m[38;5;3m +0ms[39m
[32m[Nest] 259379  - [39m01/05/2026, 1:01:09 AM [32m    LOG[39m [38;5;3m[InstanceLoader] [39m[32mSeatsModule dependencies initialized[39m[38;5;3m +0ms[39m
[32m[Nest] 259379  - [39m01/05/2026, 1:01:09 AM [32m    LOG[39m [38;5;3m[InstanceLoader] [39m[32mSettingsModule dependencies initialized[39m[38;5;3m +0ms[39m
[32m[Nest] 259379  - [39m01/05/2026, 1:01:09 AM [32m    LOG[39m [38;5;3m[InstanceLoader] [39m[32mPaymentsModule dependencies initialized[39m[38;5;3m +0ms[39m
[32m[Nest] 259379  - [39m01/05/2026, 1:01:09 AM [32m    LOG[39m [38;5;3m[RoutesResolver] [39m[32mTrainsController {/admin/trains}:[39m[38;5;3m +19ms[39m
[32m[Nest] 259379  - [39m01/05/2026, 1:01:09 AM [32m    LOG[39m [38;5;3m[RouterExplorer] [39m[32mMapped {/admin/trains, GET} route[39m[38;5;3m +1ms[39m
[32m[Nest] 259379  - [39m01/05/2026, 1:01:09 AM [32m    LOG[39m [38;5;3m[RouterExplorer] [39m[32mMapped {/admin/trains/:id, GET} route[39m[38;5;3m +0ms[39m
[32m[Nest] 259379  - [39m01/05/2026, 1:01:09 AM [32m    LOG[39m [38;5;3m[RouterExplorer] [39m[32mMapped {/admin/trains, POST} route[39m[38;5;3m +1ms[39m
[32m[Nest] 259379  - [39m01/05/2026, 1:01:09 AM [32m    LOG[39m [38;5;3m[RouterExplorer] [39m[32mMapped {/admin/trains/:id, PUT} route[39m[38;5;3m +0ms[39m
[32m[Nest] 259379  - [39m01/05/2026, 1:01:09 AM [32m    LOG[39m [38;5;3m[RouterExplorer] [39m[32mMapped {/admin/trains/:id, DELETE} route[39m[38;5;3m +0ms[39m
[32m[Nest] 259379  - [39m01/05/2026, 1:01:09 AM [32m    LOG[39m [38;5;3m[RoutesResolver] [39m[32mRoutesController {/admin/routes}:[39m[38;5;3m +0ms[39m
[32m[Nest] 259379  - [39m01/05/2026, 1:01:09 AM [32m    LOG[39m [38;5;3m[RouterExplorer] [39m[32mMapped {/admin/routes, GET} route[39m[38;5;3m +0ms[39m
[32m[Nest] 259379  - [39m01/05/2026, 1:01:09 AM [32m    LOG[39m [38;5;3m[RouterExplorer] [39m[32mMapped {/admin/routes/:id, GET} route[39m[38;5;3m +0ms[39m
[32m[Nest] 259379  - [39m01/05/2026, 1:01:09 AM [32m    LOG[39m [38;5;3m[RoutesResolver] [39m[32mJourneysController {/admin/journeys}:[39m[38;5;3m +0ms[39m
[32m[Nest] 259379  - [39m01/05/2026, 1:01:09 AM [32m    LOG[39m [38;5;3m[RouterExplorer] [39m[32mMapped {/admin/journeys, GET} route[39m[38;5;3m +1ms[39m
[32m[Nest] 259379  - [39m01/05/2026, 1:01:09 AM [32m    LOG[39m [38;5;3m[RouterExplorer] [39m[32mMapped {/admin/journeys/:id, GET} route[39m[38;5;3m +0ms[39m
[32m[Nest] 259379  - [39m01/05/2026, 1:01:09 AM [32m    LOG[39m [38;5;3m[RoutesResolver] [39m[32mStationsController {/admin/stations}:[39m[38;5;3m +0ms[39m
[32m[Nest] 259379  - [39m01/05/2026, 1:01:09 AM [32m    LOG[39m [38;5;3m[RouterExplorer] [39m[32mMapped {/admin/stations, GET} route[39m[38;5;3m +0ms[39m
[32m[Nest] 259379  - [39m01/05/2026, 1:01:09 AM [32m    LOG[39m [38;5;3m[RoutesResolver] [39m[32mUsersController {/admin/users}:[39m[38;5;3m +0ms[39m
[32m[Nest] 259379  - [39m01/05/2026, 1:01:09 AM [32m    LOG[39m [38;5;3m[RouterExplorer] [39m[32mMapped {/admin/users, GET} route[39m[38;5;3m +0ms[39m
[32m[Nest] 259379  - [39m01/05/2026, 1:01:09 AM [32m    LOG[39m [38;5;3m[RouterExplorer] [39m[32mMapped {/admin/users/:id, GET} route[39m[38;5;3m +0ms[39m
[32m[Nest] 259379  - [39m01/05/2026, 1:01:09 AM [32m    LOG[39m [38;5;3m[RoutesResolver] [39m[32mBookingsController {/admin/bookings}:[39m[38;5;3m +0ms[39m
[32m[Nest] 259379  - [39m01/05/2026, 1:01:09 AM [32m    LOG[39m [38;5;3m[RouterExplorer] [39m[32mMapped {/admin/bookings, GET} route[39m[38;5;3m +0ms[39m
[32m[Nest] 259379  - [39m01/05/2026, 1:01:09 AM [32m    LOG[39m [38;5;3m[RouterExplorer] [39m[32mMapped {/admin/bookings/:id, GET} route[39m[38;5;3m +0ms[39m
[32m[Nest] 259379  - [39m01/05/2026, 1:01:09 AM [32m    LOG[39m [38;5;3m[RoutesResolver] [39m[32mStatsController {/admin/stats}:[39m[38;5;3m +1ms[39m
[32m[Nest] 259379  - [39m01/05/2026, 1:01:09 AM [32m    LOG[39m [38;5;3m[RouterExplorer] [39m[32mMapped {/admin/stats/dashboard, GET} route[39m[38;5;3m +0ms[39m
[32m[Nest] 259379  - [39m01/05/2026, 1:01:09 AM [32m    LOG[39m [38;5;3m[RoutesResolver] [39m[32mCoachesController {/admin/coaches}:[39m[38;5;3m +0ms[39m
[32m[Nest] 259379  - [39m01/05/2026, 1:01:09 AM [32m    LOG[39m [38;5;3m[RouterExplorer] [39m[32mMapped {/admin/coaches, GET} route[39m[38;5;3m +0ms[39m
[32m[Nest] 259379  - [39m01/05/2026, 1:01:09 AM [32m    LOG[39m [38;5;3m[RouterExplorer] [39m[32mMapped {/admin/coaches/:id, GET} route[39m[38;5;3m +0ms[39m
[32m[Nest] 259379  - [39m01/05/2026, 1:01:09 AM [32m    LOG[39m [38;5;3m[RouterExplorer] [39m[32mMapped {/admin/coaches, POST} route[39m[38;5;3m +0ms[39m
[32m[Nest] 259379  - [39m01/05/2026, 1:01:09 AM [32m    LOG[39m [38;5;3m[RouterExplorer] [39m[32mMapped {/admin/coaches/:id, PUT} route[39m[38;5;3m +0ms[39m
[32m[Nest] 259379  - [39m01/05/2026, 1:01:09 AM [32m    LOG[39m [38;5;3m[RouterExplorer] [39m[32mMapped {/admin/coaches/:id, DELETE} route[39m[38;5;3m +0ms[39m
[32m[Nest] 259379  - [39m01/05/2026, 1:01:09 AM [32m    LOG[39m [38;5;3m[RoutesResolver] [39m[32mSeatsController {/admin/seats}:[39m[38;5;3m +0ms[39m
[32m[Nest] 259379  - [39m01/05/2026, 1:01:09 AM [32m    LOG[39m [38;5;3m[RouterExplorer] [39m[32mMapped {/admin/seats, GET} route[39m[38;5;3m +0ms[39m
[32m[Nest] 259379  - [39m01/05/2026, 1:01:09 AM [32m    LOG[39m [38;5;3m[RouterExplorer] [39m[32mMapped {/admin/seats/:id, GET} route[39m[38;5;3m +0ms[39m
[32m[Nest] 259379  - [39m01/05/2026, 1:01:09 AM [32m    LOG[39m [38;5;3m[RouterExplorer] [39m[32mMapped {/admin/seats, POST} route[39m[38;5;3m +0ms[39m
[32m[Nest] 259379  - [39m01/05/2026, 1:01:09 AM [32m    LOG[39m [38;5;3m[RouterExplorer] [39m[32mMapped {/admin/seats/bulk, POST} route[39m[38;5;3m +0ms[39m
[32m[Nest] 259379  - [39m01/05/2026, 1:01:09 AM [32m    LOG[39m [38;5;3m[RouterExplorer] [39m[32mMapped {/admin/seats/:id, PUT} route[39m[38;5;3m +0ms[39m
[32m[Nest] 259379  - [39m01/05/2026, 1:01:09 AM [32m    LOG[39m [38;5;3m[RouterExplorer] [39m[32mMapped {/admin/seats/:id, DELETE} route[39m[38;5;3m +0ms[39m
[32m[Nest] 259379  - [39m01/05/2026, 1:01:09 AM [32m    LOG[39m [38;5;3m[RoutesResolver] [39m[32mSettingsController {/admin/settings}:[39m[38;5;3m +0ms[39m
[32m[Nest] 259379  - [39m01/05/2026, 1:01:09 AM [32m    LOG[39m [38;5;3m[RouterExplorer] [39m[32mMapped {/admin/settings, GET} route[39m[38;5;3m +0ms[39m
[32m[Nest] 259379  - [39m01/05/2026, 1:01:09 AM [32m    LOG[39m [38;5;3m[RouterExplorer] [39m[32mMapped {/admin/settings/:key, GET} route[39m[38;5;3m +0ms[39m
[32m[Nest] 259379  - [39m01/05/2026, 1:01:09 AM [32m    LOG[39m [38;5;3m[RouterExplorer] [39m[32mMapped {/admin/settings, POST} route[39m[38;5;3m +0ms[39m
[32m[Nest] 259379  - [39m01/05/2026, 1:01:09 AM [32m    LOG[39m [38;5;3m[RouterExplorer] [39m[32mMapped {/admin/settings/:key, PUT} route[39m[38;5;3m +1ms[39m
[32m[Nest] 259379  - [39m01/05/2026, 1:01:09 AM [32m    LOG[39m [38;5;3m[RouterExplorer] [39m[32mMapped {/admin/settings/:key, DELETE} route[39m[38;5;3m +0ms[39m
[32m[Nest] 259379  - [39m01/05/2026, 1:01:09 AM [32m    LOG[39m [38;5;3m[RoutesResolver] [39m[32mPaymentsController {/admin/payments}:[39m[38;5;3m +0ms[39m
[32m[Nest] 259379  - [39m01/05/2026, 1:01:09 AM [32m    LOG[39m [38;5;3m[RouterExplorer] [39m[32mMapped {/admin/payments/stats, GET} route[39m[38;5;3m +0ms[39m
[32m[Nest] 259379  - [39m01/05/2026, 1:01:09 AM [32m    LOG[39m [38;5;3m[RouterExplorer] [39m[32mMapped {/admin/payments, GET} route[39m[38;5;3m +0ms[39m
[32m[Nest] 259379  - [39m01/05/2026, 1:01:09 AM [32m    LOG[39m [38;5;3m[RouterExplorer] [39m[32mMapped {/admin/payments/:id, GET} route[39m[38;5;3m +0ms[39m
[32m[Nest] 259379  - [39m01/05/2026, 1:01:09 AM [32m    LOG[39m [38;5;3m[NestApplication] [39m[32mNest application successfully started[39m[38;5;3m +45ms[39m
[31m[Nest] 259379  - [39m01/05/2026, 1:01:09 AM [31m  ERROR[39m [38;5;3m[NestApplication] [39m[31mError: listen EADDRINUSE: address already in use :::3010[39m[38;5;3m +1ms[39m
Error: listen EADDRINUSE: address already in use :::3010
    at Server.setupListenHandle [as _listen2] (node:net:1908:16)
    at listenInCluster (node:net:1965:12)
    at Server.listen (node:net:2067:7)
    at ExpressAdapter.listen (/home/bayajidswe/My-files/my-projects/jatra-railway/node_modules/.pnpm/@nestjs+platform-express@10.4.20_@nestjs+common@10.4.20_class-transformer@0.5.1_class-v_bd7e093f0b2f45f3454d4c6bd5ff4f44/node_modules/@nestjs/platform-express/adapters/express-adapter.js:95:32)
    at /home/bayajidswe/My-files/my-projects/jatra-railway/node_modules/.pnpm/@nestjs+core@10.4.20_@nestjs+common@10.4.20_class-transformer@0.5.1_class-validator@0.1_6ee324c1921a1c6c0e69db7d70d61af1/node_modules/@nestjs/core/nest-application.js:183:30
    at new Promise (<anonymous>)
    at NestApplication.listen (/home/bayajidswe/My-files/my-projects/jatra-railway/node_modules/.pnpm/@nestjs+core@10.4.20_@nestjs+common@10.4.20_class-transformer@0.5.1_class-validator@0.1_6ee324c1921a1c6c0e69db7d70d61af1/node_modules/@nestjs/core/nest-application.js:173:16)
    at bootstrap (/home/bayajidswe/My-files/my-projects/jatra-railway/apps/admin-service/src/main.ts:45:3)
[ERROR] 01:01:09 Error: listen EADDRINUSE: address already in use :::3010
[INFO] 01:01:15 Restarting: /home/bayajidswe/My-files/my-projects/jatra-railway/apps/admin-service/src/seats/seats.controller.ts has been modified
[32m[Nest] 259642  - [39m01/05/2026, 1:01:16 AM [32m    LOG[39m [38;5;3m[NestFactory] [39m[32mStarting Nest application...[39m
[32m[Nest] 259642  - [39m01/05/2026, 1:01:16 AM [32m    LOG[39m [38;5;3m[InstanceLoader] [39m[32mAppModule dependencies initialized[39m[38;5;3m +11ms[39m
[32m[Nest] 259642  - [39m01/05/2026, 1:01:16 AM [32m    LOG[39m [38;5;3m[InstanceLoader] [39m[32mPrismaModule dependencies initialized[39m[38;5;3m +0ms[39m
[32m[Nest] 259642  - [39m01/05/2026, 1:01:16 AM [32m    LOG[39m [38;5;3m[InstanceLoader] [39m[32mConfigHostModule dependencies initialized[39m[38;5;3m +0ms[39m
[32m[Nest] 259642  - [39m01/05/2026, 1:01:16 AM [32m    LOG[39m [38;5;3m[InstanceLoader] [39m[32mTrainsModule dependencies initialized[39m[38;5;3m +1ms[39m
[32m[Nest] 259642  - [39m01/05/2026, 1:01:16 AM [32m    LOG[39m [38;5;3m[InstanceLoader] [39m[32mRoutesModule dependencies initialized[39m[38;5;3m +0ms[39m
[32m[Nest] 259642  - [39m01/05/2026, 1:01:16 AM [32m    LOG[39m [38;5;3m[InstanceLoader] [39m[32mJourneysModule dependencies initialized[39m[38;5;3m +0ms[39m
[32m[Nest] 259642  - [39m01/05/2026, 1:01:16 AM [32m    LOG[39m [38;5;3m[InstanceLoader] [39m[32mStationsModule dependencies initialized[39m[38;5;3m +0ms[39m
[32m[Nest] 259642  - [39m01/05/2026, 1:01:16 AM [32m    LOG[39m [38;5;3m[InstanceLoader] [39m[32mUsersModule dependencies initialized[39m[38;5;3m +0ms[39m
[32m[Nest] 259642  - [39m01/05/2026, 1:01:16 AM [32m    LOG[39m [38;5;3m[InstanceLoader] [39m[32mBookingsModule dependencies initialized[39m[38;5;3m +0ms[39m
[32m[Nest] 259642  - [39m01/05/2026, 1:01:16 AM [32m    LOG[39m [38;5;3m[InstanceLoader] [39m[32mStatsModule dependencies initialized[39m[38;5;3m +0ms[39m
[32m[Nest] 259642  - [39m01/05/2026, 1:01:16 AM [32m    LOG[39m [38;5;3m[InstanceLoader] [39m[32mConfigModule dependencies initialized[39m[38;5;3m +0ms[39m
[32m[Nest] 259642  - [39m01/05/2026, 1:01:16 AM [32m    LOG[39m [38;5;3m[InstanceLoader] [39m[32mCoachesModule dependencies initialized[39m[38;5;3m +0ms[39m
[32m[Nest] 259642  - [39m01/05/2026, 1:01:16 AM [32m    LOG[39m [38;5;3m[InstanceLoader] [39m[32mSeatsModule dependencies initialized[39m[38;5;3m +0ms[39m
[32m[Nest] 259642  - [39m01/05/2026, 1:01:16 AM [32m    LOG[39m [38;5;3m[InstanceLoader] [39m[32mSettingsModule dependencies initialized[39m[38;5;3m +0ms[39m
[32m[Nest] 259642  - [39m01/05/2026, 1:01:16 AM [32m    LOG[39m [38;5;3m[InstanceLoader] [39m[32mPaymentsModule dependencies initialized[39m[38;5;3m +0ms[39m
[32m[Nest] 259642  - [39m01/05/2026, 1:01:16 AM [32m    LOG[39m [38;5;3m[RoutesResolver] [39m[32mTrainsController {/admin/trains}:[39m[38;5;3m +26ms[39m
[32m[Nest] 259642  - [39m01/05/2026, 1:01:16 AM [32m    LOG[39m [38;5;3m[RouterExplorer] [39m[32mMapped {/admin/trains, GET} route[39m[38;5;3m +2ms[39m
[32m[Nest] 259642  - [39m01/05/2026, 1:01:16 AM [32m    LOG[39m [38;5;3m[RouterExplorer] [39m[32mMapped {/admin/trains/:id, GET} route[39m[38;5;3m +0ms[39m
[32m[Nest] 259642  - [39m01/05/2026, 1:01:16 AM [32m    LOG[39m [38;5;3m[RouterExplorer] [39m[32mMapped {/admin/trains, POST} route[39m[38;5;3m +0ms[39m
[32m[Nest] 259642  - [39m01/05/2026, 1:01:16 AM [32m    LOG[39m [38;5;3m[RouterExplorer] [39m[32mMapped {/admin/trains/:id, PUT} route[39m[38;5;3m +0ms[39m
[32m[Nest] 259642  - [39m01/05/2026, 1:01:16 AM [32m    LOG[39m [38;5;3m[RouterExplorer] [39m[32mMapped {/admin/trains/:id, DELETE} route[39m[38;5;3m +0ms[39m
[32m[Nest] 259642  - [39m01/05/2026, 1:01:16 AM [32m    LOG[39m [38;5;3m[RoutesResolver] [39m[32mRoutesController {/admin/routes}:[39m[38;5;3m +0ms[39m
[32m[Nest] 259642  - [39m01/05/2026, 1:01:16 AM [32m    LOG[39m [38;5;3m[RouterExplorer] [39m[32mMapped {/admin/routes, GET} route[39m[38;5;3m +1ms[39m
[32m[Nest] 259642  - [39m01/05/2026, 1:01:16 AM [32m    LOG[39m [38;5;3m[RouterExplorer] [39m[32mMapped {/admin/routes/:id, GET} route[39m[38;5;3m +0ms[39m
[32m[Nest] 259642  - [39m01/05/2026, 1:01:16 AM [32m    LOG[39m [38;5;3m[RoutesResolver] [39m[32mJourneysController {/admin/journeys}:[39m[38;5;3m +0ms[39m
[32m[Nest] 259642  - [39m01/05/2026, 1:01:16 AM [32m    LOG[39m [38;5;3m[RouterExplorer] [39m[32mMapped {/admin/journeys, GET} route[39m[38;5;3m +0ms[39m
[32m[Nest] 259642  - [39m01/05/2026, 1:01:16 AM [32m    LOG[39m [38;5;3m[RouterExplorer] [39m[32mMapped {/admin/journeys/:id, GET} route[39m[38;5;3m +0ms[39m
[32m[Nest] 259642  - [39m01/05/2026, 1:01:16 AM [32m    LOG[39m [38;5;3m[RoutesResolver] [39m[32mStationsController {/admin/stations}:[39m[38;5;3m +0ms[39m
[32m[Nest] 259642  - [39m01/05/2026, 1:01:16 AM [32m    LOG[39m [38;5;3m[RouterExplorer] [39m[32mMapped {/admin/stations, GET} route[39m[38;5;3m +0ms[39m
[32m[Nest] 259642  - [39m01/05/2026, 1:01:16 AM [32m    LOG[39m [38;5;3m[RoutesResolver] [39m[32mUsersController {/admin/users}:[39m[38;5;3m +0ms[39m
[32m[Nest] 259642  - [39m01/05/2026, 1:01:16 AM [32m    LOG[39m [38;5;3m[RouterExplorer] [39m[32mMapped {/admin/users, GET} route[39m[38;5;3m +0ms[39m
[32m[Nest] 259642  - [39m01/05/2026, 1:01:16 AM [32m    LOG[39m [38;5;3m[RouterExplorer] [39m[32mMapped {/admin/users/:id, GET} route[39m[38;5;3m +1ms[39m
[32m[Nest] 259642  - [39m01/05/2026, 1:01:16 AM [32m    LOG[39m [38;5;3m[RoutesResolver] [39m[32mBookingsController {/admin/bookings}:[39m[38;5;3m +0ms[39m
[32m[Nest] 259642  - [39m01/05/2026, 1:01:16 AM [32m    LOG[39m [38;5;3m[RouterExplorer] [39m[32mMapped {/admin/bookings, GET} route[39m[38;5;3m +0ms[39m
[32m[Nest] 259642  - [39m01/05/2026, 1:01:16 AM [32m    LOG[39m [38;5;3m[RouterExplorer] [39m[32mMapped {/admin/bookings/:id, GET} route[39m[38;5;3m +0ms[39m
[32m[Nest] 259642  - [39m01/05/2026, 1:01:16 AM [32m    LOG[39m [38;5;3m[RoutesResolver] [39m[32mStatsController {/admin/stats}:[39m[38;5;3m +0ms[39m
[32m[Nest] 259642  - [39m01/05/2026, 1:01:16 AM [32m    LOG[39m [38;5;3m[RouterExplorer] [39m[32mMapped {/admin/stats/dashboard, GET} route[39m[38;5;3m +0ms[39m
[32m[Nest] 259642  - [39m01/05/2026, 1:01:16 AM [32m    LOG[39m [38;5;3m[RoutesResolver] [39m[32mCoachesController {/admin/coaches}:[39m[38;5;3m +0ms[39m
[32m[Nest] 259642  - [39m01/05/2026, 1:01:16 AM [32m    LOG[39m [38;5;3m[RouterExplorer] [39m[32mMapped {/admin/coaches, GET} route[39m[38;5;3m +0ms[39m
[32m[Nest] 259642  - [39m01/05/2026, 1:01:16 AM [32m    LOG[39m [38;5;3m[RouterExplorer] [39m[32mMapped {/admin/coaches/:id, GET} route[39m[38;5;3m +0ms[39m
[32m[Nest] 259642  - [39m01/05/2026, 1:01:16 AM [32m    LOG[39m [38;5;3m[RouterExplorer] [39m[32mMapped {/admin/coaches, POST} route[39m[38;5;3m +0ms[39m
[32m[Nest] 259642  - [39m01/05/2026, 1:01:16 AM [32m    LOG[39m [38;5;3m[RouterExplorer] [39m[32mMapped {/admin/coaches/:id, PUT} route[39m[38;5;3m +0ms[39m
[32m[Nest] 259642  - [39m01/05/2026, 1:01:16 AM [32m    LOG[39m [38;5;3m[RouterExplorer] [39m[32mMapped {/admin/coaches/:id, DELETE} route[39m[38;5;3m +0ms[39m
[32m[Nest] 259642  - [39m01/05/2026, 1:01:16 AM [32m    LOG[39m [38;5;3m[RoutesResolver] [39m[32mSeatsController {/admin/seats}:[39m[38;5;3m +0ms[39m
[32m[Nest] 259642  - [39m01/05/2026, 1:01:16 AM [32m    LOG[39m [38;5;3m[RouterExplorer] [39m[32mMapped {/admin/seats, GET} route[39m[38;5;3m +0ms[39m
[32m[Nest] 259642  - [39m01/05/2026, 1:01:16 AM [32m    LOG[39m [38;5;3m[RouterExplorer] [39m[32mMapped {/admin/seats/:id, GET} route[39m[38;5;3m +0ms[39m
[32m[Nest] 259642  - [39m01/05/2026, 1:01:16 AM [32m    LOG[39m [38;5;3m[RouterExplorer] [39m[32mMapped {/admin/seats, POST} route[39m[38;5;3m +0ms[39m
[32m[Nest] 259642  - [39m01/05/2026, 1:01:16 AM [32m    LOG[39m [38;5;3m[RouterExplorer] [39m[32mMapped {/admin/seats/bulk, POST} route[39m[38;5;3m +0ms[39m
[32m[Nest] 259642  - [39m01/05/2026, 1:01:16 AM [32m    LOG[39m [38;5;3m[RouterExplorer] [39m[32mMapped {/admin/seats/:id, PUT} route[39m[38;5;3m +0ms[39m
[32m[Nest] 259642  - [39m01/05/2026, 1:01:16 AM [32m    LOG[39m [38;5;3m[RouterExplorer] [39m[32mMapped {/admin/seats/:id, DELETE} route[39m[38;5;3m +0ms[39m
[32m[Nest] 259642  - [39m01/05/2026, 1:01:16 AM [32m    LOG[39m [38;5;3m[RoutesResolver] [39m[32mSettingsController {/admin/settings}:[39m[38;5;3m +0ms[39m
[32m[Nest] 259642  - [39m01/05/2026, 1:01:16 AM [32m    LOG[39m [38;5;3m[RouterExplorer] [39m[32mMapped {/admin/settings, GET} route[39m[38;5;3m +1ms[39m
[32m[Nest] 259642  - [39m01/05/2026, 1:01:16 AM [32m    LOG[39m [38;5;3m[RouterExplorer] [39m[32mMapped {/admin/settings/:key, GET} route[39m[38;5;3m +0ms[39m
[32m[Nest] 259642  - [39m01/05/2026, 1:01:16 AM [32m    LOG[39m [38;5;3m[RouterExplorer] [39m[32mMapped {/admin/settings, POST} route[39m[38;5;3m +0ms[39m
[32m[Nest] 259642  - [39m01/05/2026, 1:01:16 AM [32m    LOG[39m [38;5;3m[RouterExplorer] [39m[32mMapped {/admin/settings/:key, PUT} route[39m[38;5;3m +0ms[39m
[32m[Nest] 259642  - [39m01/05/2026, 1:01:16 AM [32m    LOG[39m [38;5;3m[RouterExplorer] [39m[32mMapped {/admin/settings/:key, DELETE} route[39m[38;5;3m +0ms[39m
[32m[Nest] 259642  - [39m01/05/2026, 1:01:16 AM [32m    LOG[39m [38;5;3m[RoutesResolver] [39m[32mPaymentsController {/admin/payments}:[39m[38;5;3m +0ms[39m
[32m[Nest] 259642  - [39m01/05/2026, 1:01:16 AM [32m    LOG[39m [38;5;3m[RouterExplorer] [39m[32mMapped {/admin/payments/stats, GET} route[39m[38;5;3m +0ms[39m
[32m[Nest] 259642  - [39m01/05/2026, 1:01:16 AM [32m    LOG[39m [38;5;3m[RouterExplorer] [39m[32mMapped {/admin/payments, GET} route[39m[38;5;3m +0ms[39m
[32m[Nest] 259642  - [39m01/05/2026, 1:01:16 AM [32m    LOG[39m [38;5;3m[RouterExplorer] [39m[32mMapped {/admin/payments/:id, GET} route[39m[38;5;3m +0ms[39m
[32m[Nest] 259642  - [39m01/05/2026, 1:01:16 AM [32m    LOG[39m [38;5;3m[NestApplication] [39m[32mNest application successfully started[39m[38;5;3m +64ms[39m
🚀 Admin Service is running on: http://localhost:3010
📚 Swagger documentation: http://localhost:3010/api/docs
🔐 Admin operations - requires ADMIN role
[31m[Nest] 259642  - [39m01/05/2026, 1:02:18 AM [31m  ERROR[39m [38;5;3m[ExceptionsHandler] [39m[31mcoaches is not defined[39m
ReferenceError: coaches is not defined
    at CoachesService.findAll (/home/bayajidswe/My-files/my-projects/jatra-railway/apps/admin-service/src/coaches/coaches.service.ts:34:7)
    at /home/bayajidswe/My-files/my-projects/jatra-railway/node_modules/.pnpm/@nestjs+core@10.4.20_@nestjs+common@10.4.20_class-transformer@0.5.1_class-validator@0.1_6ee324c1921a1c6c0e69db7d70d61af1/node_modules/@nestjs/core/router/router-execution-context.js:46:28
    at /home/bayajidswe/My-files/my-projects/jatra-railway/node_modules/.pnpm/@nestjs+core@10.4.20_@nestjs+common@10.4.20_class-transformer@0.5.1_class-validator@0.1_6ee324c1921a1c6c0e69db7d70d61af1/node_modules/@nestjs/core/router/router-proxy.js:9:17
[INFO] 01:02:55 Restarting: /home/bayajidswe/My-files/my-projects/jatra-railway/apps/admin-service/src/users/users.service.ts has been modified
[32m[Nest] 261707  - [39m01/05/2026, 1:02:56 AM [32m    LOG[39m [38;5;3m[NestFactory] [39m[32mStarting Nest application...[39m
[32m[Nest] 261707  - [39m01/05/2026, 1:02:56 AM [32m    LOG[39m [38;5;3m[InstanceLoader] [39m[32mAppModule dependencies initialized[39m[38;5;3m +10ms[39m
[32m[Nest] 261707  - [39m01/05/2026, 1:02:56 AM [32m    LOG[39m [38;5;3m[InstanceLoader] [39m[32mPrismaModule dependencies initialized[39m[38;5;3m +0ms[39m
[32m[Nest] 261707  - [39m01/05/2026, 1:02:56 AM [32m    LOG[39m [38;5;3m[InstanceLoader] [39m[32mConfigHostModule dependencies initialized[39m[38;5;3m +0ms[39m
[32m[Nest] 261707  - [39m01/05/2026, 1:02:56 AM [32m    LOG[39m [38;5;3m[InstanceLoader] [39m[32mTrainsModule dependencies initialized[39m[38;5;3m +1ms[39m
[32m[Nest] 261707  - [39m01/05/2026, 1:02:56 AM [32m    LOG[39m [38;5;3m[InstanceLoader] [39m[32mRoutesModule dependencies initialized[39m[38;5;3m +0ms[39m
[32m[Nest] 261707  - [39m01/05/2026, 1:02:56 AM [32m    LOG[39m [38;5;3m[InstanceLoader] [39m[32mJourneysModule dependencies initialized[39m[38;5;3m +0ms[39m
[32m[Nest] 261707  - [39m01/05/2026, 1:02:56 AM [32m    LOG[39m [38;5;3m[InstanceLoader] [39m[32mStationsModule dependencies initialized[39m[38;5;3m +0ms[39m
[32m[Nest] 261707  - [39m01/05/2026, 1:02:56 AM [32m    LOG[39m [38;5;3m[InstanceLoader] [39m[32mUsersModule dependencies initialized[39m[38;5;3m +0ms[39m
[32m[Nest] 261707  - [39m01/05/2026, 1:02:56 AM [32m    LOG[39m [38;5;3m[InstanceLoader] [39m[32mBookingsModule dependencies initialized[39m[38;5;3m +0ms[39m
[32m[Nest] 261707  - [39m01/05/2026, 1:02:56 AM [32m    LOG[39m [38;5;3m[InstanceLoader] [39m[32mStatsModule dependencies initialized[39m[38;5;3m +0ms[39m
[32m[Nest] 261707  - [39m01/05/2026, 1:02:56 AM [32m    LOG[39m [38;5;3m[InstanceLoader] [39m[32mConfigModule dependencies initialized[39m[38;5;3m +0ms[39m
[32m[Nest] 261707  - [39m01/05/2026, 1:02:56 AM [32m    LOG[39m [38;5;3m[InstanceLoader] [39m[32mCoachesModule dependencies initialized[39m[38;5;3m +0ms[39m
[32m[Nest] 261707  - [39m01/05/2026, 1:02:56 AM [32m    LOG[39m [38;5;3m[InstanceLoader] [39m[32mSeatsModule dependencies initialized[39m[38;5;3m +0ms[39m
[32m[Nest] 261707  - [39m01/05/2026, 1:02:56 AM [32m    LOG[39m [38;5;3m[InstanceLoader] [39m[32mSettingsModule dependencies initialized[39m[38;5;3m +0ms[39m
[32m[Nest] 261707  - [39m01/05/2026, 1:02:56 AM [32m    LOG[39m [38;5;3m[InstanceLoader] [39m[32mPaymentsModule dependencies initialized[39m[38;5;3m +0ms[39m
[32m[Nest] 261707  - [39m01/05/2026, 1:02:56 AM [32m    LOG[39m [38;5;3m[RoutesResolver] [39m[32mTrainsController {/admin/trains}:[39m[38;5;3m +22ms[39m
[32m[Nest] 261707  - [39m01/05/2026, 1:02:56 AM [32m    LOG[39m [38;5;3m[RouterExplorer] [39m[32mMapped {/admin/trains, GET} route[39m[38;5;3m +2ms[39m
[32m[Nest] 261707  - [39m01/05/2026, 1:02:56 AM [32m    LOG[39m [38;5;3m[RouterExplorer] [39m[32mMapped {/admin/trains/:id, GET} route[39m[38;5;3m +0ms[39m
[32m[Nest] 261707  - [39m01/05/2026, 1:02:56 AM [32m    LOG[39m [38;5;3m[RouterExplorer] [39m[32mMapped {/admin/trains, POST} route[39m[38;5;3m +0ms[39m
[32m[Nest] 261707  - [39m01/05/2026, 1:02:56 AM [32m    LOG[39m [38;5;3m[RouterExplorer] [39m[32mMapped {/admin/trains/:id, PUT} route[39m[38;5;3m +0ms[39m
[32m[Nest] 261707  - [39m01/05/2026, 1:02:56 AM [32m    LOG[39m [38;5;3m[RouterExplorer] [39m[32mMapped {/admin/trains/:id, DELETE} route[39m[38;5;3m +1ms[39m
[32m[Nest] 261707  - [39m01/05/2026, 1:02:56 AM [32m    LOG[39m [38;5;3m[RoutesResolver] [39m[32mRoutesController {/admin/routes}:[39m[38;5;3m +0ms[39m
[32m[Nest] 261707  - [39m01/05/2026, 1:02:56 AM [32m    LOG[39m [38;5;3m[RouterExplorer] [39m[32mMapped {/admin/routes, GET} route[39m[38;5;3m +0ms[39m
[32m[Nest] 261707  - [39m01/05/2026, 1:02:56 AM [32m    LOG[39m [38;5;3m[RouterExplorer] [39m[32mMapped {/admin/routes/:id, GET} route[39m[38;5;3m +0ms[39m
[32m[Nest] 261707  - [39m01/05/2026, 1:02:56 AM [32m    LOG[39m [38;5;3m[RoutesResolver] [39m[32mJourneysController {/admin/journeys}:[39m[38;5;3m +0ms[39m
[32m[Nest] 261707  - [39m01/05/2026, 1:02:56 AM [32m    LOG[39m [38;5;3m[RouterExplorer] [39m[32mMapped {/admin/journeys, GET} route[39m[38;5;3m +0ms[39m
[32m[Nest] 261707  - [39m01/05/2026, 1:02:56 AM [32m    LOG[39m [38;5;3m[RouterExplorer] [39m[32mMapped {/admin/journeys/:id, GET} route[39m[38;5;3m +0ms[39m
[32m[Nest] 261707  - [39m01/05/2026, 1:02:56 AM [32m    LOG[39m [38;5;3m[RoutesResolver] [39m[32mStationsController {/admin/stations}:[39m[38;5;3m +0ms[39m
[32m[Nest] 261707  - [39m01/05/2026, 1:02:56 AM [32m    LOG[39m [38;5;3m[RouterExplorer] [39m[32mMapped {/admin/stations, GET} route[39m[38;5;3m +1ms[39m
[32m[Nest] 261707  - [39m01/05/2026, 1:02:56 AM [32m    LOG[39m [38;5;3m[RoutesResolver] [39m[32mUsersController {/admin/users}:[39m[38;5;3m +0ms[39m
[32m[Nest] 261707  - [39m01/05/2026, 1:02:56 AM [32m    LOG[39m [38;5;3m[RouterExplorer] [39m[32mMapped {/admin/users, GET} route[39m[38;5;3m +0ms[39m
[32m[Nest] 261707  - [39m01/05/2026, 1:02:56 AM [32m    LOG[39m [38;5;3m[RouterExplorer] [39m[32mMapped {/admin/users/:id, GET} route[39m[38;5;3m +0ms[39m
[32m[Nest] 261707  - [39m01/05/2026, 1:02:56 AM [32m    LOG[39m [38;5;3m[RoutesResolver] [39m[32mBookingsController {/admin/bookings}:[39m[38;5;3m +0ms[39m
[32m[Nest] 261707  - [39m01/05/2026, 1:02:56 AM [32m    LOG[39m [38;5;3m[RouterExplorer] [39m[32mMapped {/admin/bookings, GET} route[39m[38;5;3m +0ms[39m
[32m[Nest] 261707  - [39m01/05/2026, 1:02:56 AM [32m    LOG[39m [38;5;3m[RouterExplorer] [39m[32mMapped {/admin/bookings/:id, GET} route[39m[38;5;3m +0ms[39m
[32m[Nest] 261707  - [39m01/05/2026, 1:02:56 AM [32m    LOG[39m [38;5;3m[RoutesResolver] [39m[32mStatsController {/admin/stats}:[39m[38;5;3m +0ms[39m
[32m[Nest] 261707  - [39m01/05/2026, 1:02:56 AM [32m    LOG[39m [38;5;3m[RouterExplorer] [39m[32mMapped {/admin/stats/dashboard, GET} route[39m[38;5;3m +0ms[39m
[32m[Nest] 261707  - [39m01/05/2026, 1:02:56 AM [32m    LOG[39m [38;5;3m[RoutesResolver] [39m[32mCoachesController {/admin/coaches}:[39m[38;5;3m +0ms[39m
[32m[Nest] 261707  - [39m01/05/2026, 1:02:56 AM [32m    LOG[39m [38;5;3m[RouterExplorer] [39m[32mMapped {/admin/coaches, GET} route[39m[38;5;3m +0ms[39m
[32m[Nest] 261707  - [39m01/05/2026, 1:02:56 AM [32m    LOG[39m [38;5;3m[RouterExplorer] [39m[32mMapped {/admin/coaches/:id, GET} route[39m[38;5;3m +0ms[39m
[32m[Nest] 261707  - [39m01/05/2026, 1:02:56 AM [32m    LOG[39m [38;5;3m[RouterExplorer] [39m[32mMapped {/admin/coaches, POST} route[39m[38;5;3m +0ms[39m
[32m[Nest] 261707  - [39m01/05/2026, 1:02:56 AM [32m    LOG[39m [38;5;3m[RouterExplorer] [39m[32mMapped {/admin/coaches/:id, PUT} route[39m[38;5;3m +0ms[39m
[32m[Nest] 261707  - [39m01/05/2026, 1:02:56 AM [32m    LOG[39m [38;5;3m[RouterExplorer] [39m[32mMapped {/admin/coaches/:id, DELETE} route[39m[38;5;3m +0ms[39m
[32m[Nest] 261707  - [39m01/05/2026, 1:02:56 AM [32m    LOG[39m [38;5;3m[RoutesResolver] [39m[32mSeatsController {/admin/seats}:[39m[38;5;3m +0ms[39m
[32m[Nest] 261707  - [39m01/05/2026, 1:02:56 AM [32m    LOG[39m [38;5;3m[RouterExplorer] [39m[32mMapped {/admin/seats, GET} route[39m[38;5;3m +1ms[39m
[32m[Nest] 261707  - [39m01/05/2026, 1:02:56 AM [32m    LOG[39m [38;5;3m[RouterExplorer] [39m[32mMapped {/admin/seats/:id, GET} route[39m[38;5;3m +0ms[39m
[32m[Nest] 261707  - [39m01/05/2026, 1:02:56 AM [32m    LOG[39m [38;5;3m[RouterExplorer] [39m[32mMapped {/admin/seats, POST} route[39m[38;5;3m +0ms[39m
[32m[Nest] 261707  - [39m01/05/2026, 1:02:56 AM [32m    LOG[39m [38;5;3m[RouterExplorer] [39m[32mMapped {/admin/seats/bulk, POST} route[39m[38;5;3m +0ms[39m
[32m[Nest] 261707  - [39m01/05/2026, 1:02:56 AM [32m    LOG[39m [38;5;3m[RouterExplorer] [39m[32mMapped {/admin/seats/:id, PUT} route[39m[38;5;3m +0ms[39m
[32m[Nest] 261707  - [39m01/05/2026, 1:02:56 AM [32m    LOG[39m [38;5;3m[RouterExplorer] [39m[32mMapped {/admin/seats/:id, DELETE} route[39m[38;5;3m +0ms[39m
[32m[Nest] 261707  - [39m01/05/2026, 1:02:56 AM [32m    LOG[39m [38;5;3m[RoutesResolver] [39m[32mSettingsController {/admin/settings}:[39m[38;5;3m +0ms[39m
[32m[Nest] 261707  - [39m01/05/2026, 1:02:56 AM [32m    LOG[39m [38;5;3m[RouterExplorer] [39m[32mMapped {/admin/settings, GET} route[39m[38;5;3m +0ms[39m
[32m[Nest] 261707  - [39m01/05/2026, 1:02:56 AM [32m    LOG[39m [38;5;3m[RouterExplorer] [39m[32mMapped {/admin/settings/:key, GET} route[39m[38;5;3m +0ms[39m
[32m[Nest] 261707  - [39m01/05/2026, 1:02:56 AM [32m    LOG[39m [38;5;3m[RouterExplorer] [39m[32mMapped {/admin/settings, POST} route[39m[38;5;3m +0ms[39m
[32m[Nest] 261707  - [39m01/05/2026, 1:02:56 AM [32m    LOG[39m [38;5;3m[RouterExplorer] [39m[32mMapped {/admin/settings/:key, PUT} route[39m[38;5;3m +0ms[39m
[32m[Nest] 261707  - [39m01/05/2026, 1:02:56 AM [32m    LOG[39m [38;5;3m[RouterExplorer] [39m[32mMapped {/admin/settings/:key, DELETE} route[39m[38;5;3m +0ms[39m
[32m[Nest] 261707  - [39m01/05/2026, 1:02:56 AM [32m    LOG[39m [38;5;3m[RoutesResolver] [39m[32mPaymentsController {/admin/payments}:[39m[38;5;3m +0ms[39m
[32m[Nest] 261707  - [39m01/05/2026, 1:02:56 AM [32m    LOG[39m [38;5;3m[RouterExplorer] [39m[32mMapped {/admin/payments/stats, GET} route[39m[38;5;3m +0ms[39m
[32m[Nest] 261707  - [39m01/05/2026, 1:02:56 AM [32m    LOG[39m [38;5;3m[RouterExplorer] [39m[32mMapped {/admin/payments, GET} route[39m[38;5;3m +1ms[39m
[32m[Nest] 261707  - [39m01/05/2026, 1:02:56 AM [32m    LOG[39m [38;5;3m[RouterExplorer] [39m[32mMapped {/admin/payments/:id, GET} route[39m[38;5;3m +0ms[39m
[32m[Nest] 261707  - [39m01/05/2026, 1:02:56 AM [32m    LOG[39m [38;5;3m[NestApplication] [39m[32mNest application successfully started[39m[38;5;3m +50ms[39m
[31m[Nest] 261707  - [39m01/05/2026, 1:02:56 AM [31m  ERROR[39m [38;5;3m[NestApplication] [39m[31mError: listen EADDRINUSE: address already in use :::3010[39m[38;5;3m +1ms[39m
Error: listen EADDRINUSE: address already in use :::3010
    at Server.setupListenHandle [as _listen2] (node:net:1908:16)
    at listenInCluster (node:net:1965:12)
    at Server.listen (node:net:2067:7)
    at ExpressAdapter.listen (/home/bayajidswe/My-files/my-projects/jatra-railway/node_modules/.pnpm/@nestjs+platform-express@10.4.20_@nestjs+common@10.4.20_class-transformer@0.5.1_class-v_bd7e093f0b2f45f3454d4c6bd5ff4f44/node_modules/@nestjs/platform-express/adapters/express-adapter.js:95:32)
    at /home/bayajidswe/My-files/my-projects/jatra-railway/node_modules/.pnpm/@nestjs+core@10.4.20_@nestjs+common@10.4.20_class-transformer@0.5.1_class-validator@0.1_6ee324c1921a1c6c0e69db7d70d61af1/node_modules/@nestjs/core/nest-application.js:183:30
    at new Promise (<anonymous>)
    at NestApplication.listen (/home/bayajidswe/My-files/my-projects/jatra-railway/node_modules/.pnpm/@nestjs+core@10.4.20_@nestjs+common@10.4.20_class-transformer@0.5.1_class-validator@0.1_6ee324c1921a1c6c0e69db7d70d61af1/node_modules/@nestjs/core/nest-application.js:173:16)
    at bootstrap (/home/bayajidswe/My-files/my-projects/jatra-railway/apps/admin-service/src/main.ts:45:3)
[ERROR] 01:02:56 Error: listen EADDRINUSE: address already in use :::3010
[INFO] 01:02:58 Restarting: /home/bayajidswe/My-files/my-projects/jatra-railway/apps/admin-service/src/users/users.service.ts has been modified
[32m[Nest] 261792  - [39m01/05/2026, 1:02:58 AM [32m    LOG[39m [38;5;3m[NestFactory] [39m[32mStarting Nest application...[39m
[32m[Nest] 261792  - [39m01/05/2026, 1:02:58 AM [32m    LOG[39m [38;5;3m[InstanceLoader] [39m[32mAppModule dependencies initialized[39m[38;5;3m +14ms[39m
[32m[Nest] 261792  - [39m01/05/2026, 1:02:58 AM [32m    LOG[39m [38;5;3m[InstanceLoader] [39m[32mPrismaModule dependencies initialized[39m[38;5;3m +1ms[39m
[32m[Nest] 261792  - [39m01/05/2026, 1:02:58 AM [32m    LOG[39m [38;5;3m[InstanceLoader] [39m[32mConfigHostModule dependencies initialized[39m[38;5;3m +0ms[39m
[32m[Nest] 261792  - [39m01/05/2026, 1:02:58 AM [32m    LOG[39m [38;5;3m[InstanceLoader] [39m[32mTrainsModule dependencies initialized[39m[38;5;3m +0ms[39m
[32m[Nest] 261792  - [39m01/05/2026, 1:02:58 AM [32m    LOG[39m [38;5;3m[InstanceLoader] [39m[32mRoutesModule dependencies initialized[39m[38;5;3m +0ms[39m
[32m[Nest] 261792  - [39m01/05/2026, 1:02:58 AM [32m    LOG[39m [38;5;3m[InstanceLoader] [39m[32mJourneysModule dependencies initialized[39m[38;5;3m +0ms[39m
[32m[Nest] 261792  - [39m01/05/2026, 1:02:58 AM [32m    LOG[39m [38;5;3m[InstanceLoader] [39m[32mStationsModule dependencies initialized[39m[38;5;3m +0ms[39m
[32m[Nest] 261792  - [39m01/05/2026, 1:02:58 AM [32m    LOG[39m [38;5;3m[InstanceLoader] [39m[32mUsersModule dependencies initialized[39m[38;5;3m +0ms[39m
[32m[Nest] 261792  - [39m01/05/2026, 1:02:58 AM [32m    LOG[39m [38;5;3m[InstanceLoader] [39m[32mBookingsModule dependencies initialized[39m[38;5;3m +1ms[39m
[32m[Nest] 261792  - [39m01/05/2026, 1:02:58 AM [32m    LOG[39m [38;5;3m[InstanceLoader] [39m[32mStatsModule dependencies initialized[39m[38;5;3m +0ms[39m
[32m[Nest] 261792  - [39m01/05/2026, 1:02:58 AM [32m    LOG[39m [38;5;3m[InstanceLoader] [39m[32mConfigModule dependencies initialized[39m[38;5;3m +0ms[39m
[32m[Nest] 261792  - [39m01/05/2026, 1:02:58 AM [32m    LOG[39m [38;5;3m[InstanceLoader] [39m[32mCoachesModule dependencies initialized[39m[38;5;3m +0ms[39m
[32m[Nest] 261792  - [39m01/05/2026, 1:02:58 AM [32m    LOG[39m [38;5;3m[InstanceLoader] [39m[32mSeatsModule dependencies initialized[39m[38;5;3m +0ms[39m
[32m[Nest] 261792  - [39m01/05/2026, 1:02:58 AM [32m    LOG[39m [38;5;3m[InstanceLoader] [39m[32mSettingsModule dependencies initialized[39m[38;5;3m +0ms[39m
[32m[Nest] 261792  - [39m01/05/2026, 1:02:58 AM [32m    LOG[39m [38;5;3m[InstanceLoader] [39m[32mPaymentsModule dependencies initialized[39m[38;5;3m +0ms[39m
[32m[Nest] 261792  - [39m01/05/2026, 1:02:58 AM [32m    LOG[39m [38;5;3m[RoutesResolver] [39m[32mTrainsController {/admin/trains}:[39m[38;5;3m +23ms[39m
[32m[Nest] 261792  - [39m01/05/2026, 1:02:58 AM [32m    LOG[39m [38;5;3m[RouterExplorer] [39m[32mMapped {/admin/trains, GET} route[39m[38;5;3m +1ms[39m
[32m[Nest] 261792  - [39m01/05/2026, 1:02:58 AM [32m    LOG[39m [38;5;3m[RouterExplorer] [39m[32mMapped {/admin/trains/:id, GET} route[39m[38;5;3m +1ms[39m
[32m[Nest] 261792  - [39m01/05/2026, 1:02:58 AM [32m    LOG[39m [38;5;3m[RouterExplorer] [39m[32mMapped {/admin/trains, POST} route[39m[38;5;3m +0ms[39m
[32m[Nest] 261792  - [39m01/05/2026, 1:02:58 AM [32m    LOG[39m [38;5;3m[RouterExplorer] [39m[32mMapped {/admin/trains/:id, PUT} route[39m[38;5;3m +0ms[39m
[32m[Nest] 261792  - [39m01/05/2026, 1:02:58 AM [32m    LOG[39m [38;5;3m[RouterExplorer] [39m[32mMapped {/admin/trains/:id, DELETE} route[39m[38;5;3m +0ms[39m
[32m[Nest] 261792  - [39m01/05/2026, 1:02:58 AM [32m    LOG[39m [38;5;3m[RoutesResolver] [39m[32mRoutesController {/admin/routes}:[39m[38;5;3m +0ms[39m
[32m[Nest] 261792  - [39m01/05/2026, 1:02:58 AM [32m    LOG[39m [38;5;3m[RouterExplorer] [39m[32mMapped {/admin/routes, GET} route[39m[38;5;3m +0ms[39m
[32m[Nest] 261792  - [39m01/05/2026, 1:02:58 AM [32m    LOG[39m [38;5;3m[RouterExplorer] [39m[32mMapped {/admin/routes/:id, GET} route[39m[38;5;3m +1ms[39m
[32m[Nest] 261792  - [39m01/05/2026, 1:02:58 AM [32m    LOG[39m [38;5;3m[RoutesResolver] [39m[32mJourneysController {/admin/journeys}:[39m[38;5;3m +0ms[39m
[32m[Nest] 261792  - [39m01/05/2026, 1:02:58 AM [32m    LOG[39m [38;5;3m[RouterExplorer] [39m[32mMapped {/admin/journeys, GET} route[39m[38;5;3m +0ms[39m
[32m[Nest] 261792  - [39m01/05/2026, 1:02:58 AM [32m    LOG[39m [38;5;3m[RouterExplorer] [39m[32mMapped {/admin/journeys/:id, GET} route[39m[38;5;3m +0ms[39m
[32m[Nest] 261792  - [39m01/05/2026, 1:02:58 AM [32m    LOG[39m [38;5;3m[RoutesResolver] [39m[32mStationsController {/admin/stations}:[39m[38;5;3m +0ms[39m
[32m[Nest] 261792  - [39m01/05/2026, 1:02:58 AM [32m    LOG[39m [38;5;3m[RouterExplorer] [39m[32mMapped {/admin/stations, GET} route[39m[38;5;3m +0ms[39m
[32m[Nest] 261792  - [39m01/05/2026, 1:02:58 AM [32m    LOG[39m [38;5;3m[RoutesResolver] [39m[32mUsersController {/admin/users}:[39m[38;5;3m +0ms[39m
[32m[Nest] 261792  - [39m01/05/2026, 1:02:58 AM [32m    LOG[39m [38;5;3m[RouterExplorer] [39m[32mMapped {/admin/users, GET} route[39m[38;5;3m +0ms[39m
[32m[Nest] 261792  - [39m01/05/2026, 1:02:58 AM [32m    LOG[39m [38;5;3m[RouterExplorer] [39m[32mMapped {/admin/users/:id, GET} route[39m[38;5;3m +0ms[39m
[32m[Nest] 261792  - [39m01/05/2026, 1:02:58 AM [32m    LOG[39m [38;5;3m[RoutesResolver] [39m[32mBookingsController {/admin/bookings}:[39m[38;5;3m +0ms[39m
[32m[Nest] 261792  - [39m01/05/2026, 1:02:58 AM [32m    LOG[39m [38;5;3m[RouterExplorer] [39m[32mMapped {/admin/bookings, GET} route[39m[38;5;3m +1ms[39m
[32m[Nest] 261792  - [39m01/05/2026, 1:02:58 AM [32m    LOG[39m [38;5;3m[RouterExplorer] [39m[32mMapped {/admin/bookings/:id, GET} route[39m[38;5;3m +0ms[39m
[32m[Nest] 261792  - [39m01/05/2026, 1:02:58 AM [32m    LOG[39m [38;5;3m[RoutesResolver] [39m[32mStatsController {/admin/stats}:[39m[38;5;3m +0ms[39m
[32m[Nest] 261792  - [39m01/05/2026, 1:02:58 AM [32m    LOG[39m [38;5;3m[RouterExplorer] [39m[32mMapped {/admin/stats/dashboard, GET} route[39m[38;5;3m +0ms[39m
[32m[Nest] 261792  - [39m01/05/2026, 1:02:58 AM [32m    LOG[39m [38;5;3m[RoutesResolver] [39m[32mCoachesController {/admin/coaches}:[39m[38;5;3m +0ms[39m
[32m[Nest] 261792  - [39m01/05/2026, 1:02:58 AM [32m    LOG[39m [38;5;3m[RouterExplorer] [39m[32mMapped {/admin/coaches, GET} route[39m[38;5;3m +0ms[39m
[32m[Nest] 261792  - [39m01/05/2026, 1:02:58 AM [32m    LOG[39m [38;5;3m[RouterExplorer] [39m[32mMapped {/admin/coaches/:id, GET} route[39m[38;5;3m +0ms[39m
[32m[Nest] 261792  - [39m01/05/2026, 1:02:58 AM [32m    LOG[39m [38;5;3m[RouterExplorer] [39m[32mMapped {/admin/coaches, POST} route[39m[38;5;3m +0ms[39m
[32m[Nest] 261792  - [39m01/05/2026, 1:02:58 AM [32m    LOG[39m [38;5;3m[RouterExplorer] [39m[32mMapped {/admin/coaches/:id, PUT} route[39m[38;5;3m +0ms[39m
[32m[Nest] 261792  - [39m01/05/2026, 1:02:58 AM [32m    LOG[39m [38;5;3m[RouterExplorer] [39m[32mMapped {/admin/coaches/:id, DELETE} route[39m[38;5;3m +0ms[39m
[32m[Nest] 261792  - [39m01/05/2026, 1:02:58 AM [32m    LOG[39m [38;5;3m[RoutesResolver] [39m[32mSeatsController {/admin/seats}:[39m[38;5;3m +0ms[39m
[32m[Nest] 261792  - [39m01/05/2026, 1:02:58 AM [32m    LOG[39m [38;5;3m[RouterExplorer] [39m[32mMapped {/admin/seats, GET} route[39m[38;5;3m +0ms[39m
[32m[Nest] 261792  - [39m01/05/2026, 1:02:58 AM [32m    LOG[39m [38;5;3m[RouterExplorer] [39m[32mMapped {/admin/seats/:id, GET} route[39m[38;5;3m +0ms[39m
[32m[Nest] 261792  - [39m01/05/2026, 1:02:58 AM [32m    LOG[39m [38;5;3m[RouterExplorer] [39m[32mMapped {/admin/seats, POST} route[39m[38;5;3m +0ms[39m
[32m[Nest] 261792  - [39m01/05/2026, 1:02:58 AM [32m    LOG[39m [38;5;3m[RouterExplorer] [39m[32mMapped {/admin/seats/bulk, POST} route[39m[38;5;3m +0ms[39m
[32m[Nest] 261792  - [39m01/05/2026, 1:02:58 AM [32m    LOG[39m [38;5;3m[RouterExplorer] [39m[32mMapped {/admin/seats/:id, PUT} route[39m[38;5;3m +0ms[39m
[32m[Nest] 261792  - [39m01/05/2026, 1:02:58 AM [32m    LOG[39m [38;5;3m[RouterExplorer] [39m[32mMapped {/admin/seats/:id, DELETE} route[39m[38;5;3m +0ms[39m
[32m[Nest] 261792  - [39m01/05/2026, 1:02:58 AM [32m    LOG[39m [38;5;3m[RoutesResolver] [39m[32mSettingsController {/admin/settings}:[39m[38;5;3m +0ms[39m
[32m[Nest] 261792  - [39m01/05/2026, 1:02:58 AM [32m    LOG[39m [38;5;3m[RouterExplorer] [39m[32mMapped {/admin/settings, GET} route[39m[38;5;3m +1ms[39m
[32m[Nest] 261792  - [39m01/05/2026, 1:02:58 AM [32m    LOG[39m [38;5;3m[RouterExplorer] [39m[32mMapped {/admin/settings/:key, GET} route[39m[38;5;3m +0ms[39m
[32m[Nest] 261792  - [39m01/05/2026, 1:02:58 AM [32m    LOG[39m [38;5;3m[RouterExplorer] [39m[32mMapped {/admin/settings, POST} route[39m[38;5;3m +0ms[39m
[32m[Nest] 261792  - [39m01/05/2026, 1:02:58 AM [32m    LOG[39m [38;5;3m[RouterExplorer] [39m[32mMapped {/admin/settings/:key, PUT} route[39m[38;5;3m +0ms[39m
[32m[Nest] 261792  - [39m01/05/2026, 1:02:58 AM [32m    LOG[39m [38;5;3m[RouterExplorer] [39m[32mMapped {/admin/settings/:key, DELETE} route[39m[38;5;3m +0ms[39m
[32m[Nest] 261792  - [39m01/05/2026, 1:02:58 AM [32m    LOG[39m [38;5;3m[RoutesResolver] [39m[32mPaymentsController {/admin/payments}:[39m[38;5;3m +0ms[39m
[32m[Nest] 261792  - [39m01/05/2026, 1:02:58 AM [32m    LOG[39m [38;5;3m[RouterExplorer] [39m[32mMapped {/admin/payments/stats, GET} route[39m[38;5;3m +0ms[39m
[32m[Nest] 261792  - [39m01/05/2026, 1:02:58 AM [32m    LOG[39m [38;5;3m[RouterExplorer] [39m[32mMapped {/admin/payments, GET} route[39m[38;5;3m +0ms[39m
[32m[Nest] 261792  - [39m01/05/2026, 1:02:58 AM [32m    LOG[39m [38;5;3m[RouterExplorer] [39m[32mMapped {/admin/payments/:id, GET} route[39m[38;5;3m +0ms[39m
[32m[Nest] 261792  - [39m01/05/2026, 1:02:58 AM [32m    LOG[39m [38;5;3m[NestApplication] [39m[32mNest application successfully started[39m[38;5;3m +58ms[39m
🚀 Admin Service is running on: http://localhost:3010
📚 Swagger documentation: http://localhost:3010/api/docs
🔐 Admin operations - requires ADMIN role
[INFO] 01:02:59 Restarting: /home/bayajidswe/My-files/my-projects/jatra-railway/apps/admin-service/src/bookings/bookings.service.ts has been modified
[32m[Nest] 261859  - [39m01/05/2026, 1:02:59 AM [32m    LOG[39m [38;5;3m[NestFactory] [39m[32mStarting Nest application...[39m
[32m[Nest] 261859  - [39m01/05/2026, 1:02:59 AM [32m    LOG[39m [38;5;3m[InstanceLoader] [39m[32mAppModule dependencies initialized[39m[38;5;3m +15ms[39m
[32m[Nest] 261859  - [39m01/05/2026, 1:02:59 AM [32m    LOG[39m [38;5;3m[InstanceLoader] [39m[32mPrismaModule dependencies initialized[39m[38;5;3m +1ms[39m
[32m[Nest] 261859  - [39m01/05/2026, 1:02:59 AM [32m    LOG[39m [38;5;3m[InstanceLoader] [39m[32mConfigHostModule dependencies initialized[39m[38;5;3m +0ms[39m
[32m[Nest] 261859  - [39m01/05/2026, 1:02:59 AM [32m    LOG[39m [38;5;3m[InstanceLoader] [39m[32mTrainsModule dependencies initialized[39m[38;5;3m +1ms[39m
[32m[Nest] 261859  - [39m01/05/2026, 1:02:59 AM [32m    LOG[39m [38;5;3m[InstanceLoader] [39m[32mRoutesModule dependencies initialized[39m[38;5;3m +0ms[39m
[32m[Nest] 261859  - [39m01/05/2026, 1:02:59 AM [32m    LOG[39m [38;5;3m[InstanceLoader] [39m[32mJourneysModule dependencies initialized[39m[38;5;3m +0ms[39m
[32m[Nest] 261859  - [39m01/05/2026, 1:02:59 AM [32m    LOG[39m [38;5;3m[InstanceLoader] [39m[32mStationsModule dependencies initialized[39m[38;5;3m +0ms[39m
[32m[Nest] 261859  - [39m01/05/2026, 1:02:59 AM [32m    LOG[39m [38;5;3m[InstanceLoader] [39m[32mUsersModule dependencies initialized[39m[38;5;3m +0ms[39m
[32m[Nest] 261859  - [39m01/05/2026, 1:02:59 AM [32m    LOG[39m [38;5;3m[InstanceLoader] [39m[32mBookingsModule dependencies initialized[39m[38;5;3m +0ms[39m
[32m[Nest] 261859  - [39m01/05/2026, 1:02:59 AM [32m    LOG[39m [38;5;3m[InstanceLoader] [39m[32mStatsModule dependencies initialized[39m[38;5;3m +0ms[39m
[32m[Nest] 261859  - [39m01/05/2026, 1:02:59 AM [32m    LOG[39m [38;5;3m[InstanceLoader] [39m[32mConfigModule dependencies initialized[39m[38;5;3m +0ms[39m
[32m[Nest] 261859  - [39m01/05/2026, 1:02:59 AM [32m    LOG[39m [38;5;3m[InstanceLoader] [39m[32mCoachesModule dependencies initialized[39m[38;5;3m +0ms[39m
[32m[Nest] 261859  - [39m01/05/2026, 1:02:59 AM [32m    LOG[39m [38;5;3m[InstanceLoader] [39m[32mSeatsModule dependencies initialized[39m[38;5;3m +0ms[39m
[32m[Nest] 261859  - [39m01/05/2026, 1:02:59 AM [32m    LOG[39m [38;5;3m[InstanceLoader] [39m[32mSettingsModule dependencies initialized[39m[38;5;3m +0ms[39m
[32m[Nest] 261859  - [39m01/05/2026, 1:02:59 AM [32m    LOG[39m [38;5;3m[InstanceLoader] [39m[32mPaymentsModule dependencies initialized[39m[38;5;3m +0ms[39m
[32m[Nest] 261859  - [39m01/05/2026, 1:02:59 AM [32m    LOG[39m [38;5;3m[RoutesResolver] [39m[32mTrainsController {/admin/trains}:[39m[38;5;3m +35ms[39m
[32m[Nest] 261859  - [39m01/05/2026, 1:02:59 AM [32m    LOG[39m [38;5;3m[RouterExplorer] [39m[32mMapped {/admin/trains, GET} route[39m[38;5;3m +1ms[39m
[32m[Nest] 261859  - [39m01/05/2026, 1:02:59 AM [32m    LOG[39m [38;5;3m[RouterExplorer] [39m[32mMapped {/admin/trains/:id, GET} route[39m[38;5;3m +1ms[39m
[32m[Nest] 261859  - [39m01/05/2026, 1:02:59 AM [32m    LOG[39m [38;5;3m[RouterExplorer] [39m[32mMapped {/admin/trains, POST} route[39m[38;5;3m +0ms[39m
[32m[Nest] 261859  - [39m01/05/2026, 1:02:59 AM [32m    LOG[39m [38;5;3m[RouterExplorer] [39m[32mMapped {/admin/trains/:id, PUT} route[39m[38;5;3m +0ms[39m
[32m[Nest] 261859  - [39m01/05/2026, 1:02:59 AM [32m    LOG[39m [38;5;3m[RouterExplorer] [39m[32mMapped {/admin/trains/:id, DELETE} route[39m[38;5;3m +0ms[39m
[32m[Nest] 261859  - [39m01/05/2026, 1:02:59 AM [32m    LOG[39m [38;5;3m[RoutesResolver] [39m[32mRoutesController {/admin/routes}:[39m[38;5;3m +0ms[39m
[32m[Nest] 261859  - [39m01/05/2026, 1:02:59 AM [32m    LOG[39m [38;5;3m[RouterExplorer] [39m[32mMapped {/admin/routes, GET} route[39m[38;5;3m +1ms[39m
[32m[Nest] 261859  - [39m01/05/2026, 1:02:59 AM [32m    LOG[39m [38;5;3m[RouterExplorer] [39m[32mMapped {/admin/routes/:id, GET} route[39m[38;5;3m +0ms[39m
[32m[Nest] 261859  - [39m01/05/2026, 1:02:59 AM [32m    LOG[39m [38;5;3m[RoutesResolver] [39m[32mJourneysController {/admin/journeys}:[39m[38;5;3m +0ms[39m
[32m[Nest] 261859  - [39m01/05/2026, 1:02:59 AM [32m    LOG[39m [38;5;3m[RouterExplorer] [39m[32mMapped {/admin/journeys, GET} route[39m[38;5;3m +0ms[39m
[32m[Nest] 261859  - [39m01/05/2026, 1:02:59 AM [32m    LOG[39m [38;5;3m[RouterExplorer] [39m[32mMapped {/admin/journeys/:id, GET} route[39m[38;5;3m +0ms[39m
[32m[Nest] 261859  - [39m01/05/2026, 1:02:59 AM [32m    LOG[39m [38;5;3m[RoutesResolver] [39m[32mStationsController {/admin/stations}:[39m[38;5;3m +1ms[39m
[32m[Nest] 261859  - [39m01/05/2026, 1:02:59 AM [32m    LOG[39m [38;5;3m[RouterExplorer] [39m[32mMapped {/admin/stations, GET} route[39m[38;5;3m +0ms[39m
[32m[Nest] 261859  - [39m01/05/2026, 1:02:59 AM [32m    LOG[39m [38;5;3m[RoutesResolver] [39m[32mUsersController {/admin/users}:[39m[38;5;3m +0ms[39m
[32m[Nest] 261859  - [39m01/05/2026, 1:02:59 AM [32m    LOG[39m [38;5;3m[RouterExplorer] [39m[32mMapped {/admin/users, GET} route[39m[38;5;3m +0ms[39m
[32m[Nest] 261859  - [39m01/05/2026, 1:02:59 AM [32m    LOG[39m [38;5;3m[RouterExplorer] [39m[32mMapped {/admin/users/:id, GET} route[39m[38;5;3m +0ms[39m
[32m[Nest] 261859  - [39m01/05/2026, 1:02:59 AM [32m    LOG[39m [38;5;3m[RoutesResolver] [39m[32mBookingsController {/admin/bookings}:[39m[38;5;3m +0ms[39m
[32m[Nest] 261859  - [39m01/05/2026, 1:02:59 AM [32m    LOG[39m [38;5;3m[RouterExplorer] [39m[32mMapped {/admin/bookings, GET} route[39m[38;5;3m +1ms[39m
[32m[Nest] 261859  - [39m01/05/2026, 1:02:59 AM [32m    LOG[39m [38;5;3m[RouterExplorer] [39m[32mMapped {/admin/bookings/:id, GET} route[39m[38;5;3m +0ms[39m
[32m[Nest] 261859  - [39m01/05/2026, 1:02:59 AM [32m    LOG[39m [38;5;3m[RoutesResolver] [39m[32mStatsController {/admin/stats}:[39m[38;5;3m +0ms[39m
[32m[Nest] 261859  - [39m01/05/2026, 1:02:59 AM [32m    LOG[39m [38;5;3m[RouterExplorer] [39m[32mMapped {/admin/stats/dashboard, GET} route[39m[38;5;3m +0ms[39m
[32m[Nest] 261859  - [39m01/05/2026, 1:02:59 AM [32m    LOG[39m [38;5;3m[RoutesResolver] [39m[32mCoachesController {/admin/coaches}:[39m[38;5;3m +0ms[39m
[32m[Nest] 261859  - [39m01/05/2026, 1:02:59 AM [32m    LOG[39m [38;5;3m[RouterExplorer] [39m[32mMapped {/admin/coaches, GET} route[39m[38;5;3m +0ms[39m
[32m[Nest] 261859  - [39m01/05/2026, 1:02:59 AM [32m    LOG[39m [38;5;3m[RouterExplorer] [39m[32mMapped {/admin/coaches/:id, GET} route[39m[38;5;3m +0ms[39m
[32m[Nest] 261859  - [39m01/05/2026, 1:02:59 AM [32m    LOG[39m [38;5;3m[RouterExplorer] [39m[32mMapped {/admin/coaches, POST} route[39m[38;5;3m +0ms[39m
[32m[Nest] 261859  - [39m01/05/2026, 1:02:59 AM [32m    LOG[39m [38;5;3m[RouterExplorer] [39m[32mMapped {/admin/coaches/:id, PUT} route[39m[38;5;3m +0ms[39m
[32m[Nest] 261859  - [39m01/05/2026, 1:02:59 AM [32m    LOG[39m [38;5;3m[RouterExplorer] [39m[32mMapped {/admin/coaches/:id, DELETE} route[39m[38;5;3m +1ms[39m
[32m[Nest] 261859  - [39m01/05/2026, 1:02:59 AM [32m    LOG[39m [38;5;3m[RoutesResolver] [39m[32mSeatsController {/admin/seats}:[39m[38;5;3m +0ms[39m
[32m[Nest] 261859  - [39m01/05/2026, 1:02:59 AM [32m    LOG[39m [38;5;3m[RouterExplorer] [39m[32mMapped {/admin/seats, GET} route[39m[38;5;3m +0ms[39m
[32m[Nest] 261859  - [39m01/05/2026, 1:02:59 AM [32m    LOG[39m [38;5;3m[RouterExplorer] [39m[32mMapped {/admin/seats/:id, GET} route[39m[38;5;3m +0ms[39m
[32m[Nest] 261859  - [39m01/05/2026, 1:02:59 AM [32m    LOG[39m [38;5;3m[RouterExplorer] [39m[32mMapped {/admin/seats, POST} route[39m[38;5;3m +0ms[39m
[32m[Nest] 261859  - [39m01/05/2026, 1:02:59 AM [32m    LOG[39m [38;5;3m[RouterExplorer] [39m[32mMapped {/admin/seats/bulk, POST} route[39m[38;5;3m +0ms[39m
[32m[Nest] 261859  - [39m01/05/2026, 1:02:59 AM [32m    LOG[39m [38;5;3m[RouterExplorer] [39m[32mMapped {/admin/seats/:id, PUT} route[39m[38;5;3m +0ms[39m
[32m[Nest] 261859  - [39m01/05/2026, 1:02:59 AM [32m    LOG[39m [38;5;3m[RouterExplorer] [39m[32mMapped {/admin/seats/:id, DELETE} route[39m[38;5;3m +0ms[39m
[32m[Nest] 261859  - [39m01/05/2026, 1:02:59 AM [32m    LOG[39m [38;5;3m[RoutesResolver] [39m[32mSettingsController {/admin/settings}:[39m[38;5;3m +0ms[39m
[32m[Nest] 261859  - [39m01/05/2026, 1:02:59 AM [32m    LOG[39m [38;5;3m[RouterExplorer] [39m[32mMapped {/admin/settings, GET} route[39m[38;5;3m +0ms[39m
[32m[Nest] 261859  - [39m01/05/2026, 1:02:59 AM [32m    LOG[39m [38;5;3m[RouterExplorer] [39m[32mMapped {/admin/settings/:key, GET} route[39m[38;5;3m +0ms[39m
[32m[Nest] 261859  - [39m01/05/2026, 1:02:59 AM [32m    LOG[39m [38;5;3m[RouterExplorer] [39m[32mMapped {/admin/settings, POST} route[39m[38;5;3m +1ms[39m
[32m[Nest] 261859  - [39m01/05/2026, 1:02:59 AM [32m    LOG[39m [38;5;3m[RouterExplorer] [39m[32mMapped {/admin/settings/:key, PUT} route[39m[38;5;3m +0ms[39m
[32m[Nest] 261859  - [39m01/05/2026, 1:02:59 AM [32m    LOG[39m [38;5;3m[RouterExplorer] [39m[32mMapped {/admin/settings/:key, DELETE} route[39m[38;5;3m +0ms[39m
[32m[Nest] 261859  - [39m01/05/2026, 1:02:59 AM [32m    LOG[39m [38;5;3m[RoutesResolver] [39m[32mPaymentsController {/admin/payments}:[39m[38;5;3m +0ms[39m
[32m[Nest] 261859  - [39m01/05/2026, 1:02:59 AM [32m    LOG[39m [38;5;3m[RouterExplorer] [39m[32mMapped {/admin/payments/stats, GET} route[39m[38;5;3m +0ms[39m
[32m[Nest] 261859  - [39m01/05/2026, 1:02:59 AM [32m    LOG[39m [38;5;3m[RouterExplorer] [39m[32mMapped {/admin/payments, GET} route[39m[38;5;3m +0ms[39m
[32m[Nest] 261859  - [39m01/05/2026, 1:02:59 AM [32m    LOG[39m [38;5;3m[RouterExplorer] [39m[32mMapped {/admin/payments/:id, GET} route[39m[38;5;3m +0ms[39m
[32m[Nest] 261859  - [39m01/05/2026, 1:03:00 AM [32m    LOG[39m [38;5;3m[NestApplication] [39m[32mNest application successfully started[39m[38;5;3m +67ms[39m
[31m[Nest] 261859  - [39m01/05/2026, 1:03:00 AM [31m  ERROR[39m [38;5;3m[NestApplication] [39m[31mError: listen EADDRINUSE: address already in use :::3010[39m[38;5;3m +1ms[39m
Error: listen EADDRINUSE: address already in use :::3010
    at Server.setupListenHandle [as _listen2] (node:net:1908:16)
    at listenInCluster (node:net:1965:12)
    at Server.listen (node:net:2067:7)
    at ExpressAdapter.listen (/home/bayajidswe/My-files/my-projects/jatra-railway/node_modules/.pnpm/@nestjs+platform-express@10.4.20_@nestjs+common@10.4.20_class-transformer@0.5.1_class-v_bd7e093f0b2f45f3454d4c6bd5ff4f44/node_modules/@nestjs/platform-express/adapters/express-adapter.js:95:32)
    at /home/bayajidswe/My-files/my-projects/jatra-railway/node_modules/.pnpm/@nestjs+core@10.4.20_@nestjs+common@10.4.20_class-transformer@0.5.1_class-validator@0.1_6ee324c1921a1c6c0e69db7d70d61af1/node_modules/@nestjs/core/nest-application.js:183:30
    at new Promise (<anonymous>)
    at NestApplication.listen (/home/bayajidswe/My-files/my-projects/jatra-railway/node_modules/.pnpm/@nestjs+core@10.4.20_@nestjs+common@10.4.20_class-transformer@0.5.1_class-validator@0.1_6ee324c1921a1c6c0e69db7d70d61af1/node_modules/@nestjs/core/nest-application.js:173:16)
    at bootstrap (/home/bayajidswe/My-files/my-projects/jatra-railway/apps/admin-service/src/main.ts:45:3)
[ERROR] 01:03:00 Error: listen EADDRINUSE: address already in use :::3010
[INFO] 01:03:01 Restarting: /home/bayajidswe/My-files/my-projects/jatra-railway/apps/admin-service/src/bookings/bookings.service.ts has been modified
[32m[Nest] 261956  - [39m01/05/2026, 1:03:01 AM [32m    LOG[39m [38;5;3m[NestFactory] [39m[32mStarting Nest application...[39m
[32m[Nest] 261956  - [39m01/05/2026, 1:03:01 AM [32m    LOG[39m [38;5;3m[InstanceLoader] [39m[32mAppModule dependencies initialized[39m[38;5;3m +12ms[39m
[32m[Nest] 261956  - [39m01/05/2026, 1:03:01 AM [32m    LOG[39m [38;5;3m[InstanceLoader] [39m[32mPrismaModule dependencies initialized[39m[38;5;3m +1ms[39m
[32m[Nest] 261956  - [39m01/05/2026, 1:03:01 AM [32m    LOG[39m [38;5;3m[InstanceLoader] [39m[32mConfigHostModule dependencies initialized[39m[38;5;3m +1ms[39m
[32m[Nest] 261956  - [39m01/05/2026, 1:03:01 AM [32m    LOG[39m [38;5;3m[InstanceLoader] [39m[32mTrainsModule dependencies initialized[39m[38;5;3m +1ms[39m
[32m[Nest] 261956  - [39m01/05/2026, 1:03:01 AM [32m    LOG[39m [38;5;3m[InstanceLoader] [39m[32mRoutesModule dependencies initialized[39m[38;5;3m +0ms[39m
[32m[Nest] 261956  - [39m01/05/2026, 1:03:01 AM [32m    LOG[39m [38;5;3m[InstanceLoader] [39m[32mJourneysModule dependencies initialized[39m[38;5;3m +0ms[39m
[32m[Nest] 261956  - [39m01/05/2026, 1:03:01 AM [32m    LOG[39m [38;5;3m[InstanceLoader] [39m[32mStationsModule dependencies initialized[39m[38;5;3m +0ms[39m
[32m[Nest] 261956  - [39m01/05/2026, 1:03:01 AM [32m    LOG[39m [38;5;3m[InstanceLoader] [39m[32mUsersModule dependencies initialized[39m[38;5;3m +0ms[39m
[32m[Nest] 261956  - [39m01/05/2026, 1:03:01 AM [32m    LOG[39m [38;5;3m[InstanceLoader] [39m[32mBookingsModule dependencies initialized[39m[38;5;3m +0ms[39m
[32m[Nest] 261956  - [39m01/05/2026, 1:03:01 AM [32m    LOG[39m [38;5;3m[InstanceLoader] [39m[32mStatsModule dependencies initialized[39m[38;5;3m +0ms[39m
[32m[Nest] 261956  - [39m01/05/2026, 1:03:01 AM [32m    LOG[39m [38;5;3m[InstanceLoader] [39m[32mConfigModule dependencies initialized[39m[38;5;3m +0ms[39m
[32m[Nest] 261956  - [39m01/05/2026, 1:03:01 AM [32m    LOG[39m [38;5;3m[InstanceLoader] [39m[32mCoachesModule dependencies initialized[39m[38;5;3m +0ms[39m
[32m[Nest] 261956  - [39m01/05/2026, 1:03:01 AM [32m    LOG[39m [38;5;3m[InstanceLoader] [39m[32mSeatsModule dependencies initialized[39m[38;5;3m +0ms[39m
[32m[Nest] 261956  - [39m01/05/2026, 1:03:01 AM [32m    LOG[39m [38;5;3m[InstanceLoader] [39m[32mSettingsModule dependencies initialized[39m[38;5;3m +0ms[39m
[32m[Nest] 261956  - [39m01/05/2026, 1:03:01 AM [32m    LOG[39m [38;5;3m[InstanceLoader] [39m[32mPaymentsModule dependencies initialized[39m[38;5;3m +0ms[39m
[32m[Nest] 261956  - [39m01/05/2026, 1:03:01 AM [32m    LOG[39m [38;5;3m[RoutesResolver] [39m[32mTrainsController {/admin/trains}:[39m[38;5;3m +26ms[39m
[32m[Nest] 261956  - [39m01/05/2026, 1:03:01 AM [32m    LOG[39m [38;5;3m[RouterExplorer] [39m[32mMapped {/admin/trains, GET} route[39m[38;5;3m +1ms[39m
[32m[Nest] 261956  - [39m01/05/2026, 1:03:01 AM [32m    LOG[39m [38;5;3m[RouterExplorer] [39m[32mMapped {/admin/trains/:id, GET} route[39m[38;5;3m +1ms[39m
[32m[Nest] 261956  - [39m01/05/2026, 1:03:01 AM [32m    LOG[39m [38;5;3m[RouterExplorer] [39m[32mMapped {/admin/trains, POST} route[39m[38;5;3m +0ms[39m
[32m[Nest] 261956  - [39m01/05/2026, 1:03:01 AM [32m    LOG[39m [38;5;3m[RouterExplorer] [39m[32mMapped {/admin/trains/:id, PUT} route[39m[38;5;3m +0ms[39m
[32m[Nest] 261956  - [39m01/05/2026, 1:03:01 AM [32m    LOG[39m [38;5;3m[RouterExplorer] [39m[32mMapped {/admin/trains/:id, DELETE} route[39m[38;5;3m +0ms[39m
[32m[Nest] 261956  - [39m01/05/2026, 1:03:01 AM [32m    LOG[39m [38;5;3m[RoutesResolver] [39m[32mRoutesController {/admin/routes}:[39m[38;5;3m +0ms[39m
[32m[Nest] 261956  - [39m01/05/2026, 1:03:01 AM [32m    LOG[39m [38;5;3m[RouterExplorer] [39m[32mMapped {/admin/routes, GET} route[39m[38;5;3m +1ms[39m
[32m[Nest] 261956  - [39m01/05/2026, 1:03:01 AM [32m    LOG[39m [38;5;3m[RouterExplorer] [39m[32mMapped {/admin/routes/:id, GET} route[39m[38;5;3m +0ms[39m
[32m[Nest] 261956  - [39m01/05/2026, 1:03:01 AM [32m    LOG[39m [38;5;3m[RoutesResolver] [39m[32mJourneysController {/admin/journeys}:[39m[38;5;3m +0ms[39m
[32m[Nest] 261956  - [39m01/05/2026, 1:03:01 AM [32m    LOG[39m [38;5;3m[RouterExplorer] [39m[32mMapped {/admin/journeys, GET} route[39m[38;5;3m +0ms[39m
[32m[Nest] 261956  - [39m01/05/2026, 1:03:01 AM [32m    LOG[39m [38;5;3m[RouterExplorer] [39m[32mMapped {/admin/journeys/:id, GET} route[39m[38;5;3m +0ms[39m
[32m[Nest] 261956  - [39m01/05/2026, 1:03:01 AM [32m    LOG[39m [38;5;3m[RoutesResolver] [39m[32mStationsController {/admin/stations}:[39m[38;5;3m +0ms[39m
[32m[Nest] 261956  - [39m01/05/2026, 1:03:01 AM [32m    LOG[39m [38;5;3m[RouterExplorer] [39m[32mMapped {/admin/stations, GET} route[39m[38;5;3m +0ms[39m
[32m[Nest] 261956  - [39m01/05/2026, 1:03:01 AM [32m    LOG[39m [38;5;3m[RoutesResolver] [39m[32mUsersController {/admin/users}:[39m[38;5;3m +0ms[39m
[32m[Nest] 261956  - [39m01/05/2026, 1:03:01 AM [32m    LOG[39m [38;5;3m[RouterExplorer] [39m[32mMapped {/admin/users, GET} route[39m[38;5;3m +0ms[39m
[32m[Nest] 261956  - [39m01/05/2026, 1:03:01 AM [32m    LOG[39m [38;5;3m[RouterExplorer] [39m[32mMapped {/admin/users/:id, GET} route[39m[38;5;3m +1ms[39m
[32m[Nest] 261956  - [39m01/05/2026, 1:03:01 AM [32m    LOG[39m [38;5;3m[RoutesResolver] [39m[32mBookingsController {/admin/bookings}:[39m[38;5;3m +0ms[39m
[32m[Nest] 261956  - [39m01/05/2026, 1:03:01 AM [32m    LOG[39m [38;5;3m[RouterExplorer] [39m[32mMapped {/admin/bookings, GET} route[39m[38;5;3m +0ms[39m
[32m[Nest] 261956  - [39m01/05/2026, 1:03:01 AM [32m    LOG[39m [38;5;3m[RouterExplorer] [39m[32mMapped {/admin/bookings/:id, GET} route[39m[38;5;3m +0ms[39m
[32m[Nest] 261956  - [39m01/05/2026, 1:03:01 AM [32m    LOG[39m [38;5;3m[RoutesResolver] [39m[32mStatsController {/admin/stats}:[39m[38;5;3m +0ms[39m
[32m[Nest] 261956  - [39m01/05/2026, 1:03:01 AM [32m    LOG[39m [38;5;3m[RouterExplorer] [39m[32mMapped {/admin/stats/dashboard, GET} route[39m[38;5;3m +0ms[39m
[32m[Nest] 261956  - [39m01/05/2026, 1:03:01 AM [32m    LOG[39m [38;5;3m[RoutesResolver] [39m[32mCoachesController {/admin/coaches}:[39m[38;5;3m +0ms[39m
[32m[Nest] 261956  - [39m01/05/2026, 1:03:01 AM [32m    LOG[39m [38;5;3m[RouterExplorer] [39m[32mMapped {/admin/coaches, GET} route[39m[38;5;3m +0ms[39m
[32m[Nest] 261956  - [39m01/05/2026, 1:03:01 AM [32m    LOG[39m [38;5;3m[RouterExplorer] [39m[32mMapped {/admin/coaches/:id, GET} route[39m[38;5;3m +0ms[39m
[32m[Nest] 261956  - [39m01/05/2026, 1:03:01 AM [32m    LOG[39m [38;5;3m[RouterExplorer] [39m[32mMapped {/admin/coaches, POST} route[39m[38;5;3m +0ms[39m
[32m[Nest] 261956  - [39m01/05/2026, 1:03:01 AM [32m    LOG[39m [38;5;3m[RouterExplorer] [39m[32mMapped {/admin/coaches/:id, PUT} route[39m[38;5;3m +0ms[39m
[32m[Nest] 261956  - [39m01/05/2026, 1:03:01 AM [32m    LOG[39m [38;5;3m[RouterExplorer] [39m[32mMapped {/admin/coaches/:id, DELETE} route[39m[38;5;3m +0ms[39m
[32m[Nest] 261956  - [39m01/05/2026, 1:03:01 AM [32m    LOG[39m [38;5;3m[RoutesResolver] [39m[32mSeatsController {/admin/seats}:[39m[38;5;3m +0ms[39m
[32m[Nest] 261956  - [39m01/05/2026, 1:03:01 AM [32m    LOG[39m [38;5;3m[RouterExplorer] [39m[32mMapped {/admin/seats, GET} route[39m[38;5;3m +0ms[39m
[32m[Nest] 261956  - [39m01/05/2026, 1:03:01 AM [32m    LOG[39m [38;5;3m[RouterExplorer] [39m[32mMapped {/admin/seats/:id, GET} route[39m[38;5;3m +0ms[39m
[32m[Nest] 261956  - [39m01/05/2026, 1:03:01 AM [32m    LOG[39m [38;5;3m[RouterExplorer] [39m[32mMapped {/admin/seats, POST} route[39m[38;5;3m +0ms[39m
[32m[Nest] 261956  - [39m01/05/2026, 1:03:01 AM [32m    LOG[39m [38;5;3m[RouterExplorer] [39m[32mMapped {/admin/seats/bulk, POST} route[39m[38;5;3m +1ms[39m
[32m[Nest] 261956  - [39m01/05/2026, 1:03:01 AM [32m    LOG[39m [38;5;3m[RouterExplorer] [39m[32mMapped {/admin/seats/:id, PUT} route[39m[38;5;3m +0ms[39m
[32m[Nest] 261956  - [39m01/05/2026, 1:03:01 AM [32m    LOG[39m [38;5;3m[RouterExplorer] [39m[32mMapped {/admin/seats/:id, DELETE} route[39m[38;5;3m +0ms[39m
[32m[Nest] 261956  - [39m01/05/2026, 1:03:01 AM [32m    LOG[39m [38;5;3m[RoutesResolver] [39m[32mSettingsController {/admin/settings}:[39m[38;5;3m +0ms[39m
[32m[Nest] 261956  - [39m01/05/2026, 1:03:01 AM [32m    LOG[39m [38;5;3m[RouterExplorer] [39m[32mMapped {/admin/settings, GET} route[39m[38;5;3m +0ms[39m
[32m[Nest] 261956  - [39m01/05/2026, 1:03:01 AM [32m    LOG[39m [38;5;3m[RouterExplorer] [39m[32mMapped {/admin/settings/:key, GET} route[39m[38;5;3m +0ms[39m
[32m[Nest] 261956  - [39m01/05/2026, 1:03:01 AM [32m    LOG[39m [38;5;3m[RouterExplorer] [39m[32mMapped {/admin/settings, POST} route[39m[38;5;3m +0ms[39m
[32m[Nest] 261956  - [39m01/05/2026, 1:03:01 AM [32m    LOG[39m [38;5;3m[RouterExplorer] [39m[32mMapped {/admin/settings/:key, PUT} route[39m[38;5;3m +0ms[39m
[32m[Nest] 261956  - [39m01/05/2026, 1:03:01 AM [32m    LOG[39m [38;5;3m[RouterExplorer] [39m[32mMapped {/admin/settings/:key, DELETE} route[39m[38;5;3m +0ms[39m
[32m[Nest] 261956  - [39m01/05/2026, 1:03:01 AM [32m    LOG[39m [38;5;3m[RoutesResolver] [39m[32mPaymentsController {/admin/payments}:[39m[38;5;3m +0ms[39m
[32m[Nest] 261956  - [39m01/05/2026, 1:03:01 AM [32m    LOG[39m [38;5;3m[RouterExplorer] [39m[32mMapped {/admin/payments/stats, GET} route[39m[38;5;3m +0ms[39m
[32m[Nest] 261956  - [39m01/05/2026, 1:03:01 AM [32m    LOG[39m [38;5;3m[RouterExplorer] [39m[32mMapped {/admin/payments, GET} route[39m[38;5;3m +0ms[39m
[32m[Nest] 261956  - [39m01/05/2026, 1:03:01 AM [32m    LOG[39m [38;5;3m[RouterExplorer] [39m[32mMapped {/admin/payments/:id, GET} route[39m[38;5;3m +0ms[39m
[32m[Nest] 261956  - [39m01/05/2026, 1:03:01 AM [32m    LOG[39m [38;5;3m[NestApplication] [39m[32mNest application successfully started[39m[38;5;3m +49ms[39m
[31m[Nest] 261956  - [39m01/05/2026, 1:03:01 AM [31m  ERROR[39m [38;5;3m[NestApplication] [39m[31mError: listen EADDRINUSE: address already in use :::3010[39m[38;5;3m +1ms[39m
Error: listen EADDRINUSE: address already in use :::3010
    at Server.setupListenHandle [as _listen2] (node:net:1908:16)
    at listenInCluster (node:net:1965:12)
    at Server.listen (node:net:2067:7)
    at ExpressAdapter.listen (/home/bayajidswe/My-files/my-projects/jatra-railway/node_modules/.pnpm/@nestjs+platform-express@10.4.20_@nestjs+common@10.4.20_class-transformer@0.5.1_class-v_bd7e093f0b2f45f3454d4c6bd5ff4f44/node_modules/@nestjs/platform-express/adapters/express-adapter.js:95:32)
    at /home/bayajidswe/My-files/my-projects/jatra-railway/node_modules/.pnpm/@nestjs+core@10.4.20_@nestjs+common@10.4.20_class-transformer@0.5.1_class-validator@0.1_6ee324c1921a1c6c0e69db7d70d61af1/node_modules/@nestjs/core/nest-application.js:183:30
    at new Promise (<anonymous>)
    at NestApplication.listen (/home/bayajidswe/My-files/my-projects/jatra-railway/node_modules/.pnpm/@nestjs+core@10.4.20_@nestjs+common@10.4.20_class-transformer@0.5.1_class-validator@0.1_6ee324c1921a1c6c0e69db7d70d61af1/node_modules/@nestjs/core/nest-application.js:173:16)
    at bootstrap (/home/bayajidswe/My-files/my-projects/jatra-railway/apps/admin-service/src/main.ts:45:3)
[ERROR] 01:03:01 Error: listen EADDRINUSE: address already in use :::3010
[INFO] 01:03:02 Restarting: /home/bayajidswe/My-files/my-projects/jatra-railway/apps/admin-service/src/users/users.controller.ts has been modified
[32m[Nest] 262030  - [39m01/05/2026, 1:03:02 AM [32m    LOG[39m [38;5;3m[NestFactory] [39m[32mStarting Nest application...[39m
[32m[Nest] 262030  - [39m01/05/2026, 1:03:02 AM [32m    LOG[39m [38;5;3m[InstanceLoader] [39m[32mAppModule dependencies initialized[39m[38;5;3m +13ms[39m
[32m[Nest] 262030  - [39m01/05/2026, 1:03:02 AM [32m    LOG[39m [38;5;3m[InstanceLoader] [39m[32mPrismaModule dependencies initialized[39m[38;5;3m +0ms[39m
[32m[Nest] 262030  - [39m01/05/2026, 1:03:02 AM [32m    LOG[39m [38;5;3m[InstanceLoader] [39m[32mConfigHostModule dependencies initialized[39m[38;5;3m +1ms[39m
[32m[Nest] 262030  - [39m01/05/2026, 1:03:02 AM [32m    LOG[39m [38;5;3m[InstanceLoader] [39m[32mTrainsModule dependencies initialized[39m[38;5;3m +0ms[39m
[32m[Nest] 262030  - [39m01/05/2026, 1:03:02 AM [32m    LOG[39m [38;5;3m[InstanceLoader] [39m[32mRoutesModule dependencies initialized[39m[38;5;3m +0ms[39m
[32m[Nest] 262030  - [39m01/05/2026, 1:03:02 AM [32m    LOG[39m [38;5;3m[InstanceLoader] [39m[32mJourneysModule dependencies initialized[39m[38;5;3m +0ms[39m
[32m[Nest] 262030  - [39m01/05/2026, 1:03:02 AM [32m    LOG[39m [38;5;3m[InstanceLoader] [39m[32mStationsModule dependencies initialized[39m[38;5;3m +0ms[39m
[32m[Nest] 262030  - [39m01/05/2026, 1:03:02 AM [32m    LOG[39m [38;5;3m[InstanceLoader] [39m[32mUsersModule dependencies initialized[39m[38;5;3m +0ms[39m
[32m[Nest] 262030  - [39m01/05/2026, 1:03:02 AM [32m    LOG[39m [38;5;3m[InstanceLoader] [39m[32mBookingsModule dependencies initialized[39m[38;5;3m +0ms[39m
[32m[Nest] 262030  - [39m01/05/2026, 1:03:02 AM [32m    LOG[39m [38;5;3m[InstanceLoader] [39m[32mStatsModule dependencies initialized[39m[38;5;3m +0ms[39m
[32m[Nest] 262030  - [39m01/05/2026, 1:03:02 AM [32m    LOG[39m [38;5;3m[InstanceLoader] [39m[32mConfigModule dependencies initialized[39m[38;5;3m +0ms[39m
[32m[Nest] 262030  - [39m01/05/2026, 1:03:02 AM [32m    LOG[39m [38;5;3m[InstanceLoader] [39m[32mCoachesModule dependencies initialized[39m[38;5;3m +0ms[39m
[32m[Nest] 262030  - [39m01/05/2026, 1:03:02 AM [32m    LOG[39m [38;5;3m[InstanceLoader] [39m[32mSeatsModule dependencies initialized[39m[38;5;3m +0ms[39m
[32m[Nest] 262030  - [39m01/05/2026, 1:03:02 AM [32m    LOG[39m [38;5;3m[InstanceLoader] [39m[32mSettingsModule dependencies initialized[39m[38;5;3m +0ms[39m
[32m[Nest] 262030  - [39m01/05/2026, 1:03:02 AM [32m    LOG[39m [38;5;3m[InstanceLoader] [39m[32mPaymentsModule dependencies initialized[39m[38;5;3m +0ms[39m
[32m[Nest] 262030  - [39m01/05/2026, 1:03:02 AM [32m    LOG[39m [38;5;3m[RoutesResolver] [39m[32mTrainsController {/admin/trains}:[39m[38;5;3m +23ms[39m
[32m[Nest] 262030  - [39m01/05/2026, 1:03:02 AM [32m    LOG[39m [38;5;3m[RouterExplorer] [39m[32mMapped {/admin/trains, GET} route[39m[38;5;3m +2ms[39m
[32m[Nest] 262030  - [39m01/05/2026, 1:03:02 AM [32m    LOG[39m [38;5;3m[RouterExplorer] [39m[32mMapped {/admin/trains/:id, GET} route[39m[38;5;3m +0ms[39m
[32m[Nest] 262030  - [39m01/05/2026, 1:03:02 AM [32m    LOG[39m [38;5;3m[RouterExplorer] [39m[32mMapped {/admin/trains, POST} route[39m[38;5;3m +0ms[39m
[32m[Nest] 262030  - [39m01/05/2026, 1:03:03 AM [32m    LOG[39m [38;5;3m[RouterExplorer] [39m[32mMapped {/admin/trains/:id, PUT} route[39m[38;5;3m +1ms[39m
[32m[Nest] 262030  - [39m01/05/2026, 1:03:03 AM [32m    LOG[39m [38;5;3m[RouterExplorer] [39m[32mMapped {/admin/trains/:id, DELETE} route[39m[38;5;3m +0ms[39m
[32m[Nest] 262030  - [39m01/05/2026, 1:03:03 AM [32m    LOG[39m [38;5;3m[RoutesResolver] [39m[32mRoutesController {/admin/routes}:[39m[38;5;3m +0ms[39m
[32m[Nest] 262030  - [39m01/05/2026, 1:03:03 AM [32m    LOG[39m [38;5;3m[RouterExplorer] [39m[32mMapped {/admin/routes, GET} route[39m[38;5;3m +0ms[39m
[32m[Nest] 262030  - [39m01/05/2026, 1:03:03 AM [32m    LOG[39m [38;5;3m[RouterExplorer] [39m[32mMapped {/admin/routes/:id, GET} route[39m[38;5;3m +0ms[39m
[32m[Nest] 262030  - [39m01/05/2026, 1:03:03 AM [32m    LOG[39m [38;5;3m[RoutesResolver] [39m[32mJourneysController {/admin/journeys}:[39m[38;5;3m +0ms[39m
[32m[Nest] 262030  - [39m01/05/2026, 1:03:03 AM [32m    LOG[39m [38;5;3m[RouterExplorer] [39m[32mMapped {/admin/journeys, GET} route[39m[38;5;3m +0ms[39m
[32m[Nest] 262030  - [39m01/05/2026, 1:03:03 AM [32m    LOG[39m [38;5;3m[RouterExplorer] [39m[32mMapped {/admin/journeys/:id, GET} route[39m[38;5;3m +1ms[39m
[32m[Nest] 262030  - [39m01/05/2026, 1:03:03 AM [32m    LOG[39m [38;5;3m[RoutesResolver] [39m[32mStationsController {/admin/stations}:[39m[38;5;3m +0ms[39m
[32m[Nest] 262030  - [39m01/05/2026, 1:03:03 AM [32m    LOG[39m [38;5;3m[RouterExplorer] [39m[32mMapped {/admin/stations, GET} route[39m[38;5;3m +0ms[39m
[32m[Nest] 262030  - [39m01/05/2026, 1:03:03 AM [32m    LOG[39m [38;5;3m[RoutesResolver] [39m[32mUsersController {/admin/users}:[39m[38;5;3m +0ms[39m
[32m[Nest] 262030  - [39m01/05/2026, 1:03:03 AM [32m    LOG[39m [38;5;3m[RouterExplorer] [39m[32mMapped {/admin/users, GET} route[39m[38;5;3m +0ms[39m
[32m[Nest] 262030  - [39m01/05/2026, 1:03:03 AM [32m    LOG[39m [38;5;3m[RouterExplorer] [39m[32mMapped {/admin/users/:id, GET} route[39m[38;5;3m +0ms[39m
[32m[Nest] 262030  - [39m01/05/2026, 1:03:03 AM [32m    LOG[39m [38;5;3m[RoutesResolver] [39m[32mBookingsController {/admin/bookings}:[39m[38;5;3m +0ms[39m
[32m[Nest] 262030  - [39m01/05/2026, 1:03:03 AM [32m    LOG[39m [38;5;3m[RouterExplorer] [39m[32mMapped {/admin/bookings, GET} route[39m[38;5;3m +0ms[39m
[32m[Nest] 262030  - [39m01/05/2026, 1:03:03 AM [32m    LOG[39m [38;5;3m[RouterExplorer] [39m[32mMapped {/admin/bookings/:id, GET} route[39m[38;5;3m +0ms[39m
[32m[Nest] 262030  - [39m01/05/2026, 1:03:03 AM [32m    LOG[39m [38;5;3m[RoutesResolver] [39m[32mStatsController {/admin/stats}:[39m[38;5;3m +0ms[39m
[32m[Nest] 262030  - [39m01/05/2026, 1:03:03 AM [32m    LOG[39m [38;5;3m[RouterExplorer] [39m[32mMapped {/admin/stats/dashboard, GET} route[39m[38;5;3m +0ms[39m
[32m[Nest] 262030  - [39m01/05/2026, 1:03:03 AM [32m    LOG[39m [38;5;3m[RoutesResolver] [39m[32mCoachesController {/admin/coaches}:[39m[38;5;3m +0ms[39m
[32m[Nest] 262030  - [39m01/05/2026, 1:03:03 AM [32m    LOG[39m [38;5;3m[RouterExplorer] [39m[32mMapped {/admin/coaches, GET} route[39m[38;5;3m +1ms[39m
[32m[Nest] 262030  - [39m01/05/2026, 1:03:03 AM [32m    LOG[39m [38;5;3m[RouterExplorer] [39m[32mMapped {/admin/coaches/:id, GET} route[39m[38;5;3m +0ms[39m
[32m[Nest] 262030  - [39m01/05/2026, 1:03:03 AM [32m    LOG[39m [38;5;3m[RouterExplorer] [39m[32mMapped {/admin/coaches, POST} route[39m[38;5;3m +0ms[39m
[32m[Nest] 262030  - [39m01/05/2026, 1:03:03 AM [32m    LOG[39m [38;5;3m[RouterExplorer] [39m[32mMapped {/admin/coaches/:id, PUT} route[39m[38;5;3m +0ms[39m
[32m[Nest] 262030  - [39m01/05/2026, 1:03:03 AM [32m    LOG[39m [38;5;3m[RouterExplorer] [39m[32mMapped {/admin/coaches/:id, DELETE} route[39m[38;5;3m +0ms[39m
[32m[Nest] 262030  - [39m01/05/2026, 1:03:03 AM [32m    LOG[39m [38;5;3m[RoutesResolver] [39m[32mSeatsController {/admin/seats}:[39m[38;5;3m +0ms[39m
[32m[Nest] 262030  - [39m01/05/2026, 1:03:03 AM [32m    LOG[39m [38;5;3m[RouterExplorer] [39m[32mMapped {/admin/seats, GET} route[39m[38;5;3m +0ms[39m
[32m[Nest] 262030  - [39m01/05/2026, 1:03:03 AM [32m    LOG[39m [38;5;3m[RouterExplorer] [39m[32mMapped {/admin/seats/:id, GET} route[39m[38;5;3m +0ms[39m
[32m[Nest] 262030  - [39m01/05/2026, 1:03:03 AM [32m    LOG[39m [38;5;3m[RouterExplorer] [39m[32mMapped {/admin/seats, POST} route[39m[38;5;3m +0ms[39m
[32m[Nest] 262030  - [39m01/05/2026, 1:03:03 AM [32m    LOG[39m [38;5;3m[RouterExplorer] [39m[32mMapped {/admin/seats/bulk, POST} route[39m[38;5;3m +0ms[39m
[32m[Nest] 262030  - [39m01/05/2026, 1:03:03 AM [32m    LOG[39m [38;5;3m[RouterExplorer] [39m[32mMapped {/admin/seats/:id, PUT} route[39m[38;5;3m +0ms[39m
[32m[Nest] 262030  - [39m01/05/2026, 1:03:03 AM [32m    LOG[39m [38;5;3m[RouterExplorer] [39m[32mMapped {/admin/seats/:id, DELETE} route[39m[38;5;3m +0ms[39m
[32m[Nest] 262030  - [39m01/05/2026, 1:03:03 AM [32m    LOG[39m [38;5;3m[RoutesResolver] [39m[32mSettingsController {/admin/settings}:[39m[38;5;3m +0ms[39m
[32m[Nest] 262030  - [39m01/05/2026, 1:03:03 AM [32m    LOG[39m [38;5;3m[RouterExplorer] [39m[32mMapped {/admin/settings, GET} route[39m[38;5;3m +0ms[39m
[32m[Nest] 262030  - [39m01/05/2026, 1:03:03 AM [32m    LOG[39m [38;5;3m[RouterExplorer] [39m[32mMapped {/admin/settings/:key, GET} route[39m[38;5;3m +0ms[39m
[32m[Nest] 262030  - [39m01/05/2026, 1:03:03 AM [32m    LOG[39m [38;5;3m[RouterExplorer] [39m[32mMapped {/admin/settings, POST} route[39m[38;5;3m +0ms[39m
[32m[Nest] 262030  - [39m01/05/2026, 1:03:03 AM [32m    LOG[39m [38;5;3m[RouterExplorer] [39m[32mMapped {/admin/settings/:key, PUT} route[39m[38;5;3m +0ms[39m
[32m[Nest] 262030  - [39m01/05/2026, 1:03:03 AM [32m    LOG[39m [38;5;3m[RouterExplorer] [39m[32mMapped {/admin/settings/:key, DELETE} route[39m[38;5;3m +0ms[39m
[32m[Nest] 262030  - [39m01/05/2026, 1:03:03 AM [32m    LOG[39m [38;5;3m[RoutesResolver] [39m[32mPaymentsController {/admin/payments}:[39m[38;5;3m +0ms[39m
[32m[Nest] 262030  - [39m01/05/2026, 1:03:03 AM [32m    LOG[39m [38;5;3m[RouterExplorer] [39m[32mMapped {/admin/payments/stats, GET} route[39m[38;5;3m +0ms[39m
[32m[Nest] 262030  - [39m01/05/2026, 1:03:03 AM [32m    LOG[39m [38;5;3m[RouterExplorer] [39m[32mMapped {/admin/payments, GET} route[39m[38;5;3m +1ms[39m
[32m[Nest] 262030  - [39m01/05/2026, 1:03:03 AM [32m    LOG[39m [38;5;3m[RouterExplorer] [39m[32mMapped {/admin/payments/:id, GET} route[39m[38;5;3m +0ms[39m
[32m[Nest] 262030  - [39m01/05/2026, 1:03:03 AM [32m    LOG[39m [38;5;3m[NestApplication] [39m[32mNest application successfully started[39m[38;5;3m +54ms[39m
🚀 Admin Service is running on: http://localhost:3010
📚 Swagger documentation: http://localhost:3010/api/docs
🔐 Admin operations - requires ADMIN role
[INFO] 01:03:04 Restarting: /home/bayajidswe/My-files/my-projects/jatra-railway/apps/admin-service/src/bookings/bookings.controller.ts has been modified
[32m[Nest] 262112  - [39m01/05/2026, 1:03:05 AM [32m    LOG[39m [38;5;3m[NestFactory] [39m[32mStarting Nest application...[39m
[32m[Nest] 262112  - [39m01/05/2026, 1:03:05 AM [32m    LOG[39m [38;5;3m[InstanceLoader] [39m[32mAppModule dependencies initialized[39m[38;5;3m +15ms[39m
[32m[Nest] 262112  - [39m01/05/2026, 1:03:05 AM [32m    LOG[39m [38;5;3m[InstanceLoader] [39m[32mPrismaModule dependencies initialized[39m[38;5;3m +0ms[39m
[32m[Nest] 262112  - [39m01/05/2026, 1:03:05 AM [32m    LOG[39m [38;5;3m[InstanceLoader] [39m[32mConfigHostModule dependencies initialized[39m[38;5;3m +1ms[39m
[32m[Nest] 262112  - [39m01/05/2026, 1:03:05 AM [32m    LOG[39m [38;5;3m[InstanceLoader] [39m[32mTrainsModule dependencies initialized[39m[38;5;3m +0ms[39m
[32m[Nest] 262112  - [39m01/05/2026, 1:03:05 AM [32m    LOG[39m [38;5;3m[InstanceLoader] [39m[32mRoutesModule dependencies initialized[39m[38;5;3m +0ms[39m
[32m[Nest] 262112  - [39m01/05/2026, 1:03:05 AM [32m    LOG[39m [38;5;3m[InstanceLoader] [39m[32mJourneysModule dependencies initialized[39m[38;5;3m +1ms[39m
[32m[Nest] 262112  - [39m01/05/2026, 1:03:05 AM [32m    LOG[39m [38;5;3m[InstanceLoader] [39m[32mStationsModule dependencies initialized[39m[38;5;3m +0ms[39m
[32m[Nest] 262112  - [39m01/05/2026, 1:03:05 AM [32m    LOG[39m [38;5;3m[InstanceLoader] [39m[32mUsersModule dependencies initialized[39m[38;5;3m +0ms[39m
[32m[Nest] 262112  - [39m01/05/2026, 1:03:05 AM [32m    LOG[39m [38;5;3m[InstanceLoader] [39m[32mBookingsModule dependencies initialized[39m[38;5;3m +0ms[39m
[32m[Nest] 262112  - [39m01/05/2026, 1:03:05 AM [32m    LOG[39m [38;5;3m[InstanceLoader] [39m[32mStatsModule dependencies initialized[39m[38;5;3m +0ms[39m
[32m[Nest] 262112  - [39m01/05/2026, 1:03:05 AM [32m    LOG[39m [38;5;3m[InstanceLoader] [39m[32mConfigModule dependencies initialized[39m[38;5;3m +0ms[39m
[32m[Nest] 262112  - [39m01/05/2026, 1:03:05 AM [32m    LOG[39m [38;5;3m[InstanceLoader] [39m[32mCoachesModule dependencies initialized[39m[38;5;3m +0ms[39m
[32m[Nest] 262112  - [39m01/05/2026, 1:03:05 AM [32m    LOG[39m [38;5;3m[InstanceLoader] [39m[32mSeatsModule dependencies initialized[39m[38;5;3m +0ms[39m
[32m[Nest] 262112  - [39m01/05/2026, 1:03:05 AM [32m    LOG[39m [38;5;3m[InstanceLoader] [39m[32mSettingsModule dependencies initialized[39m[38;5;3m +0ms[39m
[32m[Nest] 262112  - [39m01/05/2026, 1:03:05 AM [32m    LOG[39m [38;5;3m[InstanceLoader] [39m[32mPaymentsModule dependencies initialized[39m[38;5;3m +0ms[39m
[32m[Nest] 262112  - [39m01/05/2026, 1:03:05 AM [32m    LOG[39m [38;5;3m[RoutesResolver] [39m[32mTrainsController {/admin/trains}:[39m[38;5;3m +23ms[39m
[32m[Nest] 262112  - [39m01/05/2026, 1:03:05 AM [32m    LOG[39m [38;5;3m[RouterExplorer] [39m[32mMapped {/admin/trains, GET} route[39m[38;5;3m +1ms[39m
[32m[Nest] 262112  - [39m01/05/2026, 1:03:05 AM [32m    LOG[39m [38;5;3m[RouterExplorer] [39m[32mMapped {/admin/trains/:id, GET} route[39m[38;5;3m +1ms[39m
[32m[Nest] 262112  - [39m01/05/2026, 1:03:05 AM [32m    LOG[39m [38;5;3m[RouterExplorer] [39m[32mMapped {/admin/trains, POST} route[39m[38;5;3m +0ms[39m
[32m[Nest] 262112  - [39m01/05/2026, 1:03:05 AM [32m    LOG[39m [38;5;3m[RouterExplorer] [39m[32mMapped {/admin/trains/:id, PUT} route[39m[38;5;3m +0ms[39m
[32m[Nest] 262112  - [39m01/05/2026, 1:03:05 AM [32m    LOG[39m [38;5;3m[RouterExplorer] [39m[32mMapped {/admin/trains/:id, DELETE} route[39m[38;5;3m +0ms[39m
[32m[Nest] 262112  - [39m01/05/2026, 1:03:05 AM [32m    LOG[39m [38;5;3m[RoutesResolver] [39m[32mRoutesController {/admin/routes}:[39m[38;5;3m +1ms[39m
[32m[Nest] 262112  - [39m01/05/2026, 1:03:05 AM [32m    LOG[39m [38;5;3m[RouterExplorer] [39m[32mMapped {/admin/routes, GET} route[39m[38;5;3m +0ms[39m
[32m[Nest] 262112  - [39m01/05/2026, 1:03:05 AM [32m    LOG[39m [38;5;3m[RouterExplorer] [39m[32mMapped {/admin/routes/:id, GET} route[39m[38;5;3m +0ms[39m
[32m[Nest] 262112  - [39m01/05/2026, 1:03:05 AM [32m    LOG[39m [38;5;3m[RoutesResolver] [39m[32mJourneysController {/admin/journeys}:[39m[38;5;3m +0ms[39m
[32m[Nest] 262112  - [39m01/05/2026, 1:03:05 AM [32m    LOG[39m [38;5;3m[RouterExplorer] [39m[32mMapped {/admin/journeys, GET} route[39m[38;5;3m +0ms[39m
[32m[Nest] 262112  - [39m01/05/2026, 1:03:05 AM [32m    LOG[39m [38;5;3m[RouterExplorer] [39m[32mMapped {/admin/journeys/:id, GET} route[39m[38;5;3m +0ms[39m
[32m[Nest] 262112  - [39m01/05/2026, 1:03:05 AM [32m    LOG[39m [38;5;3m[RoutesResolver] [39m[32mStationsController {/admin/stations}:[39m[38;5;3m +0ms[39m
[32m[Nest] 262112  - [39m01/05/2026, 1:03:05 AM [32m    LOG[39m [38;5;3m[RouterExplorer] [39m[32mMapped {/admin/stations, GET} route[39m[38;5;3m +1ms[39m
[32m[Nest] 262112  - [39m01/05/2026, 1:03:05 AM [32m    LOG[39m [38;5;3m[RoutesResolver] [39m[32mUsersController {/admin/users}:[39m[38;5;3m +0ms[39m
[32m[Nest] 262112  - [39m01/05/2026, 1:03:05 AM [32m    LOG[39m [38;5;3m[RouterExplorer] [39m[32mMapped {/admin/users, GET} route[39m[38;5;3m +0ms[39m
[32m[Nest] 262112  - [39m01/05/2026, 1:03:05 AM [32m    LOG[39m [38;5;3m[RouterExplorer] [39m[32mMapped {/admin/users/:id, GET} route[39m[38;5;3m +0ms[39m
[32m[Nest] 262112  - [39m01/05/2026, 1:03:05 AM [32m    LOG[39m [38;5;3m[RoutesResolver] [39m[32mBookingsController {/admin/bookings}:[39m[38;5;3m +1ms[39m
[32m[Nest] 262112  - [39m01/05/2026, 1:03:05 AM [32m    LOG[39m [38;5;3m[RouterExplorer] [39m[32mMapped {/admin/bookings, GET} route[39m[38;5;3m +0ms[39m
[32m[Nest] 262112  - [39m01/05/2026, 1:03:05 AM [32m    LOG[39m [38;5;3m[RouterExplorer] [39m[32mMapped {/admin/bookings/:id, GET} route[39m[38;5;3m +0ms[39m
[32m[Nest] 262112  - [39m01/05/2026, 1:03:05 AM [32m    LOG[39m [38;5;3m[RoutesResolver] [39m[32mStatsController {/admin/stats}:[39m[38;5;3m +0ms[39m
[32m[Nest] 262112  - [39m01/05/2026, 1:03:05 AM [32m    LOG[39m [38;5;3m[RouterExplorer] [39m[32mMapped {/admin/stats/dashboard, GET} route[39m[38;5;3m +0ms[39m
[32m[Nest] 262112  - [39m01/05/2026, 1:03:05 AM [32m    LOG[39m [38;5;3m[RoutesResolver] [39m[32mCoachesController {/admin/coaches}:[39m[38;5;3m +0ms[39m
[32m[Nest] 262112  - [39m01/05/2026, 1:03:05 AM [32m    LOG[39m [38;5;3m[RouterExplorer] [39m[32mMapped {/admin/coaches, GET} route[39m[38;5;3m +0ms[39m
[32m[Nest] 262112  - [39m01/05/2026, 1:03:05 AM [32m    LOG[39m [38;5;3m[RouterExplorer] [39m[32mMapped {/admin/coaches/:id, GET} route[39m[38;5;3m +0ms[39m
[32m[Nest] 262112  - [39m01/05/2026, 1:03:05 AM [32m    LOG[39m [38;5;3m[RouterExplorer] [39m[32mMapped {/admin/coaches, POST} route[39m[38;5;3m +0ms[39m
[32m[Nest] 262112  - [39m01/05/2026, 1:03:05 AM [32m    LOG[39m [38;5;3m[RouterExplorer] [39m[32mMapped {/admin/coaches/:id, PUT} route[39m[38;5;3m +0ms[39m
[32m[Nest] 262112  - [39m01/05/2026, 1:03:05 AM [32m    LOG[39m [38;5;3m[RouterExplorer] [39m[32mMapped {/admin/coaches/:id, DELETE} route[39m[38;5;3m +0ms[39m
[32m[Nest] 262112  - [39m01/05/2026, 1:03:05 AM [32m    LOG[39m [38;5;3m[RoutesResolver] [39m[32mSeatsController {/admin/seats}:[39m[38;5;3m +1ms[39m
[32m[Nest] 262112  - [39m01/05/2026, 1:03:05 AM [32m    LOG[39m [38;5;3m[RouterExplorer] [39m[32mMapped {/admin/seats, GET} route[39m[38;5;3m +0ms[39m
[32m[Nest] 262112  - [39m01/05/2026, 1:03:05 AM [32m    LOG[39m [38;5;3m[RouterExplorer] [39m[32mMapped {/admin/seats/:id, GET} route[39m[38;5;3m +0ms[39m
[32m[Nest] 262112  - [39m01/05/2026, 1:03:05 AM [32m    LOG[39m [38;5;3m[RouterExplorer] [39m[32mMapped {/admin/seats, POST} route[39m[38;5;3m +0ms[39m
[32m[Nest] 262112  - [39m01/05/2026, 1:03:05 AM [32m    LOG[39m [38;5;3m[RouterExplorer] [39m[32mMapped {/admin/seats/bulk, POST} route[39m[38;5;3m +0ms[39m
[32m[Nest] 262112  - [39m01/05/2026, 1:03:05 AM [32m    LOG[39m [38;5;3m[RouterExplorer] [39m[32mMapped {/admin/seats/:id, PUT} route[39m[38;5;3m +0ms[39m
[32m[Nest] 262112  - [39m01/05/2026, 1:03:05 AM [32m    LOG[39m [38;5;3m[RouterExplorer] [39m[32mMapped {/admin/seats/:id, DELETE} route[39m[38;5;3m +0ms[39m
[32m[Nest] 262112  - [39m01/05/2026, 1:03:05 AM [32m    LOG[39m [38;5;3m[RoutesResolver] [39m[32mSettingsController {/admin/settings}:[39m[38;5;3m +0ms[39m
[32m[Nest] 262112  - [39m01/05/2026, 1:03:05 AM [32m    LOG[39m [38;5;3m[RouterExplorer] [39m[32mMapped {/admin/settings, GET} route[39m[38;5;3m +0ms[39m
[32m[Nest] 262112  - [39m01/05/2026, 1:03:05 AM [32m    LOG[39m [38;5;3m[RouterExplorer] [39m[32mMapped {/admin/settings/:key, GET} route[39m[38;5;3m +0ms[39m
[32m[Nest] 262112  - [39m01/05/2026, 1:03:05 AM [32m    LOG[39m [38;5;3m[RouterExplorer] [39m[32mMapped {/admin/settings, POST} route[39m[38;5;3m +0ms[39m
[32m[Nest] 262112  - [39m01/05/2026, 1:03:05 AM [32m    LOG[39m [38;5;3m[RouterExplorer] [39m[32mMapped {/admin/settings/:key, PUT} route[39m[38;5;3m +0ms[39m
[32m[Nest] 262112  - [39m01/05/2026, 1:03:05 AM [32m    LOG[39m [38;5;3m[RouterExplorer] [39m[32mMapped {/admin/settings/:key, DELETE} route[39m[38;5;3m +0ms[39m
[32m[Nest] 262112  - [39m01/05/2026, 1:03:05 AM [32m    LOG[39m [38;5;3m[RoutesResolver] [39m[32mPaymentsController {/admin/payments}:[39m[38;5;3m +0ms[39m
[32m[Nest] 262112  - [39m01/05/2026, 1:03:05 AM [32m    LOG[39m [38;5;3m[RouterExplorer] [39m[32mMapped {/admin/payments/stats, GET} route[39m[38;5;3m +0ms[39m
[32m[Nest] 262112  - [39m01/05/2026, 1:03:05 AM [32m    LOG[39m [38;5;3m[RouterExplorer] [39m[32mMapped {/admin/payments, GET} route[39m[38;5;3m +0ms[39m
[32m[Nest] 262112  - [39m01/05/2026, 1:03:05 AM [32m    LOG[39m [38;5;3m[RouterExplorer] [39m[32mMapped {/admin/payments/:id, GET} route[39m[38;5;3m +0ms[39m
[32m[Nest] 262112  - [39m01/05/2026, 1:03:05 AM [32m    LOG[39m [38;5;3m[NestApplication] [39m[32mNest application successfully started[39m[38;5;3m +44ms[39m
[31m[Nest] 262112  - [39m01/05/2026, 1:03:05 AM [31m  ERROR[39m [38;5;3m[NestApplication] [39m[31mError: listen EADDRINUSE: address already in use :::3010[39m[38;5;3m +2ms[39m
Error: listen EADDRINUSE: address already in use :::3010
    at Server.setupListenHandle [as _listen2] (node:net:1908:16)
    at listenInCluster (node:net:1965:12)
    at Server.listen (node:net:2067:7)
    at ExpressAdapter.listen (/home/bayajidswe/My-files/my-projects/jatra-railway/node_modules/.pnpm/@nestjs+platform-express@10.4.20_@nestjs+common@10.4.20_class-transformer@0.5.1_class-v_bd7e093f0b2f45f3454d4c6bd5ff4f44/node_modules/@nestjs/platform-express/adapters/express-adapter.js:95:32)
    at /home/bayajidswe/My-files/my-projects/jatra-railway/node_modules/.pnpm/@nestjs+core@10.4.20_@nestjs+common@10.4.20_class-transformer@0.5.1_class-validator@0.1_6ee324c1921a1c6c0e69db7d70d61af1/node_modules/@nestjs/core/nest-application.js:183:30
    at new Promise (<anonymous>)
    at NestApplication.listen (/home/bayajidswe/My-files/my-projects/jatra-railway/node_modules/.pnpm/@nestjs+core@10.4.20_@nestjs+common@10.4.20_class-transformer@0.5.1_class-validator@0.1_6ee324c1921a1c6c0e69db7d70d61af1/node_modules/@nestjs/core/nest-application.js:173:16)
    at bootstrap (/home/bayajidswe/My-files/my-projects/jatra-railway/apps/admin-service/src/main.ts:45:3)
[ERROR] 01:03:05 Error: listen EADDRINUSE: address already in use :::3010
[INFO] 01:04:29 Restarting: /home/bayajidswe/My-files/my-projects/jatra-railway/apps/admin-service/src/journeys/journeys.service.ts has been modified
[32m[Nest] 263576  - [39m01/05/2026, 1:04:30 AM [32m    LOG[39m [38;5;3m[NestFactory] [39m[32mStarting Nest application...[39m
[32m[Nest] 263576  - [39m01/05/2026, 1:04:30 AM [32m    LOG[39m [38;5;3m[InstanceLoader] [39m[32mAppModule dependencies initialized[39m[38;5;3m +28ms[39m
[32m[Nest] 263576  - [39m01/05/2026, 1:04:30 AM [32m    LOG[39m [38;5;3m[InstanceLoader] [39m[32mPrismaModule dependencies initialized[39m[38;5;3m +0ms[39m
[32m[Nest] 263576  - [39m01/05/2026, 1:04:30 AM [32m    LOG[39m [38;5;3m[InstanceLoader] [39m[32mConfigHostModule dependencies initialized[39m[38;5;3m +2ms[39m
[32m[Nest] 263576  - [39m01/05/2026, 1:04:30 AM [32m    LOG[39m [38;5;3m[InstanceLoader] [39m[32mTrainsModule dependencies initialized[39m[38;5;3m +2ms[39m
[32m[Nest] 263576  - [39m01/05/2026, 1:04:30 AM [32m    LOG[39m [38;5;3m[InstanceLoader] [39m[32mRoutesModule dependencies initialized[39m[38;5;3m +0ms[39m
[32m[Nest] 263576  - [39m01/05/2026, 1:04:30 AM [32m    LOG[39m [38;5;3m[InstanceLoader] [39m[32mJourneysModule dependencies initialized[39m[38;5;3m +0ms[39m
[32m[Nest] 263576  - [39m01/05/2026, 1:04:30 AM [32m    LOG[39m [38;5;3m[InstanceLoader] [39m[32mStationsModule dependencies initialized[39m[38;5;3m +0ms[39m
[32m[Nest] 263576  - [39m01/05/2026, 1:04:30 AM [32m    LOG[39m [38;5;3m[InstanceLoader] [39m[32mUsersModule dependencies initialized[39m[38;5;3m +0ms[39m
[32m[Nest] 263576  - [39m01/05/2026, 1:04:30 AM [32m    LOG[39m [38;5;3m[InstanceLoader] [39m[32mBookingsModule dependencies initialized[39m[38;5;3m +0ms[39m
[32m[Nest] 263576  - [39m01/05/2026, 1:04:30 AM [32m    LOG[39m [38;5;3m[InstanceLoader] [39m[32mStatsModule dependencies initialized[39m[38;5;3m +0ms[39m
[32m[Nest] 263576  - [39m01/05/2026, 1:04:30 AM [32m    LOG[39m [38;5;3m[InstanceLoader] [39m[32mConfigModule dependencies initialized[39m[38;5;3m +1ms[39m
[32m[Nest] 263576  - [39m01/05/2026, 1:04:30 AM [32m    LOG[39m [38;5;3m[InstanceLoader] [39m[32mCoachesModule dependencies initialized[39m[38;5;3m +0ms[39m
[32m[Nest] 263576  - [39m01/05/2026, 1:04:30 AM [32m    LOG[39m [38;5;3m[InstanceLoader] [39m[32mSeatsModule dependencies initialized[39m[38;5;3m +0ms[39m
[32m[Nest] 263576  - [39m01/05/2026, 1:04:30 AM [32m    LOG[39m [38;5;3m[InstanceLoader] [39m[32mSettingsModule dependencies initialized[39m[38;5;3m +0ms[39m
[32m[Nest] 263576  - [39m01/05/2026, 1:04:30 AM [32m    LOG[39m [38;5;3m[InstanceLoader] [39m[32mPaymentsModule dependencies initialized[39m[38;5;3m +0ms[39m
[32m[Nest] 263576  - [39m01/05/2026, 1:04:30 AM [32m    LOG[39m [38;5;3m[RoutesResolver] [39m[32mTrainsController {/admin/trains}:[39m[38;5;3m +38ms[39m
[32m[Nest] 263576  - [39m01/05/2026, 1:04:30 AM [32m    LOG[39m [38;5;3m[RouterExplorer] [39m[32mMapped {/admin/trains, GET} route[39m[38;5;3m +3ms[39m
[32m[Nest] 263576  - [39m01/05/2026, 1:04:30 AM [32m    LOG[39m [38;5;3m[RouterExplorer] [39m[32mMapped {/admin/trains/:id, GET} route[39m[38;5;3m +0ms[39m
[32m[Nest] 263576  - [39m01/05/2026, 1:04:30 AM [32m    LOG[39m [38;5;3m[RouterExplorer] [39m[32mMapped {/admin/trains, POST} route[39m[38;5;3m +1ms[39m
[32m[Nest] 263576  - [39m01/05/2026, 1:04:30 AM [32m    LOG[39m [38;5;3m[RouterExplorer] [39m[32mMapped {/admin/trains/:id, PUT} route[39m[38;5;3m +0ms[39m
[32m[Nest] 263576  - [39m01/05/2026, 1:04:30 AM [32m    LOG[39m [38;5;3m[RouterExplorer] [39m[32mMapped {/admin/trains/:id, DELETE} route[39m[38;5;3m +1ms[39m
[32m[Nest] 263576  - [39m01/05/2026, 1:04:30 AM [32m    LOG[39m [38;5;3m[RoutesResolver] [39m[32mRoutesController {/admin/routes}:[39m[38;5;3m +0ms[39m
[32m[Nest] 263576  - [39m01/05/2026, 1:04:30 AM [32m    LOG[39m [38;5;3m[RouterExplorer] [39m[32mMapped {/admin/routes, GET} route[39m[38;5;3m +0ms[39m
[32m[Nest] 263576  - [39m01/05/2026, 1:04:30 AM [32m    LOG[39m [38;5;3m[RouterExplorer] [39m[32mMapped {/admin/routes/:id, GET} route[39m[38;5;3m +1ms[39m
[32m[Nest] 263576  - [39m01/05/2026, 1:04:30 AM [32m    LOG[39m [38;5;3m[RoutesResolver] [39m[32mJourneysController {/admin/journeys}:[39m[38;5;3m +0ms[39m
[32m[Nest] 263576  - [39m01/05/2026, 1:04:30 AM [32m    LOG[39m [38;5;3m[RouterExplorer] [39m[32mMapped {/admin/journeys, GET} route[39m[38;5;3m +0ms[39m
[32m[Nest] 263576  - [39m01/05/2026, 1:04:30 AM [32m    LOG[39m [38;5;3m[RouterExplorer] [39m[32mMapped {/admin/journeys/:id, GET} route[39m[38;5;3m +1ms[39m
[32m[Nest] 263576  - [39m01/05/2026, 1:04:30 AM [32m    LOG[39m [38;5;3m[RoutesResolver] [39m[32mStationsController {/admin/stations}:[39m[38;5;3m +0ms[39m
[32m[Nest] 263576  - [39m01/05/2026, 1:04:30 AM [32m    LOG[39m [38;5;3m[RouterExplorer] [39m[32mMapped {/admin/stations, GET} route[39m[38;5;3m +0ms[39m
[32m[Nest] 263576  - [39m01/05/2026, 1:04:30 AM [32m    LOG[39m [38;5;3m[RoutesResolver] [39m[32mUsersController {/admin/users}:[39m[38;5;3m +0ms[39m
[32m[Nest] 263576  - [39m01/05/2026, 1:04:30 AM [32m    LOG[39m [38;5;3m[RouterExplorer] [39m[32mMapped {/admin/users, GET} route[39m[38;5;3m +1ms[39m
[32m[Nest] 263576  - [39m01/05/2026, 1:04:30 AM [32m    LOG[39m [38;5;3m[RouterExplorer] [39m[32mMapped {/admin/users/:id, GET} route[39m[38;5;3m +0ms[39m
[32m[Nest] 263576  - [39m01/05/2026, 1:04:30 AM [32m    LOG[39m [38;5;3m[RoutesResolver] [39m[32mBookingsController {/admin/bookings}:[39m[38;5;3m +0ms[39m
[32m[Nest] 263576  - [39m01/05/2026, 1:04:30 AM [32m    LOG[39m [38;5;3m[RouterExplorer] [39m[32mMapped {/admin/bookings, GET} route[39m[38;5;3m +0ms[39m
[32m[Nest] 263576  - [39m01/05/2026, 1:04:30 AM [32m    LOG[39m [38;5;3m[RouterExplorer] [39m[32mMapped {/admin/bookings/:id, GET} route[39m[38;5;3m +0ms[39m
[32m[Nest] 263576  - [39m01/05/2026, 1:04:30 AM [32m    LOG[39m [38;5;3m[RoutesResolver] [39m[32mStatsController {/admin/stats}:[39m[38;5;3m +0ms[39m
[32m[Nest] 263576  - [39m01/05/2026, 1:04:30 AM [32m    LOG[39m [38;5;3m[RouterExplorer] [39m[32mMapped {/admin/stats/dashboard, GET} route[39m[38;5;3m +0ms[39m
[32m[Nest] 263576  - [39m01/05/2026, 1:04:30 AM [32m    LOG[39m [38;5;3m[RoutesResolver] [39m[32mCoachesController {/admin/coaches}:[39m[38;5;3m +0ms[39m
[32m[Nest] 263576  - [39m01/05/2026, 1:04:30 AM [32m    LOG[39m [38;5;3m[RouterExplorer] [39m[32mMapped {/admin/coaches, GET} route[39m[38;5;3m +0ms[39m
[32m[Nest] 263576  - [39m01/05/2026, 1:04:30 AM [32m    LOG[39m [38;5;3m[RouterExplorer] [39m[32mMapped {/admin/coaches/:id, GET} route[39m[38;5;3m +1ms[39m
[32m[Nest] 263576  - [39m01/05/2026, 1:04:30 AM [32m    LOG[39m [38;5;3m[RouterExplorer] [39m[32mMapped {/admin/coaches, POST} route[39m[38;5;3m +0ms[39m
[32m[Nest] 263576  - [39m01/05/2026, 1:04:30 AM [32m    LOG[39m [38;5;3m[RouterExplorer] [39m[32mMapped {/admin/coaches/:id, PUT} route[39m[38;5;3m +0ms[39m
[32m[Nest] 263576  - [39m01/05/2026, 1:04:30 AM [32m    LOG[39m [38;5;3m[RouterExplorer] [39m[32mMapped {/admin/coaches/:id, DELETE} route[39m[38;5;3m +0ms[39m
[32m[Nest] 263576  - [39m01/05/2026, 1:04:30 AM [32m    LOG[39m [38;5;3m[RoutesResolver] [39m[32mSeatsController {/admin/seats}:[39m[38;5;3m +0ms[39m
[32m[Nest] 263576  - [39m01/05/2026, 1:04:30 AM [32m    LOG[39m [38;5;3m[RouterExplorer] [39m[32mMapped {/admin/seats, GET} route[39m[38;5;3m +0ms[39m
[32m[Nest] 263576  - [39m01/05/2026, 1:04:30 AM [32m    LOG[39m [38;5;3m[RouterExplorer] [39m[32mMapped {/admin/seats/:id, GET} route[39m[38;5;3m +1ms[39m
[32m[Nest] 263576  - [39m01/05/2026, 1:04:30 AM [32m    LOG[39m [38;5;3m[RouterExplorer] [39m[32mMapped {/admin/seats, POST} route[39m[38;5;3m +0ms[39m
[32m[Nest] 263576  - [39m01/05/2026, 1:04:30 AM [32m    LOG[39m [38;5;3m[RouterExplorer] [39m[32mMapped {/admin/seats/bulk, POST} route[39m[38;5;3m +0ms[39m
[32m[Nest] 263576  - [39m01/05/2026, 1:04:30 AM [32m    LOG[39m [38;5;3m[RouterExplorer] [39m[32mMapped {/admin/seats/:id, PUT} route[39m[38;5;3m +0ms[39m
[32m[Nest] 263576  - [39m01/05/2026, 1:04:30 AM [32m    LOG[39m [38;5;3m[RouterExplorer] [39m[32mMapped {/admin/seats/:id, DELETE} route[39m[38;5;3m +0ms[39m
[32m[Nest] 263576  - [39m01/05/2026, 1:04:30 AM [32m    LOG[39m [38;5;3m[RoutesResolver] [39m[32mSettingsController {/admin/settings}:[39m[38;5;3m +0ms[39m
[32m[Nest] 263576  - [39m01/05/2026, 1:04:30 AM [32m    LOG[39m [38;5;3m[RouterExplorer] [39m[32mMapped {/admin/settings, GET} route[39m[38;5;3m +0ms[39m
[32m[Nest] 263576  - [39m01/05/2026, 1:04:30 AM [32m    LOG[39m [38;5;3m[RouterExplorer] [39m[32mMapped {/admin/settings/:key, GET} route[39m[38;5;3m +1ms[39m
[32m[Nest] 263576  - [39m01/05/2026, 1:04:30 AM [32m    LOG[39m [38;5;3m[RouterExplorer] [39m[32mMapped {/admin/settings, POST} route[39m[38;5;3m +0ms[39m
[32m[Nest] 263576  - [39m01/05/2026, 1:04:30 AM [32m    LOG[39m [38;5;3m[RouterExplorer] [39m[32mMapped {/admin/settings/:key, PUT} route[39m[38;5;3m +0ms[39m
[32m[Nest] 263576  - [39m01/05/2026, 1:04:30 AM [32m    LOG[39m [38;5;3m[RouterExplorer] [39m[32mMapped {/admin/settings/:key, DELETE} route[39m[38;5;3m +0ms[39m
[32m[Nest] 263576  - [39m01/05/2026, 1:04:30 AM [32m    LOG[39m [38;5;3m[RoutesResolver] [39m[32mPaymentsController {/admin/payments}:[39m[38;5;3m +0ms[39m
[32m[Nest] 263576  - [39m01/05/2026, 1:04:30 AM [32m    LOG[39m [38;5;3m[RouterExplorer] [39m[32mMapped {/admin/payments/stats, GET} route[39m[38;5;3m +0ms[39m
[32m[Nest] 263576  - [39m01/05/2026, 1:04:30 AM [32m    LOG[39m [38;5;3m[RouterExplorer] [39m[32mMapped {/admin/payments, GET} route[39m[38;5;3m +0ms[39m
[32m[Nest] 263576  - [39m01/05/2026, 1:04:30 AM [32m    LOG[39m [38;5;3m[RouterExplorer] [39m[32mMapped {/admin/payments/:id, GET} route[39m[38;5;3m +0ms[39m
[32m[Nest] 263576  - [39m01/05/2026, 1:04:30 AM [32m    LOG[39m [38;5;3m[NestApplication] [39m[32mNest application successfully started[39m[38;5;3m +93ms[39m
🚀 Admin Service is running on: http://localhost:3010
📚 Swagger documentation: http://localhost:3010/api/docs
🔐 Admin operations - requires ADMIN role
[INFO] 01:04:31 Restarting: /home/bayajidswe/My-files/my-projects/jatra-railway/apps/admin-service/src/journeys/journeys.service.ts has been modified
[32m[Nest] 263699  - [39m01/05/2026, 1:04:32 AM [32m    LOG[39m [38;5;3m[NestFactory] [39m[32mStarting Nest application...[39m
[32m[Nest] 263699  - [39m01/05/2026, 1:04:32 AM [32m    LOG[39m [38;5;3m[InstanceLoader] [39m[32mAppModule dependencies initialized[39m[38;5;3m +11ms[39m
[32m[Nest] 263699  - [39m01/05/2026, 1:04:32 AM [32m    LOG[39m [38;5;3m[InstanceLoader] [39m[32mPrismaModule dependencies initialized[39m[38;5;3m +0ms[39m
[32m[Nest] 263699  - [39m01/05/2026, 1:04:32 AM [32m    LOG[39m [38;5;3m[InstanceLoader] [39m[32mConfigHostModule dependencies initialized[39m[38;5;3m +1ms[39m
[32m[Nest] 263699  - [39m01/05/2026, 1:04:32 AM [32m    LOG[39m [38;5;3m[InstanceLoader] [39m[32mTrainsModule dependencies initialized[39m[38;5;3m +0ms[39m
[32m[Nest] 263699  - [39m01/05/2026, 1:04:32 AM [32m    LOG[39m [38;5;3m[InstanceLoader] [39m[32mRoutesModule dependencies initialized[39m[38;5;3m +0ms[39m
[32m[Nest] 263699  - [39m01/05/2026, 1:04:32 AM [32m    LOG[39m [38;5;3m[InstanceLoader] [39m[32mJourneysModule dependencies initialized[39m[38;5;3m +0ms[39m
[32m[Nest] 263699  - [39m01/05/2026, 1:04:32 AM [32m    LOG[39m [38;5;3m[InstanceLoader] [39m[32mStationsModule dependencies initialized[39m[38;5;3m +0ms[39m
[32m[Nest] 263699  - [39m01/05/2026, 1:04:32 AM [32m    LOG[39m [38;5;3m[InstanceLoader] [39m[32mUsersModule dependencies initialized[39m[38;5;3m +0ms[39m
[32m[Nest] 263699  - [39m01/05/2026, 1:04:32 AM [32m    LOG[39m [38;5;3m[InstanceLoader] [39m[32mBookingsModule dependencies initialized[39m[38;5;3m +0ms[39m
[32m[Nest] 263699  - [39m01/05/2026, 1:04:32 AM [32m    LOG[39m [38;5;3m[InstanceLoader] [39m[32mStatsModule dependencies initialized[39m[38;5;3m +1ms[39m
[32m[Nest] 263699  - [39m01/05/2026, 1:04:32 AM [32m    LOG[39m [38;5;3m[InstanceLoader] [39m[32mConfigModule dependencies initialized[39m[38;5;3m +0ms[39m
[32m[Nest] 263699  - [39m01/05/2026, 1:04:32 AM [32m    LOG[39m [38;5;3m[InstanceLoader] [39m[32mCoachesModule dependencies initialized[39m[38;5;3m +0ms[39m
[32m[Nest] 263699  - [39m01/05/2026, 1:04:32 AM [32m    LOG[39m [38;5;3m[InstanceLoader] [39m[32mSeatsModule dependencies initialized[39m[38;5;3m +0ms[39m
[32m[Nest] 263699  - [39m01/05/2026, 1:04:32 AM [32m    LOG[39m [38;5;3m[InstanceLoader] [39m[32mSettingsModule dependencies initialized[39m[38;5;3m +0ms[39m
[32m[Nest] 263699  - [39m01/05/2026, 1:04:32 AM [32m    LOG[39m [38;5;3m[InstanceLoader] [39m[32mPaymentsModule dependencies initialized[39m[38;5;3m +0ms[39m
[32m[Nest] 263699  - [39m01/05/2026, 1:04:32 AM [32m    LOG[39m [38;5;3m[RoutesResolver] [39m[32mTrainsController {/admin/trains}:[39m[38;5;3m +22ms[39m
[32m[Nest] 263699  - [39m01/05/2026, 1:04:32 AM [32m    LOG[39m [38;5;3m[RouterExplorer] [39m[32mMapped {/admin/trains, GET} route[39m[38;5;3m +1ms[39m
[32m[Nest] 263699  - [39m01/05/2026, 1:04:32 AM [32m    LOG[39m [38;5;3m[RouterExplorer] [39m[32mMapped {/admin/trains/:id, GET} route[39m[38;5;3m +1ms[39m
[32m[Nest] 263699  - [39m01/05/2026, 1:04:32 AM [32m    LOG[39m [38;5;3m[RouterExplorer] [39m[32mMapped {/admin/trains, POST} route[39m[38;5;3m +0ms[39m
[32m[Nest] 263699  - [39m01/05/2026, 1:04:32 AM [32m    LOG[39m [38;5;3m[RouterExplorer] [39m[32mMapped {/admin/trains/:id, PUT} route[39m[38;5;3m +0ms[39m
[32m[Nest] 263699  - [39m01/05/2026, 1:04:32 AM [32m    LOG[39m [38;5;3m[RouterExplorer] [39m[32mMapped {/admin/trains/:id, DELETE} route[39m[38;5;3m +0ms[39m
[32m[Nest] 263699  - [39m01/05/2026, 1:04:32 AM [32m    LOG[39m [38;5;3m[RoutesResolver] [39m[32mRoutesController {/admin/routes}:[39m[38;5;3m +0ms[39m
[32m[Nest] 263699  - [39m01/05/2026, 1:04:32 AM [32m    LOG[39m [38;5;3m[RouterExplorer] [39m[32mMapped {/admin/routes, GET} route[39m[38;5;3m +0ms[39m
[32m[Nest] 263699  - [39m01/05/2026, 1:04:32 AM [32m    LOG[39m [38;5;3m[RouterExplorer] [39m[32mMapped {/admin/routes/:id, GET} route[39m[38;5;3m +0ms[39m
[32m[Nest] 263699  - [39m01/05/2026, 1:04:32 AM [32m    LOG[39m [38;5;3m[RoutesResolver] [39m[32mJourneysController {/admin/journeys}:[39m[38;5;3m +0ms[39m
[32m[Nest] 263699  - [39m01/05/2026, 1:04:32 AM [32m    LOG[39m [38;5;3m[RouterExplorer] [39m[32mMapped {/admin/journeys, GET} route[39m[38;5;3m +1ms[39m
[32m[Nest] 263699  - [39m01/05/2026, 1:04:32 AM [32m    LOG[39m [38;5;3m[RouterExplorer] [39m[32mMapped {/admin/journeys/:id, GET} route[39m[38;5;3m +0ms[39m
[32m[Nest] 263699  - [39m01/05/2026, 1:04:32 AM [32m    LOG[39m [38;5;3m[RoutesResolver] [39m[32mStationsController {/admin/stations}:[39m[38;5;3m +0ms[39m
[32m[Nest] 263699  - [39m01/05/2026, 1:04:32 AM [32m    LOG[39m [38;5;3m[RouterExplorer] [39m[32mMapped {/admin/stations, GET} route[39m[38;5;3m +0ms[39m
[32m[Nest] 263699  - [39m01/05/2026, 1:04:32 AM [32m    LOG[39m [38;5;3m[RoutesResolver] [39m[32mUsersController {/admin/users}:[39m[38;5;3m +0ms[39m
[32m[Nest] 263699  - [39m01/05/2026, 1:04:32 AM [32m    LOG[39m [38;5;3m[RouterExplorer] [39m[32mMapped {/admin/users, GET} route[39m[38;5;3m +1ms[39m
[32m[Nest] 263699  - [39m01/05/2026, 1:04:32 AM [32m    LOG[39m [38;5;3m[RouterExplorer] [39m[32mMapped {/admin/users/:id, GET} route[39m[38;5;3m +0ms[39m
[32m[Nest] 263699  - [39m01/05/2026, 1:04:32 AM [32m    LOG[39m [38;5;3m[RoutesResolver] [39m[32mBookingsController {/admin/bookings}:[39m[38;5;3m +0ms[39m
[32m[Nest] 263699  - [39m01/05/2026, 1:04:32 AM [32m    LOG[39m [38;5;3m[RouterExplorer] [39m[32mMapped {/admin/bookings, GET} route[39m[38;5;3m +0ms[39m
[32m[Nest] 263699  - [39m01/05/2026, 1:04:32 AM [32m    LOG[39m [38;5;3m[RouterExplorer] [39m[32mMapped {/admin/bookings/:id, GET} route[39m[38;5;3m +0ms[39m
[32m[Nest] 263699  - [39m01/05/2026, 1:04:32 AM [32m    LOG[39m [38;5;3m[RoutesResolver] [39m[32mStatsController {/admin/stats}:[39m[38;5;3m +0ms[39m
[32m[Nest] 263699  - [39m01/05/2026, 1:04:32 AM [32m    LOG[39m [38;5;3m[RouterExplorer] [39m[32mMapped {/admin/stats/dashboard, GET} route[39m[38;5;3m +0ms[39m
[32m[Nest] 263699  - [39m01/05/2026, 1:04:32 AM [32m    LOG[39m [38;5;3m[RoutesResolver] [39m[32mCoachesController {/admin/coaches}:[39m[38;5;3m +0ms[39m
[32m[Nest] 263699  - [39m01/05/2026, 1:04:32 AM [32m    LOG[39m [38;5;3m[RouterExplorer] [39m[32mMapped {/admin/coaches, GET} route[39m[38;5;3m +0ms[39m
[32m[Nest] 263699  - [39m01/05/2026, 1:04:32 AM [32m    LOG[39m [38;5;3m[RouterExplorer] [39m[32mMapped {/admin/coaches/:id, GET} route[39m[38;5;3m +0ms[39m
[32m[Nest] 263699  - [39m01/05/2026, 1:04:32 AM [32m    LOG[39m [38;5;3m[RouterExplorer] [39m[32mMapped {/admin/coaches, POST} route[39m[38;5;3m +0ms[39m
[32m[Nest] 263699  - [39m01/05/2026, 1:04:32 AM [32m    LOG[39m [38;5;3m[RouterExplorer] [39m[32mMapped {/admin/coaches/:id, PUT} route[39m[38;5;3m +0ms[39m
[32m[Nest] 263699  - [39m01/05/2026, 1:04:32 AM [32m    LOG[39m [38;5;3m[RouterExplorer] [39m[32mMapped {/admin/coaches/:id, DELETE} route[39m[38;5;3m +0ms[39m
[32m[Nest] 263699  - [39m01/05/2026, 1:04:32 AM [32m    LOG[39m [38;5;3m[RoutesResolver] [39m[32mSeatsController {/admin/seats}:[39m[38;5;3m +0ms[39m
[32m[Nest] 263699  - [39m01/05/2026, 1:04:32 AM [32m    LOG[39m [38;5;3m[RouterExplorer] [39m[32mMapped {/admin/seats, GET} route[39m[38;5;3m +1ms[39m
[32m[Nest] 263699  - [39m01/05/2026, 1:04:32 AM [32m    LOG[39m [38;5;3m[RouterExplorer] [39m[32mMapped {/admin/seats/:id, GET} route[39m[38;5;3m +0ms[39m
[32m[Nest] 263699  - [39m01/05/2026, 1:04:32 AM [32m    LOG[39m [38;5;3m[RouterExplorer] [39m[32mMapped {/admin/seats, POST} route[39m[38;5;3m +0ms[39m
[32m[Nest] 263699  - [39m01/05/2026, 1:04:32 AM [32m    LOG[39m [38;5;3m[RouterExplorer] [39m[32mMapped {/admin/seats/bulk, POST} route[39m[38;5;3m +0ms[39m
[32m[Nest] 263699  - [39m01/05/2026, 1:04:32 AM [32m    LOG[39m [38;5;3m[RouterExplorer] [39m[32mMapped {/admin/seats/:id, PUT} route[39m[38;5;3m +0ms[39m
[32m[Nest] 263699  - [39m01/05/2026, 1:04:32 AM [32m    LOG[39m [38;5;3m[RouterExplorer] [39m[32mMapped {/admin/seats/:id, DELETE} route[39m[38;5;3m +0ms[39m
[32m[Nest] 263699  - [39m01/05/2026, 1:04:32 AM [32m    LOG[39m [38;5;3m[RoutesResolver] [39m[32mSettingsController {/admin/settings}:[39m[38;5;3m +0ms[39m
[32m[Nest] 263699  - [39m01/05/2026, 1:04:32 AM [32m    LOG[39m [38;5;3m[RouterExplorer] [39m[32mMapped {/admin/settings, GET} route[39m[38;5;3m +0ms[39m
[32m[Nest] 263699  - [39m01/05/2026, 1:04:32 AM [32m    LOG[39m [38;5;3m[RouterExplorer] [39m[32mMapped {/admin/settings/:key, GET} route[39m[38;5;3m +0ms[39m
[32m[Nest] 263699  - [39m01/05/2026, 1:04:32 AM [32m    LOG[39m [38;5;3m[RouterExplorer] [39m[32mMapped {/admin/settings, POST} route[39m[38;5;3m +0ms[39m
[32m[Nest] 263699  - [39m01/05/2026, 1:04:32 AM [32m    LOG[39m [38;5;3m[RouterExplorer] [39m[32mMapped {/admin/settings/:key, PUT} route[39m[38;5;3m +0ms[39m
[32m[Nest] 263699  - [39m01/05/2026, 1:04:32 AM [32m    LOG[39m [38;5;3m[RouterExplorer] [39m[32mMapped {/admin/settings/:key, DELETE} route[39m[38;5;3m +0ms[39m
[32m[Nest] 263699  - [39m01/05/2026, 1:04:32 AM [32m    LOG[39m [38;5;3m[RoutesResolver] [39m[32mPaymentsController {/admin/payments}:[39m[38;5;3m +0ms[39m
[32m[Nest] 263699  - [39m01/05/2026, 1:04:32 AM [32m    LOG[39m [38;5;3m[RouterExplorer] [39m[32mMapped {/admin/payments/stats, GET} route[39m[38;5;3m +1ms[39m
[32m[Nest] 263699  - [39m01/05/2026, 1:04:32 AM [32m    LOG[39m [38;5;3m[RouterExplorer] [39m[32mMapped {/admin/payments, GET} route[39m[38;5;3m +0ms[39m
[32m[Nest] 263699  - [39m01/05/2026, 1:04:32 AM [32m    LOG[39m [38;5;3m[RouterExplorer] [39m[32mMapped {/admin/payments/:id, GET} route[39m[38;5;3m +0ms[39m
[32m[Nest] 263699  - [39m01/05/2026, 1:04:32 AM [32m    LOG[39m [38;5;3m[NestApplication] [39m[32mNest application successfully started[39m[38;5;3m +61ms[39m
[31m[Nest] 263699  - [39m01/05/2026, 1:04:32 AM [31m  ERROR[39m [38;5;3m[NestApplication] [39m[31mError: listen EADDRINUSE: address already in use :::3010[39m[38;5;3m +2ms[39m
Error: listen EADDRINUSE: address already in use :::3010
    at Server.setupListenHandle [as _listen2] (node:net:1908:16)
    at listenInCluster (node:net:1965:12)
    at Server.listen (node:net:2067:7)
    at ExpressAdapter.listen (/home/bayajidswe/My-files/my-projects/jatra-railway/node_modules/.pnpm/@nestjs+platform-express@10.4.20_@nestjs+common@10.4.20_class-transformer@0.5.1_class-v_bd7e093f0b2f45f3454d4c6bd5ff4f44/node_modules/@nestjs/platform-express/adapters/express-adapter.js:95:32)
    at /home/bayajidswe/My-files/my-projects/jatra-railway/node_modules/.pnpm/@nestjs+core@10.4.20_@nestjs+common@10.4.20_class-transformer@0.5.1_class-validator@0.1_6ee324c1921a1c6c0e69db7d70d61af1/node_modules/@nestjs/core/nest-application.js:183:30
    at new Promise (<anonymous>)
    at NestApplication.listen (/home/bayajidswe/My-files/my-projects/jatra-railway/node_modules/.pnpm/@nestjs+core@10.4.20_@nestjs+common@10.4.20_class-transformer@0.5.1_class-validator@0.1_6ee324c1921a1c6c0e69db7d70d61af1/node_modules/@nestjs/core/nest-application.js:173:16)
    at bootstrap (/home/bayajidswe/My-files/my-projects/jatra-railway/apps/admin-service/src/main.ts:45:3)
[ERROR] 01:04:32 Error: listen EADDRINUSE: address already in use :::3010
[INFO] 01:04:35 Restarting: /home/bayajidswe/My-files/my-projects/jatra-railway/apps/admin-service/src/journeys/journeys.controller.ts has been modified
[32m[Nest] 263769  - [39m01/05/2026, 1:04:36 AM [32m    LOG[39m [38;5;3m[NestFactory] [39m[32mStarting Nest application...[39m
[32m[Nest] 263769  - [39m01/05/2026, 1:04:36 AM [32m    LOG[39m [38;5;3m[InstanceLoader] [39m[32mAppModule dependencies initialized[39m[38;5;3m +9ms[39m
[32m[Nest] 263769  - [39m01/05/2026, 1:04:36 AM [32m    LOG[39m [38;5;3m[InstanceLoader] [39m[32mPrismaModule dependencies initialized[39m[38;5;3m +1ms[39m
[32m[Nest] 263769  - [39m01/05/2026, 1:04:36 AM [32m    LOG[39m [38;5;3m[InstanceLoader] [39m[32mConfigHostModule dependencies initialized[39m[38;5;3m +0ms[39m
[32m[Nest] 263769  - [39m01/05/2026, 1:04:36 AM [32m    LOG[39m [38;5;3m[InstanceLoader] [39m[32mTrainsModule dependencies initialized[39m[38;5;3m +0ms[39m
[32m[Nest] 263769  - [39m01/05/2026, 1:04:36 AM [32m    LOG[39m [38;5;3m[InstanceLoader] [39m[32mRoutesModule dependencies initialized[39m[38;5;3m +0ms[39m
[32m[Nest] 263769  - [39m01/05/2026, 1:04:36 AM [32m    LOG[39m [38;5;3m[InstanceLoader] [39m[32mJourneysModule dependencies initialized[39m[38;5;3m +0ms[39m
[32m[Nest] 263769  - [39m01/05/2026, 1:04:36 AM [32m    LOG[39m [38;5;3m[InstanceLoader] [39m[32mStationsModule dependencies initialized[39m[38;5;3m +1ms[39m
[32m[Nest] 263769  - [39m01/05/2026, 1:04:36 AM [32m    LOG[39m [38;5;3m[InstanceLoader] [39m[32mUsersModule dependencies initialized[39m[38;5;3m +0ms[39m
[32m[Nest] 263769  - [39m01/05/2026, 1:04:36 AM [32m    LOG[39m [38;5;3m[InstanceLoader] [39m[32mBookingsModule dependencies initialized[39m[38;5;3m +0ms[39m
[32m[Nest] 263769  - [39m01/05/2026, 1:04:36 AM [32m    LOG[39m [38;5;3m[InstanceLoader] [39m[32mStatsModule dependencies initialized[39m[38;5;3m +0ms[39m
[32m[Nest] 263769  - [39m01/05/2026, 1:04:36 AM [32m    LOG[39m [38;5;3m[InstanceLoader] [39m[32mConfigModule dependencies initialized[39m[38;5;3m +0ms[39m
[32m[Nest] 263769  - [39m01/05/2026, 1:04:36 AM [32m    LOG[39m [38;5;3m[InstanceLoader] [39m[32mCoachesModule dependencies initialized[39m[38;5;3m +0ms[39m
[32m[Nest] 263769  - [39m01/05/2026, 1:04:36 AM [32m    LOG[39m [38;5;3m[InstanceLoader] [39m[32mSeatsModule dependencies initialized[39m[38;5;3m +0ms[39m
[32m[Nest] 263769  - [39m01/05/2026, 1:04:36 AM [32m    LOG[39m [38;5;3m[InstanceLoader] [39m[32mSettingsModule dependencies initialized[39m[38;5;3m +0ms[39m
[32m[Nest] 263769  - [39m01/05/2026, 1:04:36 AM [32m    LOG[39m [38;5;3m[InstanceLoader] [39m[32mPaymentsModule dependencies initialized[39m[38;5;3m +0ms[39m
[32m[Nest] 263769  - [39m01/05/2026, 1:04:36 AM [32m    LOG[39m [38;5;3m[RoutesResolver] [39m[32mTrainsController {/admin/trains}:[39m[38;5;3m +21ms[39m
[32m[Nest] 263769  - [39m01/05/2026, 1:04:36 AM [32m    LOG[39m [38;5;3m[RouterExplorer] [39m[32mMapped {/admin/trains, GET} route[39m[38;5;3m +3ms[39m
[32m[Nest] 263769  - [39m01/05/2026, 1:04:36 AM [32m    LOG[39m [38;5;3m[RouterExplorer] [39m[32mMapped {/admin/trains/:id, GET} route[39m[38;5;3m +1ms[39m
[32m[Nest] 263769  - [39m01/05/2026, 1:04:36 AM [32m    LOG[39m [38;5;3m[RouterExplorer] [39m[32mMapped {/admin/trains, POST} route[39m[38;5;3m +0ms[39m
[32m[Nest] 263769  - [39m01/05/2026, 1:04:36 AM [32m    LOG[39m [38;5;3m[RouterExplorer] [39m[32mMapped {/admin/trains/:id, PUT} route[39m[38;5;3m +1ms[39m
[32m[Nest] 263769  - [39m01/05/2026, 1:04:36 AM [32m    LOG[39m [38;5;3m[RouterExplorer] [39m[32mMapped {/admin/trains/:id, DELETE} route[39m[38;5;3m +0ms[39m
[32m[Nest] 263769  - [39m01/05/2026, 1:04:36 AM [32m    LOG[39m [38;5;3m[RoutesResolver] [39m[32mRoutesController {/admin/routes}:[39m[38;5;3m +0ms[39m
[32m[Nest] 263769  - [39m01/05/2026, 1:04:36 AM [32m    LOG[39m [38;5;3m[RouterExplorer] [39m[32mMapped {/admin/routes, GET} route[39m[38;5;3m +0ms[39m
[32m[Nest] 263769  - [39m01/05/2026, 1:04:36 AM [32m    LOG[39m [38;5;3m[RouterExplorer] [39m[32mMapped {/admin/routes/:id, GET} route[39m[38;5;3m +0ms[39m
[32m[Nest] 263769  - [39m01/05/2026, 1:04:36 AM [32m    LOG[39m [38;5;3m[RoutesResolver] [39m[32mJourneysController {/admin/journeys}:[39m[38;5;3m +0ms[39m
[32m[Nest] 263769  - [39m01/05/2026, 1:04:36 AM [32m    LOG[39m [38;5;3m[RouterExplorer] [39m[32mMapped {/admin/journeys, GET} route[39m[38;5;3m +1ms[39m
[32m[Nest] 263769  - [39m01/05/2026, 1:04:36 AM [32m    LOG[39m [38;5;3m[RouterExplorer] [39m[32mMapped {/admin/journeys/:id, GET} route[39m[38;5;3m +0ms[39m
[32m[Nest] 263769  - [39m01/05/2026, 1:04:36 AM [32m    LOG[39m [38;5;3m[RoutesResolver] [39m[32mStationsController {/admin/stations}:[39m[38;5;3m +0ms[39m
[32m[Nest] 263769  - [39m01/05/2026, 1:04:36 AM [32m    LOG[39m [38;5;3m[RouterExplorer] [39m[32mMapped {/admin/stations, GET} route[39m[38;5;3m +0ms[39m
[32m[Nest] 263769  - [39m01/05/2026, 1:04:36 AM [32m    LOG[39m [38;5;3m[RoutesResolver] [39m[32mUsersController {/admin/users}:[39m[38;5;3m +0ms[39m
[32m[Nest] 263769  - [39m01/05/2026, 1:04:36 AM [32m    LOG[39m [38;5;3m[RouterExplorer] [39m[32mMapped {/admin/users, GET} route[39m[38;5;3m +1ms[39m
[32m[Nest] 263769  - [39m01/05/2026, 1:04:36 AM [32m    LOG[39m [38;5;3m[RouterExplorer] [39m[32mMapped {/admin/users/:id, GET} route[39m[38;5;3m +0ms[39m
[32m[Nest] 263769  - [39m01/05/2026, 1:04:36 AM [32m    LOG[39m [38;5;3m[RoutesResolver] [39m[32mBookingsController {/admin/bookings}:[39m[38;5;3m +0ms[39m
[32m[Nest] 263769  - [39m01/05/2026, 1:04:36 AM [32m    LOG[39m [38;5;3m[RouterExplorer] [39m[32mMapped {/admin/bookings, GET} route[39m[38;5;3m +0ms[39m
[32m[Nest] 263769  - [39m01/05/2026, 1:04:36 AM [32m    LOG[39m [38;5;3m[RouterExplorer] [39m[32mMapped {/admin/bookings/:id, GET} route[39m[38;5;3m +0ms[39m
[32m[Nest] 263769  - [39m01/05/2026, 1:04:36 AM [32m    LOG[39m [38;5;3m[RoutesResolver] [39m[32mStatsController {/admin/stats}:[39m[38;5;3m +0ms[39m
[32m[Nest] 263769  - [39m01/05/2026, 1:04:36 AM [32m    LOG[39m [38;5;3m[RouterExplorer] [39m[32mMapped {/admin/stats/dashboard, GET} route[39m[38;5;3m +0ms[39m
[32m[Nest] 263769  - [39m01/05/2026, 1:04:36 AM [32m    LOG[39m [38;5;3m[RoutesResolver] [39m[32mCoachesController {/admin/coaches}:[39m[38;5;3m +0ms[39m
[32m[Nest] 263769  - [39m01/05/2026, 1:04:36 AM [32m    LOG[39m [38;5;3m[RouterExplorer] [39m[32mMapped {/admin/coaches, GET} route[39m[38;5;3m +0ms[39m
[32m[Nest] 263769  - [39m01/05/2026, 1:04:36 AM [32m    LOG[39m [38;5;3m[RouterExplorer] [39m[32mMapped {/admin/coaches/:id, GET} route[39m[38;5;3m +0ms[39m
[32m[Nest] 263769  - [39m01/05/2026, 1:04:36 AM [32m    LOG[39m [38;5;3m[RouterExplorer] [39m[32mMapped {/admin/coaches, POST} route[39m[38;5;3m +0ms[39m
[32m[Nest] 263769  - [39m01/05/2026, 1:04:36 AM [32m    LOG[39m [38;5;3m[RouterExplorer] [39m[32mMapped {/admin/coaches/:id, PUT} route[39m[38;5;3m +0ms[39m
[32m[Nest] 263769  - [39m01/05/2026, 1:04:36 AM [32m    LOG[39m [38;5;3m[RouterExplorer] [39m[32mMapped {/admin/coaches/:id, DELETE} route[39m[38;5;3m +0ms[39m
[32m[Nest] 263769  - [39m01/05/2026, 1:04:36 AM [32m    LOG[39m [38;5;3m[RoutesResolver] [39m[32mSeatsController {/admin/seats}:[39m[38;5;3m +1ms[39m
[32m[Nest] 263769  - [39m01/05/2026, 1:04:36 AM [32m    LOG[39m [38;5;3m[RouterExplorer] [39m[32mMapped {/admin/seats, GET} route[39m[38;5;3m +0ms[39m
[32m[Nest] 263769  - [39m01/05/2026, 1:04:36 AM [32m    LOG[39m [38;5;3m[RouterExplorer] [39m[32mMapped {/admin/seats/:id, GET} route[39m[38;5;3m +0ms[39m
[32m[Nest] 263769  - [39m01/05/2026, 1:04:36 AM [32m    LOG[39m [38;5;3m[RouterExplorer] [39m[32mMapped {/admin/seats, POST} route[39m[38;5;3m +0ms[39m
[32m[Nest] 263769  - [39m01/05/2026, 1:04:36 AM [32m    LOG[39m [38;5;3m[RouterExplorer] [39m[32mMapped {/admin/seats/bulk, POST} route[39m[38;5;3m +0ms[39m
[32m[Nest] 263769  - [39m01/05/2026, 1:04:36 AM [32m    LOG[39m [38;5;3m[RouterExplorer] [39m[32mMapped {/admin/seats/:id, PUT} route[39m[38;5;3m +0ms[39m
[32m[Nest] 263769  - [39m01/05/2026, 1:04:36 AM [32m    LOG[39m [38;5;3m[RouterExplorer] [39m[32mMapped {/admin/seats/:id, DELETE} route[39m[38;5;3m +0ms[39m
[32m[Nest] 263769  - [39m01/05/2026, 1:04:36 AM [32m    LOG[39m [38;5;3m[RoutesResolver] [39m[32mSettingsController {/admin/settings}:[39m[38;5;3m +0ms[39m
[32m[Nest] 263769  - [39m01/05/2026, 1:04:36 AM [32m    LOG[39m [38;5;3m[RouterExplorer] [39m[32mMapped {/admin/settings, GET} route[39m[38;5;3m +0ms[39m
[32m[Nest] 263769  - [39m01/05/2026, 1:04:36 AM [32m    LOG[39m [38;5;3m[RouterExplorer] [39m[32mMapped {/admin/settings/:key, GET} route[39m[38;5;3m +0ms[39m
[32m[Nest] 263769  - [39m01/05/2026, 1:04:36 AM [32m    LOG[39m [38;5;3m[RouterExplorer] [39m[32mMapped {/admin/settings, POST} route[39m[38;5;3m +0ms[39m
[32m[Nest] 263769  - [39m01/05/2026, 1:04:36 AM [32m    LOG[39m [38;5;3m[RouterExplorer] [39m[32mMapped {/admin/settings/:key, PUT} route[39m[38;5;3m +0ms[39m
[32m[Nest] 263769  - [39m01/05/2026, 1:04:36 AM [32m    LOG[39m [38;5;3m[RouterExplorer] [39m[32mMapped {/admin/settings/:key, DELETE} route[39m[38;5;3m +0ms[39m
[32m[Nest] 263769  - [39m01/05/2026, 1:04:36 AM [32m    LOG[39m [38;5;3m[RoutesResolver] [39m[32mPaymentsController {/admin/payments}:[39m[38;5;3m +0ms[39m
[32m[Nest] 263769  - [39m01/05/2026, 1:04:36 AM [32m    LOG[39m [38;5;3m[RouterExplorer] [39m[32mMapped {/admin/payments/stats, GET} route[39m[38;5;3m +0ms[39m
[32m[Nest] 263769  - [39m01/05/2026, 1:04:36 AM [32m    LOG[39m [38;5;3m[RouterExplorer] [39m[32mMapped {/admin/payments, GET} route[39m[38;5;3m +0ms[39m
[32m[Nest] 263769  - [39m01/05/2026, 1:04:36 AM [32m    LOG[39m [38;5;3m[RouterExplorer] [39m[32mMapped {/admin/payments/:id, GET} route[39m[38;5;3m +0ms[39m
[32m[Nest] 263769  - [39m01/05/2026, 1:04:36 AM [32m    LOG[39m [38;5;3m[NestApplication] [39m[32mNest application successfully started[39m[38;5;3m +49ms[39m
🚀 Admin Service is running on: http://localhost:3010
📚 Swagger documentation: http://localhost:3010/api/docs
🔐 Admin operations - requires ADMIN role
[31m[Nest] 263769  - [39m01/05/2026, 1:04:41 AM [31m  ERROR[39m [38;5;3m[ExceptionsHandler] [39m[31mcoaches is not defined[39m
ReferenceError: coaches is not defined
    at CoachesService.findAll (/home/bayajidswe/My-files/my-projects/jatra-railway/apps/admin-service/src/coaches/coaches.service.ts:34:7)
    at /home/bayajidswe/My-files/my-projects/jatra-railway/node_modules/.pnpm/@nestjs+core@10.4.20_@nestjs+common@10.4.20_class-transformer@0.5.1_class-validator@0.1_6ee324c1921a1c6c0e69db7d70d61af1/node_modules/@nestjs/core/router/router-execution-context.js:46:28
    at /home/bayajidswe/My-files/my-projects/jatra-railway/node_modules/.pnpm/@nestjs+core@10.4.20_@nestjs+common@10.4.20_class-transformer@0.5.1_class-validator@0.1_6ee324c1921a1c6c0e69db7d70d61af1/node_modules/@nestjs/core/router/router-proxy.js:9:17
[31m[Nest] 263769  - [39m01/05/2026, 1:04:42 AM [31m  ERROR[39m [38;5;3m[ExceptionsHandler] [39m[31mcoaches is not defined[39m
ReferenceError: coaches is not defined
    at CoachesService.findAll (/home/bayajidswe/My-files/my-projects/jatra-railway/apps/admin-service/src/coaches/coaches.service.ts:34:7)
    at /home/bayajidswe/My-files/my-projects/jatra-railway/node_modules/.pnpm/@nestjs+core@10.4.20_@nestjs+common@10.4.20_class-transformer@0.5.1_class-validator@0.1_6ee324c1921a1c6c0e69db7d70d61af1/node_modules/@nestjs/core/router/router-execution-context.js:46:28
    at /home/bayajidswe/My-files/my-projects/jatra-railway/node_modules/.pnpm/@nestjs+core@10.4.20_@nestjs+common@10.4.20_class-transformer@0.5.1_class-validator@0.1_6ee324c1921a1c6c0e69db7d70d61af1/node_modules/@nestjs/core/router/router-proxy.js:9:17
[INFO] 02:41:45 Restarting: /home/bayajidswe/My-files/my-projects/jatra-railway/apps/admin-service/src/trains/dto/train.dto.ts has been modified
[32m[Nest] 270509  - [39m01/05/2026, 2:41:45 AM [32m    LOG[39m [38;5;3m[NestFactory] [39m[32mStarting Nest application...[39m
[32m[Nest] 270509  - [39m01/05/2026, 2:41:45 AM [32m    LOG[39m [38;5;3m[InstanceLoader] [39m[32mAppModule dependencies initialized[39m[38;5;3m +13ms[39m
[32m[Nest] 270509  - [39m01/05/2026, 2:41:45 AM [32m    LOG[39m [38;5;3m[InstanceLoader] [39m[32mPrismaModule dependencies initialized[39m[38;5;3m +0ms[39m
[32m[Nest] 270509  - [39m01/05/2026, 2:41:45 AM [32m    LOG[39m [38;5;3m[InstanceLoader] [39m[32mConfigHostModule dependencies initialized[39m[38;5;3m +1ms[39m
[32m[Nest] 270509  - [39m01/05/2026, 2:41:45 AM [32m    LOG[39m [38;5;3m[InstanceLoader] [39m[32mTrainsModule dependencies initialized[39m[38;5;3m +1ms[39m
[32m[Nest] 270509  - [39m01/05/2026, 2:41:45 AM [32m    LOG[39m [38;5;3m[InstanceLoader] [39m[32mRoutesModule dependencies initialized[39m[38;5;3m +0ms[39m
[32m[Nest] 270509  - [39m01/05/2026, 2:41:45 AM [32m    LOG[39m [38;5;3m[InstanceLoader] [39m[32mJourneysModule dependencies initialized[39m[38;5;3m +0ms[39m
[32m[Nest] 270509  - [39m01/05/2026, 2:41:45 AM [32m    LOG[39m [38;5;3m[InstanceLoader] [39m[32mStationsModule dependencies initialized[39m[38;5;3m +0ms[39m
[32m[Nest] 270509  - [39m01/05/2026, 2:41:45 AM [32m    LOG[39m [38;5;3m[InstanceLoader] [39m[32mUsersModule dependencies initialized[39m[38;5;3m +0ms[39m
[32m[Nest] 270509  - [39m01/05/2026, 2:41:45 AM [32m    LOG[39m [38;5;3m[InstanceLoader] [39m[32mBookingsModule dependencies initialized[39m[38;5;3m +0ms[39m
[32m[Nest] 270509  - [39m01/05/2026, 2:41:45 AM [32m    LOG[39m [38;5;3m[InstanceLoader] [39m[32mStatsModule dependencies initialized[39m[38;5;3m +0ms[39m
[32m[Nest] 270509  - [39m01/05/2026, 2:41:45 AM [32m    LOG[39m [38;5;3m[InstanceLoader] [39m[32mConfigModule dependencies initialized[39m[38;5;3m +0ms[39m
[32m[Nest] 270509  - [39m01/05/2026, 2:41:45 AM [32m    LOG[39m [38;5;3m[InstanceLoader] [39m[32mCoachesModule dependencies initialized[39m[38;5;3m +0ms[39m
[32m[Nest] 270509  - [39m01/05/2026, 2:41:45 AM [32m    LOG[39m [38;5;3m[InstanceLoader] [39m[32mSeatsModule dependencies initialized[39m[38;5;3m +0ms[39m
[32m[Nest] 270509  - [39m01/05/2026, 2:41:45 AM [32m    LOG[39m [38;5;3m[InstanceLoader] [39m[32mSettingsModule dependencies initialized[39m[38;5;3m +0ms[39m
[32m[Nest] 270509  - [39m01/05/2026, 2:41:45 AM [32m    LOG[39m [38;5;3m[InstanceLoader] [39m[32mPaymentsModule dependencies initialized[39m[38;5;3m +0ms[39m
[32m[Nest] 270509  - [39m01/05/2026, 2:41:45 AM [32m    LOG[39m [38;5;3m[RoutesResolver] [39m[32mTrainsController {/admin/trains}:[39m[38;5;3m +34ms[39m
[32m[Nest] 270509  - [39m01/05/2026, 2:41:45 AM [32m    LOG[39m [38;5;3m[RouterExplorer] [39m[32mMapped {/admin/trains, GET} route[39m[38;5;3m +2ms[39m
[32m[Nest] 270509  - [39m01/05/2026, 2:41:45 AM [32m    LOG[39m [38;5;3m[RouterExplorer] [39m[32mMapped {/admin/trains/:id, GET} route[39m[38;5;3m +0ms[39m
[32m[Nest] 270509  - [39m01/05/2026, 2:41:45 AM [32m    LOG[39m [38;5;3m[RouterExplorer] [39m[32mMapped {/admin/trains, POST} route[39m[38;5;3m +1ms[39m
[32m[Nest] 270509  - [39m01/05/2026, 2:41:45 AM [32m    LOG[39m [38;5;3m[RouterExplorer] [39m[32mMapped {/admin/trains/:id, PUT} route[39m[38;5;3m +0ms[39m
[32m[Nest] 270509  - [39m01/05/2026, 2:41:45 AM [32m    LOG[39m [38;5;3m[RouterExplorer] [39m[32mMapped {/admin/trains/:id, DELETE} route[39m[38;5;3m +0ms[39m
[32m[Nest] 270509  - [39m01/05/2026, 2:41:45 AM [32m    LOG[39m [38;5;3m[RoutesResolver] [39m[32mRoutesController {/admin/routes}:[39m[38;5;3m +0ms[39m
[32m[Nest] 270509  - [39m01/05/2026, 2:41:45 AM [32m    LOG[39m [38;5;3m[RouterExplorer] [39m[32mMapped {/admin/routes, GET} route[39m[38;5;3m +1ms[39m
[32m[Nest] 270509  - [39m01/05/2026, 2:41:45 AM [32m    LOG[39m [38;5;3m[RouterExplorer] [39m[32mMapped {/admin/routes/:id, GET} route[39m[38;5;3m +0ms[39m
[32m[Nest] 270509  - [39m01/05/2026, 2:41:45 AM [32m    LOG[39m [38;5;3m[RoutesResolver] [39m[32mJourneysController {/admin/journeys}:[39m[38;5;3m +0ms[39m
[32m[Nest] 270509  - [39m01/05/2026, 2:41:45 AM [32m    LOG[39m [38;5;3m[RouterExplorer] [39m[32mMapped {/admin/journeys, GET} route[39m[38;5;3m +0ms[39m
[32m[Nest] 270509  - [39m01/05/2026, 2:41:45 AM [32m    LOG[39m [38;5;3m[RouterExplorer] [39m[32mMapped {/admin/journeys/:id, GET} route[39m[38;5;3m +0ms[39m
[32m[Nest] 270509  - [39m01/05/2026, 2:41:45 AM [32m    LOG[39m [38;5;3m[RoutesResolver] [39m[32mStationsController {/admin/stations}:[39m[38;5;3m +0ms[39m
[32m[Nest] 270509  - [39m01/05/2026, 2:41:45 AM [32m    LOG[39m [38;5;3m[RouterExplorer] [39m[32mMapped {/admin/stations, GET} route[39m[38;5;3m +0ms[39m
[32m[Nest] 270509  - [39m01/05/2026, 2:41:45 AM [32m    LOG[39m [38;5;3m[RoutesResolver] [39m[32mUsersController {/admin/users}:[39m[38;5;3m +0ms[39m
[32m[Nest] 270509  - [39m01/05/2026, 2:41:45 AM [32m    LOG[39m [38;5;3m[RouterExplorer] [39m[32mMapped {/admin/users, GET} route[39m[38;5;3m +1ms[39m
[32m[Nest] 270509  - [39m01/05/2026, 2:41:45 AM [32m    LOG[39m [38;5;3m[RouterExplorer] [39m[32mMapped {/admin/users/:id, GET} route[39m[38;5;3m +0ms[39m
[32m[Nest] 270509  - [39m01/05/2026, 2:41:45 AM [32m    LOG[39m [38;5;3m[RoutesResolver] [39m[32mBookingsController {/admin/bookings}:[39m[38;5;3m +0ms[39m
[32m[Nest] 270509  - [39m01/05/2026, 2:41:45 AM [32m    LOG[39m [38;5;3m[RouterExplorer] [39m[32mMapped {/admin/bookings, GET} route[39m[38;5;3m +0ms[39m
[32m[Nest] 270509  - [39m01/05/2026, 2:41:45 AM [32m    LOG[39m [38;5;3m[RouterExplorer] [39m[32mMapped {/admin/bookings/:id, GET} route[39m[38;5;3m +0ms[39m
[32m[Nest] 270509  - [39m01/05/2026, 2:41:45 AM [32m    LOG[39m [38;5;3m[RoutesResolver] [39m[32mStatsController {/admin/stats}:[39m[38;5;3m +0ms[39m
[32m[Nest] 270509  - [39m01/05/2026, 2:41:45 AM [32m    LOG[39m [38;5;3m[RouterExplorer] [39m[32mMapped {/admin/stats/dashboard, GET} route[39m[38;5;3m +0ms[39m
[32m[Nest] 270509  - [39m01/05/2026, 2:41:45 AM [32m    LOG[39m [38;5;3m[RoutesResolver] [39m[32mCoachesController {/admin/coaches}:[39m[38;5;3m +0ms[39m
[32m[Nest] 270509  - [39m01/05/2026, 2:41:45 AM [32m    LOG[39m [38;5;3m[RouterExplorer] [39m[32mMapped {/admin/coaches, GET} route[39m[38;5;3m +0ms[39m
[32m[Nest] 270509  - [39m01/05/2026, 2:41:45 AM [32m    LOG[39m [38;5;3m[RouterExplorer] [39m[32mMapped {/admin/coaches/:id, GET} route[39m[38;5;3m +0ms[39m
[32m[Nest] 270509  - [39m01/05/2026, 2:41:45 AM [32m    LOG[39m [38;5;3m[RouterExplorer] [39m[32mMapped {/admin/coaches, POST} route[39m[38;5;3m +0ms[39m
[32m[Nest] 270509  - [39m01/05/2026, 2:41:45 AM [32m    LOG[39m [38;5;3m[RouterExplorer] [39m[32mMapped {/admin/coaches/:id, PUT} route[39m[38;5;3m +0ms[39m
[32m[Nest] 270509  - [39m01/05/2026, 2:41:45 AM [32m    LOG[39m [38;5;3m[RouterExplorer] [39m[32mMapped {/admin/coaches/:id, DELETE} route[39m[38;5;3m +0ms[39m
[32m[Nest] 270509  - [39m01/05/2026, 2:41:45 AM [32m    LOG[39m [38;5;3m[RoutesResolver] [39m[32mSeatsController {/admin/seats}:[39m[38;5;3m +1ms[39m
[32m[Nest] 270509  - [39m01/05/2026, 2:41:45 AM [32m    LOG[39m [38;5;3m[RouterExplorer] [39m[32mMapped {/admin/seats, GET} route[39m[38;5;3m +0ms[39m
[32m[Nest] 270509  - [39m01/05/2026, 2:41:45 AM [32m    LOG[39m [38;5;3m[RouterExplorer] [39m[32mMapped {/admin/seats/:id, GET} route[39m[38;5;3m +0ms[39m
[32m[Nest] 270509  - [39m01/05/2026, 2:41:45 AM [32m    LOG[39m [38;5;3m[RouterExplorer] [39m[32mMapped {/admin/seats, POST} route[39m[38;5;3m +0ms[39m
[32m[Nest] 270509  - [39m01/05/2026, 2:41:45 AM [32m    LOG[39m [38;5;3m[RouterExplorer] [39m[32mMapped {/admin/seats/bulk, POST} route[39m[38;5;3m +0ms[39m
[32m[Nest] 270509  - [39m01/05/2026, 2:41:45 AM [32m    LOG[39m [38;5;3m[RouterExplorer] [39m[32mMapped {/admin/seats/:id, PUT} route[39m[38;5;3m +0ms[39m
[32m[Nest] 270509  - [39m01/05/2026, 2:41:45 AM [32m    LOG[39m [38;5;3m[RouterExplorer] [39m[32mMapped {/admin/seats/:id, DELETE} route[39m[38;5;3m +0ms[39m
[32m[Nest] 270509  - [39m01/05/2026, 2:41:45 AM [32m    LOG[39m [38;5;3m[RoutesResolver] [39m[32mSettingsController {/admin/settings}:[39m[38;5;3m +0ms[39m
[32m[Nest] 270509  - [39m01/05/2026, 2:41:45 AM [32m    LOG[39m [38;5;3m[RouterExplorer] [39m[32mMapped {/admin/settings, GET} route[39m[38;5;3m +0ms[39m
[32m[Nest] 270509  - [39m01/05/2026, 2:41:45 AM [32m    LOG[39m [38;5;3m[RouterExplorer] [39m[32mMapped {/admin/settings/:key, GET} route[39m[38;5;3m +0ms[39m
[32m[Nest] 270509  - [39m01/05/2026, 2:41:45 AM [32m    LOG[39m [38;5;3m[RouterExplorer] [39m[32mMapped {/admin/settings, POST} route[39m[38;5;3m +0ms[39m
[32m[Nest] 270509  - [39m01/05/2026, 2:41:45 AM [32m    LOG[39m [38;5;3m[RouterExplorer] [39m[32mMapped {/admin/settings/:key, PUT} route[39m[38;5;3m +0ms[39m
[32m[Nest] 270509  - [39m01/05/2026, 2:41:45 AM [32m    LOG[39m [38;5;3m[RouterExplorer] [39m[32mMapped {/admin/settings/:key, DELETE} route[39m[38;5;3m +0ms[39m
[32m[Nest] 270509  - [39m01/05/2026, 2:41:45 AM [32m    LOG[39m [38;5;3m[RoutesResolver] [39m[32mPaymentsController {/admin/payments}:[39m[38;5;3m +0ms[39m
[32m[Nest] 270509  - [39m01/05/2026, 2:41:45 AM [32m    LOG[39m [38;5;3m[RouterExplorer] [39m[32mMapped {/admin/payments/stats, GET} route[39m[38;5;3m +0ms[39m
[32m[Nest] 270509  - [39m01/05/2026, 2:41:45 AM [32m    LOG[39m [38;5;3m[RouterExplorer] [39m[32mMapped {/admin/payments, GET} route[39m[38;5;3m +0ms[39m
[32m[Nest] 270509  - [39m01/05/2026, 2:41:45 AM [32m    LOG[39m [38;5;3m[RouterExplorer] [39m[32mMapped {/admin/payments/:id, GET} route[39m[38;5;3m +0ms[39m
[32m[Nest] 270509  - [39m01/05/2026, 2:41:46 AM [32m    LOG[39m [38;5;3m[NestApplication] [39m[32mNest application successfully started[39m[38;5;3m +46ms[39m
🚀 Admin Service is running on: http://localhost:3010
📚 Swagger documentation: http://localhost:3010/api/docs
🔐 Admin operations - requires ADMIN role
[INFO] 02:46:49 Restarting: /home/bayajidswe/My-files/my-projects/jatra-railway/apps/admin-service/src/stations/dto/station.dto.ts has been modified
[32m[Nest] 275509  - [39m01/05/2026, 2:46:49 AM [32m    LOG[39m [38;5;3m[NestFactory] [39m[32mStarting Nest application...[39m
[32m[Nest] 275509  - [39m01/05/2026, 2:46:49 AM [32m    LOG[39m [38;5;3m[InstanceLoader] [39m[32mAppModule dependencies initialized[39m[38;5;3m +9ms[39m
[32m[Nest] 275509  - [39m01/05/2026, 2:46:49 AM [32m    LOG[39m [38;5;3m[InstanceLoader] [39m[32mPrismaModule dependencies initialized[39m[38;5;3m +0ms[39m
[32m[Nest] 275509  - [39m01/05/2026, 2:46:49 AM [32m    LOG[39m [38;5;3m[InstanceLoader] [39m[32mConfigHostModule dependencies initialized[39m[38;5;3m +1ms[39m
[32m[Nest] 275509  - [39m01/05/2026, 2:46:49 AM [32m    LOG[39m [38;5;3m[InstanceLoader] [39m[32mTrainsModule dependencies initialized[39m[38;5;3m +0ms[39m
[32m[Nest] 275509  - [39m01/05/2026, 2:46:49 AM [32m    LOG[39m [38;5;3m[InstanceLoader] [39m[32mRoutesModule dependencies initialized[39m[38;5;3m +0ms[39m
[32m[Nest] 275509  - [39m01/05/2026, 2:46:49 AM [32m    LOG[39m [38;5;3m[InstanceLoader] [39m[32mJourneysModule dependencies initialized[39m[38;5;3m +0ms[39m
[32m[Nest] 275509  - [39m01/05/2026, 2:46:49 AM [32m    LOG[39m [38;5;3m[InstanceLoader] [39m[32mStationsModule dependencies initialized[39m[38;5;3m +0ms[39m
[32m[Nest] 275509  - [39m01/05/2026, 2:46:49 AM [32m    LOG[39m [38;5;3m[InstanceLoader] [39m[32mUsersModule dependencies initialized[39m[38;5;3m +0ms[39m
[32m[Nest] 275509  - [39m01/05/2026, 2:46:49 AM [32m    LOG[39m [38;5;3m[InstanceLoader] [39m[32mBookingsModule dependencies initialized[39m[38;5;3m +0ms[39m
[32m[Nest] 275509  - [39m01/05/2026, 2:46:49 AM [32m    LOG[39m [38;5;3m[InstanceLoader] [39m[32mStatsModule dependencies initialized[39m[38;5;3m +0ms[39m
[32m[Nest] 275509  - [39m01/05/2026, 2:46:49 AM [32m    LOG[39m [38;5;3m[InstanceLoader] [39m[32mConfigModule dependencies initialized[39m[38;5;3m +0ms[39m
[32m[Nest] 275509  - [39m01/05/2026, 2:46:49 AM [32m    LOG[39m [38;5;3m[InstanceLoader] [39m[32mCoachesModule dependencies initialized[39m[38;5;3m +0ms[39m
[32m[Nest] 275509  - [39m01/05/2026, 2:46:49 AM [32m    LOG[39m [38;5;3m[InstanceLoader] [39m[32mSeatsModule dependencies initialized[39m[38;5;3m +0ms[39m
[32m[Nest] 275509  - [39m01/05/2026, 2:46:49 AM [32m    LOG[39m [38;5;3m[InstanceLoader] [39m[32mSettingsModule dependencies initialized[39m[38;5;3m +0ms[39m
[32m[Nest] 275509  - [39m01/05/2026, 2:46:49 AM [32m    LOG[39m [38;5;3m[InstanceLoader] [39m[32mPaymentsModule dependencies initialized[39m[38;5;3m +1ms[39m
[32m[Nest] 275509  - [39m01/05/2026, 2:46:49 AM [32m    LOG[39m [38;5;3m[RoutesResolver] [39m[32mTrainsController {/admin/trains}:[39m[38;5;3m +17ms[39m
[32m[Nest] 275509  - [39m01/05/2026, 2:46:49 AM [32m    LOG[39m [38;5;3m[RouterExplorer] [39m[32mMapped {/admin/trains, GET} route[39m[38;5;3m +1ms[39m
[32m[Nest] 275509  - [39m01/05/2026, 2:46:49 AM [32m    LOG[39m [38;5;3m[RouterExplorer] [39m[32mMapped {/admin/trains/:id, GET} route[39m[38;5;3m +0ms[39m
[32m[Nest] 275509  - [39m01/05/2026, 2:46:49 AM [32m    LOG[39m [38;5;3m[RouterExplorer] [39m[32mMapped {/admin/trains, POST} route[39m[38;5;3m +0ms[39m
[32m[Nest] 275509  - [39m01/05/2026, 2:46:49 AM [32m    LOG[39m [38;5;3m[RouterExplorer] [39m[32mMapped {/admin/trains/:id, PUT} route[39m[38;5;3m +1ms[39m
[32m[Nest] 275509  - [39m01/05/2026, 2:46:49 AM [32m    LOG[39m [38;5;3m[RouterExplorer] [39m[32mMapped {/admin/trains/:id, DELETE} route[39m[38;5;3m +0ms[39m
[32m[Nest] 275509  - [39m01/05/2026, 2:46:49 AM [32m    LOG[39m [38;5;3m[RoutesResolver] [39m[32mRoutesController {/admin/routes}:[39m[38;5;3m +0ms[39m
[32m[Nest] 275509  - [39m01/05/2026, 2:46:49 AM [32m    LOG[39m [38;5;3m[RouterExplorer] [39m[32mMapped {/admin/routes, GET} route[39m[38;5;3m +0ms[39m
[32m[Nest] 275509  - [39m01/05/2026, 2:46:49 AM [32m    LOG[39m [38;5;3m[RouterExplorer] [39m[32mMapped {/admin/routes/:id, GET} route[39m[38;5;3m +0ms[39m
[32m[Nest] 275509  - [39m01/05/2026, 2:46:49 AM [32m    LOG[39m [38;5;3m[RoutesResolver] [39m[32mJourneysController {/admin/journeys}:[39m[38;5;3m +0ms[39m
[32m[Nest] 275509  - [39m01/05/2026, 2:46:49 AM [32m    LOG[39m [38;5;3m[RouterExplorer] [39m[32mMapped {/admin/journeys, GET} route[39m[38;5;3m +0ms[39m
[32m[Nest] 275509  - [39m01/05/2026, 2:46:49 AM [32m    LOG[39m [38;5;3m[RouterExplorer] [39m[32mMapped {/admin/journeys/:id, GET} route[39m[38;5;3m +0ms[39m
[32m[Nest] 275509  - [39m01/05/2026, 2:46:49 AM [32m    LOG[39m [38;5;3m[RoutesResolver] [39m[32mStationsController {/admin/stations}:[39m[38;5;3m +1ms[39m
[32m[Nest] 275509  - [39m01/05/2026, 2:46:49 AM [32m    LOG[39m [38;5;3m[RouterExplorer] [39m[32mMapped {/admin/stations, GET} route[39m[38;5;3m +0ms[39m
[32m[Nest] 275509  - [39m01/05/2026, 2:46:49 AM [32m    LOG[39m [38;5;3m[RoutesResolver] [39m[32mUsersController {/admin/users}:[39m[38;5;3m +0ms[39m
[32m[Nest] 275509  - [39m01/05/2026, 2:46:49 AM [32m    LOG[39m [38;5;3m[RouterExplorer] [39m[32mMapped {/admin/users, GET} route[39m[38;5;3m +0ms[39m
[32m[Nest] 275509  - [39m01/05/2026, 2:46:49 AM [32m    LOG[39m [38;5;3m[RouterExplorer] [39m[32mMapped {/admin/users/:id, GET} route[39m[38;5;3m +0ms[39m
[32m[Nest] 275509  - [39m01/05/2026, 2:46:49 AM [32m    LOG[39m [38;5;3m[RoutesResolver] [39m[32mBookingsController {/admin/bookings}:[39m[38;5;3m +0ms[39m
[32m[Nest] 275509  - [39m01/05/2026, 2:46:49 AM [32m    LOG[39m [38;5;3m[RouterExplorer] [39m[32mMapped {/admin/bookings, GET} route[39m[38;5;3m +0ms[39m
[32m[Nest] 275509  - [39m01/05/2026, 2:46:49 AM [32m    LOG[39m [38;5;3m[RouterExplorer] [39m[32mMapped {/admin/bookings/:id, GET} route[39m[38;5;3m +0ms[39m
[32m[Nest] 275509  - [39m01/05/2026, 2:46:49 AM [32m    LOG[39m [38;5;3m[RoutesResolver] [39m[32mStatsController {/admin/stats}:[39m[38;5;3m +0ms[39m
[32m[Nest] 275509  - [39m01/05/2026, 2:46:49 AM [32m    LOG[39m [38;5;3m[RouterExplorer] [39m[32mMapped {/admin/stats/dashboard, GET} route[39m[38;5;3m +0ms[39m
[32m[Nest] 275509  - [39m01/05/2026, 2:46:49 AM [32m    LOG[39m [38;5;3m[RoutesResolver] [39m[32mCoachesController {/admin/coaches}:[39m[38;5;3m +0ms[39m
[32m[Nest] 275509  - [39m01/05/2026, 2:46:49 AM [32m    LOG[39m [38;5;3m[RouterExplorer] [39m[32mMapped {/admin/coaches, GET} route[39m[38;5;3m +0ms[39m
[32m[Nest] 275509  - [39m01/05/2026, 2:46:49 AM [32m    LOG[39m [38;5;3m[RouterExplorer] [39m[32mMapped {/admin/coaches/:id, GET} route[39m[38;5;3m +0ms[39m
[32m[Nest] 275509  - [39m01/05/2026, 2:46:49 AM [32m    LOG[39m [38;5;3m[RouterExplorer] [39m[32mMapped {/admin/coaches, POST} route[39m[38;5;3m +0ms[39m
[32m[Nest] 275509  - [39m01/05/2026, 2:46:49 AM [32m    LOG[39m [38;5;3m[RouterExplorer] [39m[32mMapped {/admin/coaches/:id, PUT} route[39m[38;5;3m +0ms[39m
[32m[Nest] 275509  - [39m01/05/2026, 2:46:49 AM [32m    LOG[39m [38;5;3m[RouterExplorer] [39m[32mMapped {/admin/coaches/:id, DELETE} route[39m[38;5;3m +0ms[39m
[32m[Nest] 275509  - [39m01/05/2026, 2:46:49 AM [32m    LOG[39m [38;5;3m[RoutesResolver] [39m[32mSeatsController {/admin/seats}:[39m[38;5;3m +0ms[39m
[32m[Nest] 275509  - [39m01/05/2026, 2:46:49 AM [32m    LOG[39m [38;5;3m[RouterExplorer] [39m[32mMapped {/admin/seats, GET} route[39m[38;5;3m +1ms[39m
[32m[Nest] 275509  - [39m01/05/2026, 2:46:49 AM [32m    LOG[39m [38;5;3m[RouterExplorer] [39m[32mMapped {/admin/seats/:id, GET} route[39m[38;5;3m +0ms[39m
[32m[Nest] 275509  - [39m01/05/2026, 2:46:49 AM [32m    LOG[39m [38;5;3m[RouterExplorer] [39m[32mMapped {/admin/seats, POST} route[39m[38;5;3m +0ms[39m
[32m[Nest] 275509  - [39m01/05/2026, 2:46:49 AM [32m    LOG[39m [38;5;3m[RouterExplorer] [39m[32mMapped {/admin/seats/bulk, POST} route[39m[38;5;3m +0ms[39m
[32m[Nest] 275509  - [39m01/05/2026, 2:46:49 AM [32m    LOG[39m [38;5;3m[RouterExplorer] [39m[32mMapped {/admin/seats/:id, PUT} route[39m[38;5;3m +0ms[39m
[32m[Nest] 275509  - [39m01/05/2026, 2:46:49 AM [32m    LOG[39m [38;5;3m[RouterExplorer] [39m[32mMapped {/admin/seats/:id, DELETE} route[39m[38;5;3m +0ms[39m
[32m[Nest] 275509  - [39m01/05/2026, 2:46:49 AM [32m    LOG[39m [38;5;3m[RoutesResolver] [39m[32mSettingsController {/admin/settings}:[39m[38;5;3m +0ms[39m
[32m[Nest] 275509  - [39m01/05/2026, 2:46:49 AM [32m    LOG[39m [38;5;3m[RouterExplorer] [39m[32mMapped {/admin/settings, GET} route[39m[38;5;3m +0ms[39m
[32m[Nest] 275509  - [39m01/05/2026, 2:46:49 AM [32m    LOG[39m [38;5;3m[RouterExplorer] [39m[32mMapped {/admin/settings/:key, GET} route[39m[38;5;3m +0ms[39m
[32m[Nest] 275509  - [39m01/05/2026, 2:46:49 AM [32m    LOG[39m [38;5;3m[RouterExplorer] [39m[32mMapped {/admin/settings, POST} route[39m[38;5;3m +0ms[39m
[32m[Nest] 275509  - [39m01/05/2026, 2:46:49 AM [32m    LOG[39m [38;5;3m[RouterExplorer] [39m[32mMapped {/admin/settings/:key, PUT} route[39m[38;5;3m +0ms[39m
[32m[Nest] 275509  - [39m01/05/2026, 2:46:49 AM [32m    LOG[39m [38;5;3m[RouterExplorer] [39m[32mMapped {/admin/settings/:key, DELETE} route[39m[38;5;3m +0ms[39m
[32m[Nest] 275509  - [39m01/05/2026, 2:46:49 AM [32m    LOG[39m [38;5;3m[RoutesResolver] [39m[32mPaymentsController {/admin/payments}:[39m[38;5;3m +0ms[39m
[32m[Nest] 275509  - [39m01/05/2026, 2:46:49 AM [32m    LOG[39m [38;5;3m[RouterExplorer] [39m[32mMapped {/admin/payments/stats, GET} route[39m[38;5;3m +0ms[39m
[32m[Nest] 275509  - [39m01/05/2026, 2:46:49 AM [32m    LOG[39m [38;5;3m[RouterExplorer] [39m[32mMapped {/admin/payments, GET} route[39m[38;5;3m +0ms[39m
[32m[Nest] 275509  - [39m01/05/2026, 2:46:49 AM [32m    LOG[39m [38;5;3m[RouterExplorer] [39m[32mMapped {/admin/payments/:id, GET} route[39m[38;5;3m +0ms[39m
[32m[Nest] 275509  - [39m01/05/2026, 2:46:49 AM [32m    LOG[39m [38;5;3m[NestApplication] [39m[32mNest application successfully started[39m[38;5;3m +46ms[39m
🚀 Admin Service is running on: http://localhost:3010
📚 Swagger documentation: http://localhost:3010/api/docs
🔐 Admin operations - requires ADMIN role
[INFO] 02:46:53 Restarting: /home/bayajidswe/My-files/my-projects/jatra-railway/apps/admin-service/src/stations/stations.service.ts has been modified
[32m[Nest] 275711  - [39m01/05/2026, 2:46:53 AM [32m    LOG[39m [38;5;3m[NestFactory] [39m[32mStarting Nest application...[39m
[32m[Nest] 275711  - [39m01/05/2026, 2:46:53 AM [32m    LOG[39m [38;5;3m[InstanceLoader] [39m[32mAppModule dependencies initialized[39m[38;5;3m +10ms[39m
[32m[Nest] 275711  - [39m01/05/2026, 2:46:53 AM [32m    LOG[39m [38;5;3m[InstanceLoader] [39m[32mPrismaModule dependencies initialized[39m[38;5;3m +1ms[39m
[32m[Nest] 275711  - [39m01/05/2026, 2:46:53 AM [32m    LOG[39m [38;5;3m[InstanceLoader] [39m[32mConfigHostModule dependencies initialized[39m[38;5;3m +0ms[39m
[32m[Nest] 275711  - [39m01/05/2026, 2:46:53 AM [32m    LOG[39m [38;5;3m[InstanceLoader] [39m[32mTrainsModule dependencies initialized[39m[38;5;3m +0ms[39m
[32m[Nest] 275711  - [39m01/05/2026, 2:46:53 AM [32m    LOG[39m [38;5;3m[InstanceLoader] [39m[32mRoutesModule dependencies initialized[39m[38;5;3m +0ms[39m
[32m[Nest] 275711  - [39m01/05/2026, 2:46:53 AM [32m    LOG[39m [38;5;3m[InstanceLoader] [39m[32mJourneysModule dependencies initialized[39m[38;5;3m +0ms[39m
[32m[Nest] 275711  - [39m01/05/2026, 2:46:53 AM [32m    LOG[39m [38;5;3m[InstanceLoader] [39m[32mStationsModule dependencies initialized[39m[38;5;3m +0ms[39m
[32m[Nest] 275711  - [39m01/05/2026, 2:46:53 AM [32m    LOG[39m [38;5;3m[InstanceLoader] [39m[32mUsersModule dependencies initialized[39m[38;5;3m +0ms[39m
[32m[Nest] 275711  - [39m01/05/2026, 2:46:53 AM [32m    LOG[39m [38;5;3m[InstanceLoader] [39m[32mBookingsModule dependencies initialized[39m[38;5;3m +1ms[39m
[32m[Nest] 275711  - [39m01/05/2026, 2:46:53 AM [32m    LOG[39m [38;5;3m[InstanceLoader] [39m[32mStatsModule dependencies initialized[39m[38;5;3m +0ms[39m
[32m[Nest] 275711  - [39m01/05/2026, 2:46:53 AM [32m    LOG[39m [38;5;3m[InstanceLoader] [39m[32mConfigModule dependencies initialized[39m[38;5;3m +0ms[39m
[32m[Nest] 275711  - [39m01/05/2026, 2:46:53 AM [32m    LOG[39m [38;5;3m[InstanceLoader] [39m[32mCoachesModule dependencies initialized[39m[38;5;3m +0ms[39m
[32m[Nest] 275711  - [39m01/05/2026, 2:46:53 AM [32m    LOG[39m [38;5;3m[InstanceLoader] [39m[32mSeatsModule dependencies initialized[39m[38;5;3m +0ms[39m
[32m[Nest] 275711  - [39m01/05/2026, 2:46:53 AM [32m    LOG[39m [38;5;3m[InstanceLoader] [39m[32mSettingsModule dependencies initialized[39m[38;5;3m +0ms[39m
[32m[Nest] 275711  - [39m01/05/2026, 2:46:53 AM [32m    LOG[39m [38;5;3m[InstanceLoader] [39m[32mPaymentsModule dependencies initialized[39m[38;5;3m +0ms[39m
[32m[Nest] 275711  - [39m01/05/2026, 2:46:53 AM [32m    LOG[39m [38;5;3m[RoutesResolver] [39m[32mTrainsController {/admin/trains}:[39m[38;5;3m +19ms[39m
[32m[Nest] 275711  - [39m01/05/2026, 2:46:53 AM [32m    LOG[39m [38;5;3m[RouterExplorer] [39m[32mMapped {/admin/trains, GET} route[39m[38;5;3m +1ms[39m
[32m[Nest] 275711  - [39m01/05/2026, 2:46:53 AM [32m    LOG[39m [38;5;3m[RouterExplorer] [39m[32mMapped {/admin/trains/:id, GET} route[39m[38;5;3m +0ms[39m
[32m[Nest] 275711  - [39m01/05/2026, 2:46:53 AM [32m    LOG[39m [38;5;3m[RouterExplorer] [39m[32mMapped {/admin/trains, POST} route[39m[38;5;3m +0ms[39m
[32m[Nest] 275711  - [39m01/05/2026, 2:46:53 AM [32m    LOG[39m [38;5;3m[RouterExplorer] [39m[32mMapped {/admin/trains/:id, PUT} route[39m[38;5;3m +0ms[39m
[32m[Nest] 275711  - [39m01/05/2026, 2:46:53 AM [32m    LOG[39m [38;5;3m[RouterExplorer] [39m[32mMapped {/admin/trains/:id, DELETE} route[39m[38;5;3m +0ms[39m
[32m[Nest] 275711  - [39m01/05/2026, 2:46:53 AM [32m    LOG[39m [38;5;3m[RoutesResolver] [39m[32mRoutesController {/admin/routes}:[39m[38;5;3m +1ms[39m
[32m[Nest] 275711  - [39m01/05/2026, 2:46:53 AM [32m    LOG[39m [38;5;3m[RouterExplorer] [39m[32mMapped {/admin/routes, GET} route[39m[38;5;3m +0ms[39m
[32m[Nest] 275711  - [39m01/05/2026, 2:46:53 AM [32m    LOG[39m [38;5;3m[RouterExplorer] [39m[32mMapped {/admin/routes/:id, GET} route[39m[38;5;3m +0ms[39m
[32m[Nest] 275711  - [39m01/05/2026, 2:46:53 AM [32m    LOG[39m [38;5;3m[RoutesResolver] [39m[32mJourneysController {/admin/journeys}:[39m[38;5;3m +0ms[39m
[32m[Nest] 275711  - [39m01/05/2026, 2:46:53 AM [32m    LOG[39m [38;5;3m[RouterExplorer] [39m[32mMapped {/admin/journeys, GET} route[39m[38;5;3m +0ms[39m
[32m[Nest] 275711  - [39m01/05/2026, 2:46:53 AM [32m    LOG[39m [38;5;3m[RouterExplorer] [39m[32mMapped {/admin/journeys/:id, GET} route[39m[38;5;3m +0ms[39m
[32m[Nest] 275711  - [39m01/05/2026, 2:46:53 AM [32m    LOG[39m [38;5;3m[RoutesResolver] [39m[32mStationsController {/admin/stations}:[39m[38;5;3m +0ms[39m
[32m[Nest] 275711  - [39m01/05/2026, 2:46:53 AM [32m    LOG[39m [38;5;3m[RouterExplorer] [39m[32mMapped {/admin/stations, GET} route[39m[38;5;3m +0ms[39m
[32m[Nest] 275711  - [39m01/05/2026, 2:46:53 AM [32m    LOG[39m [38;5;3m[RoutesResolver] [39m[32mUsersController {/admin/users}:[39m[38;5;3m +0ms[39m
[32m[Nest] 275711  - [39m01/05/2026, 2:46:53 AM [32m    LOG[39m [38;5;3m[RouterExplorer] [39m[32mMapped {/admin/users, GET} route[39m[38;5;3m +0ms[39m
[32m[Nest] 275711  - [39m01/05/2026, 2:46:53 AM [32m    LOG[39m [38;5;3m[RouterExplorer] [39m[32mMapped {/admin/users/:id, GET} route[39m[38;5;3m +1ms[39m
[32m[Nest] 275711  - [39m01/05/2026, 2:46:53 AM [32m    LOG[39m [38;5;3m[RoutesResolver] [39m[32mBookingsController {/admin/bookings}:[39m[38;5;3m +0ms[39m
[32m[Nest] 275711  - [39m01/05/2026, 2:46:53 AM [32m    LOG[39m [38;5;3m[RouterExplorer] [39m[32mMapped {/admin/bookings, GET} route[39m[38;5;3m +0ms[39m
[32m[Nest] 275711  - [39m01/05/2026, 2:46:53 AM [32m    LOG[39m [38;5;3m[RouterExplorer] [39m[32mMapped {/admin/bookings/:id, GET} route[39m[38;5;3m +0ms[39m
[32m[Nest] 275711  - [39m01/05/2026, 2:46:53 AM [32m    LOG[39m [38;5;3m[RoutesResolver] [39m[32mStatsController {/admin/stats}:[39m[38;5;3m +0ms[39m
[32m[Nest] 275711  - [39m01/05/2026, 2:46:53 AM [32m    LOG[39m [38;5;3m[RouterExplorer] [39m[32mMapped {/admin/stats/dashboard, GET} route[39m[38;5;3m +0ms[39m
[32m[Nest] 275711  - [39m01/05/2026, 2:46:53 AM [32m    LOG[39m [38;5;3m[RoutesResolver] [39m[32mCoachesController {/admin/coaches}:[39m[38;5;3m +0ms[39m
[32m[Nest] 275711  - [39m01/05/2026, 2:46:53 AM [32m    LOG[39m [38;5;3m[RouterExplorer] [39m[32mMapped {/admin/coaches, GET} route[39m[38;5;3m +0ms[39m
[32m[Nest] 275711  - [39m01/05/2026, 2:46:53 AM [32m    LOG[39m [38;5;3m[RouterExplorer] [39m[32mMapped {/admin/coaches/:id, GET} route[39m[38;5;3m +0ms[39m
[32m[Nest] 275711  - [39m01/05/2026, 2:46:53 AM [32m    LOG[39m [38;5;3m[RouterExplorer] [39m[32mMapped {/admin/coaches, POST} route[39m[38;5;3m +0ms[39m
[32m[Nest] 275711  - [39m01/05/2026, 2:46:53 AM [32m    LOG[39m [38;5;3m[RouterExplorer] [39m[32mMapped {/admin/coaches/:id, PUT} route[39m[38;5;3m +0ms[39m
[32m[Nest] 275711  - [39m01/05/2026, 2:46:53 AM [32m    LOG[39m [38;5;3m[RouterExplorer] [39m[32mMapped {/admin/coaches/:id, DELETE} route[39m[38;5;3m +0ms[39m
[32m[Nest] 275711  - [39m01/05/2026, 2:46:53 AM [32m    LOG[39m [38;5;3m[RoutesResolver] [39m[32mSeatsController {/admin/seats}:[39m[38;5;3m +0ms[39m
[32m[Nest] 275711  - [39m01/05/2026, 2:46:53 AM [32m    LOG[39m [38;5;3m[RouterExplorer] [39m[32mMapped {/admin/seats, GET} route[39m[38;5;3m +0ms[39m
[32m[Nest] 275711  - [39m01/05/2026, 2:46:53 AM [32m    LOG[39m [38;5;3m[RouterExplorer] [39m[32mMapped {/admin/seats/:id, GET} route[39m[38;5;3m +0ms[39m
[32m[Nest] 275711  - [39m01/05/2026, 2:46:53 AM [32m    LOG[39m [38;5;3m[RouterExplorer] [39m[32mMapped {/admin/seats, POST} route[39m[38;5;3m +0ms[39m
[32m[Nest] 275711  - [39m01/05/2026, 2:46:53 AM [32m    LOG[39m [38;5;3m[RouterExplorer] [39m[32mMapped {/admin/seats/bulk, POST} route[39m[38;5;3m +0ms[39m
[32m[Nest] 275711  - [39m01/05/2026, 2:46:53 AM [32m    LOG[39m [38;5;3m[RouterExplorer] [39m[32mMapped {/admin/seats/:id, PUT} route[39m[38;5;3m +0ms[39m
[32m[Nest] 275711  - [39m01/05/2026, 2:46:53 AM [32m    LOG[39m [38;5;3m[RouterExplorer] [39m[32mMapped {/admin/seats/:id, DELETE} route[39m[38;5;3m +0ms[39m
[32m[Nest] 275711  - [39m01/05/2026, 2:46:53 AM [32m    LOG[39m [38;5;3m[RoutesResolver] [39m[32mSettingsController {/admin/settings}:[39m[38;5;3m +0ms[39m
[32m[Nest] 275711  - [39m01/05/2026, 2:46:53 AM [32m    LOG[39m [38;5;3m[RouterExplorer] [39m[32mMapped {/admin/settings, GET} route[39m[38;5;3m +1ms[39m
[32m[Nest] 275711  - [39m01/05/2026, 2:46:53 AM [32m    LOG[39m [38;5;3m[RouterExplorer] [39m[32mMapped {/admin/settings/:key, GET} route[39m[38;5;3m +0ms[39m
[32m[Nest] 275711  - [39m01/05/2026, 2:46:53 AM [32m    LOG[39m [38;5;3m[RouterExplorer] [39m[32mMapped {/admin/settings, POST} route[39m[38;5;3m +0ms[39m
[32m[Nest] 275711  - [39m01/05/2026, 2:46:53 AM [32m    LOG[39m [38;5;3m[RouterExplorer] [39m[32mMapped {/admin/settings/:key, PUT} route[39m[38;5;3m +0ms[39m
[32m[Nest] 275711  - [39m01/05/2026, 2:46:53 AM [32m    LOG[39m [38;5;3m[RouterExplorer] [39m[32mMapped {/admin/settings/:key, DELETE} route[39m[38;5;3m +0ms[39m
[32m[Nest] 275711  - [39m01/05/2026, 2:46:53 AM [32m    LOG[39m [38;5;3m[RoutesResolver] [39m[32mPaymentsController {/admin/payments}:[39m[38;5;3m +0ms[39m
[32m[Nest] 275711  - [39m01/05/2026, 2:46:53 AM [32m    LOG[39m [38;5;3m[RouterExplorer] [39m[32mMapped {/admin/payments/stats, GET} route[39m[38;5;3m +0ms[39m
[32m[Nest] 275711  - [39m01/05/2026, 2:46:53 AM [32m    LOG[39m [38;5;3m[RouterExplorer] [39m[32mMapped {/admin/payments, GET} route[39m[38;5;3m +0ms[39m
[32m[Nest] 275711  - [39m01/05/2026, 2:46:53 AM [32m    LOG[39m [38;5;3m[RouterExplorer] [39m[32mMapped {/admin/payments/:id, GET} route[39m[38;5;3m +0ms[39m
[32m[Nest] 275711  - [39m01/05/2026, 2:46:53 AM [32m    LOG[39m [38;5;3m[NestApplication] [39m[32mNest application successfully started[39m[38;5;3m +43ms[39m
[31m[Nest] 275711  - [39m01/05/2026, 2:46:53 AM [31m  ERROR[39m [38;5;3m[NestApplication] [39m[31mError: listen EADDRINUSE: address already in use :::3010[39m[38;5;3m +1ms[39m
Error: listen EADDRINUSE: address already in use :::3010
    at Server.setupListenHandle [as _listen2] (node:net:1908:16)
    at listenInCluster (node:net:1965:12)
    at Server.listen (node:net:2067:7)
    at ExpressAdapter.listen (/home/bayajidswe/My-files/my-projects/jatra-railway/node_modules/.pnpm/@nestjs+platform-express@10.4.20_@nestjs+common@10.4.20_class-transformer@0.5.1_class-v_bd7e093f0b2f45f3454d4c6bd5ff4f44/node_modules/@nestjs/platform-express/adapters/express-adapter.js:95:32)
    at /home/bayajidswe/My-files/my-projects/jatra-railway/node_modules/.pnpm/@nestjs+core@10.4.20_@nestjs+common@10.4.20_class-transformer@0.5.1_class-validator@0.1_6ee324c1921a1c6c0e69db7d70d61af1/node_modules/@nestjs/core/nest-application.js:183:30
    at new Promise (<anonymous>)
    at NestApplication.listen (/home/bayajidswe/My-files/my-projects/jatra-railway/node_modules/.pnpm/@nestjs+core@10.4.20_@nestjs+common@10.4.20_class-transformer@0.5.1_class-validator@0.1_6ee324c1921a1c6c0e69db7d70d61af1/node_modules/@nestjs/core/nest-application.js:173:16)
    at bootstrap (/home/bayajidswe/My-files/my-projects/jatra-railway/apps/admin-service/src/main.ts:45:3)
[ERROR] 02:46:53 Error: listen EADDRINUSE: address already in use :::3010
[INFO] 02:46:55 Restarting: /home/bayajidswe/My-files/my-projects/jatra-railway/apps/admin-service/src/stations/stations.controller.ts has been modified
ReferenceError: Param is not defined
    at Object.<anonymous> (/home/bayajidswe/My-files/my-projects/jatra-railway/apps/admin-service/src/stations/stations.controller.ts:23:18)
    at Module._compile (node:internal/modules/cjs/loader:1529:14)
    at Module._compile (/home/bayajidswe/My-files/my-projects/jatra-railway/node_modules/.pnpm/source-map-support@0.5.21/node_modules/source-map-support/source-map-support.js:568:25)
    at Module.m._compile (/tmp/ts-node-dev-hook-2914869903142008.js:69:33)
    at Module._extensions..js (node:internal/modules/cjs/loader:1613:10)
    at require.extensions..jsx.require.extensions..js (/tmp/ts-node-dev-hook-2914869903142008.js:114:20)
    at require.extensions.<computed> (/tmp/ts-node-dev-hook-2914869903142008.js:71:20)
    at Object.nodeDevHook [as .ts] (/home/bayajidswe/My-files/my-projects/jatra-railway/node_modules/.pnpm/ts-node-dev@2.0.0_@types+node@20.19.25_typescript@5.9.3/node_modules/ts-node-dev/lib/hook.js:63:13)
    at Module.load (node:internal/modules/cjs/loader:1275:32)
    at Function.Module._load (node:internal/modules/cjs/loader:1096:12)
[ERROR] 02:46:55 ReferenceError: Param is not defined
[INFO] 02:46:56 Restarting: /home/bayajidswe/My-files/my-projects/jatra-railway/apps/admin-service/src/stations/stations.controller.ts has been modified
[32m[Nest] 275862  - [39m01/05/2026, 2:46:56 AM [32m    LOG[39m [38;5;3m[NestFactory] [39m[32mStarting Nest application...[39m
[32m[Nest] 275862  - [39m01/05/2026, 2:46:56 AM [32m    LOG[39m [38;5;3m[InstanceLoader] [39m[32mAppModule dependencies initialized[39m[38;5;3m +11ms[39m
[32m[Nest] 275862  - [39m01/05/2026, 2:46:56 AM [32m    LOG[39m [38;5;3m[InstanceLoader] [39m[32mPrismaModule dependencies initialized[39m[38;5;3m +0ms[39m
[32m[Nest] 275862  - [39m01/05/2026, 2:46:56 AM [32m    LOG[39m [38;5;3m[InstanceLoader] [39m[32mConfigHostModule dependencies initialized[39m[38;5;3m +1ms[39m
[32m[Nest] 275862  - [39m01/05/2026, 2:46:56 AM [32m    LOG[39m [38;5;3m[InstanceLoader] [39m[32mTrainsModule dependencies initialized[39m[38;5;3m +0ms[39m
[32m[Nest] 275862  - [39m01/05/2026, 2:46:56 AM [32m    LOG[39m [38;5;3m[InstanceLoader] [39m[32mRoutesModule dependencies initialized[39m[38;5;3m +0ms[39m
[32m[Nest] 275862  - [39m01/05/2026, 2:46:56 AM [32m    LOG[39m [38;5;3m[InstanceLoader] [39m[32mJourneysModule dependencies initialized[39m[38;5;3m +0ms[39m
[32m[Nest] 275862  - [39m01/05/2026, 2:46:56 AM [32m    LOG[39m [38;5;3m[InstanceLoader] [39m[32mStationsModule dependencies initialized[39m[38;5;3m +0ms[39m
[32m[Nest] 275862  - [39m01/05/2026, 2:46:56 AM [32m    LOG[39m [38;5;3m[InstanceLoader] [39m[32mUsersModule dependencies initialized[39m[38;5;3m +0ms[39m
[32m[Nest] 275862  - [39m01/05/2026, 2:46:56 AM [32m    LOG[39m [38;5;3m[InstanceLoader] [39m[32mBookingsModule dependencies initialized[39m[38;5;3m +1ms[39m
[32m[Nest] 275862  - [39m01/05/2026, 2:46:56 AM [32m    LOG[39m [38;5;3m[InstanceLoader] [39m[32mStatsModule dependencies initialized[39m[38;5;3m +0ms[39m
[32m[Nest] 275862  - [39m01/05/2026, 2:46:56 AM [32m    LOG[39m [38;5;3m[InstanceLoader] [39m[32mConfigModule dependencies initialized[39m[38;5;3m +0ms[39m
[32m[Nest] 275862  - [39m01/05/2026, 2:46:56 AM [32m    LOG[39m [38;5;3m[InstanceLoader] [39m[32mCoachesModule dependencies initialized[39m[38;5;3m +0ms[39m
[32m[Nest] 275862  - [39m01/05/2026, 2:46:56 AM [32m    LOG[39m [38;5;3m[InstanceLoader] [39m[32mSeatsModule dependencies initialized[39m[38;5;3m +0ms[39m
[32m[Nest] 275862  - [39m01/05/2026, 2:46:56 AM [32m    LOG[39m [38;5;3m[InstanceLoader] [39m[32mSettingsModule dependencies initialized[39m[38;5;3m +0ms[39m
[32m[Nest] 275862  - [39m01/05/2026, 2:46:56 AM [32m    LOG[39m [38;5;3m[InstanceLoader] [39m[32mPaymentsModule dependencies initialized[39m[38;5;3m +0ms[39m
[32m[Nest] 275862  - [39m01/05/2026, 2:46:56 AM [32m    LOG[39m [38;5;3m[RoutesResolver] [39m[32mTrainsController {/admin/trains}:[39m[38;5;3m +27ms[39m
[32m[Nest] 275862  - [39m01/05/2026, 2:46:56 AM [32m    LOG[39m [38;5;3m[RouterExplorer] [39m[32mMapped {/admin/trains, GET} route[39m[38;5;3m +2ms[39m
[32m[Nest] 275862  - [39m01/05/2026, 2:46:56 AM [32m    LOG[39m [38;5;3m[RouterExplorer] [39m[32mMapped {/admin/trains/:id, GET} route[39m[38;5;3m +1ms[39m
[32m[Nest] 275862  - [39m01/05/2026, 2:46:56 AM [32m    LOG[39m [38;5;3m[RouterExplorer] [39m[32mMapped {/admin/trains, POST} route[39m[38;5;3m +0ms[39m
[32m[Nest] 275862  - [39m01/05/2026, 2:46:56 AM [32m    LOG[39m [38;5;3m[RouterExplorer] [39m[32mMapped {/admin/trains/:id, PUT} route[39m[38;5;3m +0ms[39m
[32m[Nest] 275862  - [39m01/05/2026, 2:46:56 AM [32m    LOG[39m [38;5;3m[RouterExplorer] [39m[32mMapped {/admin/trains/:id, DELETE} route[39m[38;5;3m +0ms[39m
[32m[Nest] 275862  - [39m01/05/2026, 2:46:56 AM [32m    LOG[39m [38;5;3m[RoutesResolver] [39m[32mRoutesController {/admin/routes}:[39m[38;5;3m +1ms[39m
[32m[Nest] 275862  - [39m01/05/2026, 2:46:56 AM [32m    LOG[39m [38;5;3m[RouterExplorer] [39m[32mMapped {/admin/routes, GET} route[39m[38;5;3m +0ms[39m
[32m[Nest] 275862  - [39m01/05/2026, 2:46:56 AM [32m    LOG[39m [38;5;3m[RouterExplorer] [39m[32mMapped {/admin/routes/:id, GET} route[39m[38;5;3m +0ms[39m
[32m[Nest] 275862  - [39m01/05/2026, 2:46:56 AM [32m    LOG[39m [38;5;3m[RoutesResolver] [39m[32mJourneysController {/admin/journeys}:[39m[38;5;3m +0ms[39m
[32m[Nest] 275862  - [39m01/05/2026, 2:46:56 AM [32m    LOG[39m [38;5;3m[RouterExplorer] [39m[32mMapped {/admin/journeys, GET} route[39m[38;5;3m +0ms[39m
[32m[Nest] 275862  - [39m01/05/2026, 2:46:56 AM [32m    LOG[39m [38;5;3m[RouterExplorer] [39m[32mMapped {/admin/journeys/:id, GET} route[39m[38;5;3m +0ms[39m
[32m[Nest] 275862  - [39m01/05/2026, 2:46:56 AM [32m    LOG[39m [38;5;3m[RoutesResolver] [39m[32mStationsController {/admin/stations}:[39m[38;5;3m +1ms[39m
[32m[Nest] 275862  - [39m01/05/2026, 2:46:56 AM [32m    LOG[39m [38;5;3m[RouterExplorer] [39m[32mMapped {/admin/stations, GET} route[39m[38;5;3m +0ms[39m
[32m[Nest] 275862  - [39m01/05/2026, 2:46:56 AM [32m    LOG[39m [38;5;3m[RouterExplorer] [39m[32mMapped {/admin/stations/:id, GET} route[39m[38;5;3m +0ms[39m
[32m[Nest] 275862  - [39m01/05/2026, 2:46:56 AM [32m    LOG[39m [38;5;3m[RouterExplorer] [39m[32mMapped {/admin/stations, POST} route[39m[38;5;3m +0ms[39m
[32m[Nest] 275862  - [39m01/05/2026, 2:46:56 AM [32m    LOG[39m [38;5;3m[RouterExplorer] [39m[32mMapped {/admin/stations/:id, PATCH} route[39m[38;5;3m +0ms[39m
[32m[Nest] 275862  - [39m01/05/2026, 2:46:56 AM [32m    LOG[39m [38;5;3m[RouterExplorer] [39m[32mMapped {/admin/stations/:id, DELETE} route[39m[38;5;3m +0ms[39m
[32m[Nest] 275862  - [39m01/05/2026, 2:46:56 AM [32m    LOG[39m [38;5;3m[RoutesResolver] [39m[32mUsersController {/admin/users}:[39m[38;5;3m +0ms[39m
[32m[Nest] 275862  - [39m01/05/2026, 2:46:56 AM [32m    LOG[39m [38;5;3m[RouterExplorer] [39m[32mMapped {/admin/users, GET} route[39m[38;5;3m +0ms[39m
[32m[Nest] 275862  - [39m01/05/2026, 2:46:56 AM [32m    LOG[39m [38;5;3m[RouterExplorer] [39m[32mMapped {/admin/users/:id, GET} route[39m[38;5;3m +1ms[39m
[32m[Nest] 275862  - [39m01/05/2026, 2:46:56 AM [32m    LOG[39m [38;5;3m[RoutesResolver] [39m[32mBookingsController {/admin/bookings}:[39m[38;5;3m +0ms[39m
[32m[Nest] 275862  - [39m01/05/2026, 2:46:56 AM [32m    LOG[39m [38;5;3m[RouterExplorer] [39m[32mMapped {/admin/bookings, GET} route[39m[38;5;3m +0ms[39m
[32m[Nest] 275862  - [39m01/05/2026, 2:46:56 AM [32m    LOG[39m [38;5;3m[RouterExplorer] [39m[32mMapped {/admin/bookings/:id, GET} route[39m[38;5;3m +0ms[39m
[32m[Nest] 275862  - [39m01/05/2026, 2:46:56 AM [32m    LOG[39m [38;5;3m[RoutesResolver] [39m[32mStatsController {/admin/stats}:[39m[38;5;3m +0ms[39m
[32m[Nest] 275862  - [39m01/05/2026, 2:46:56 AM [32m    LOG[39m [38;5;3m[RouterExplorer] [39m[32mMapped {/admin/stats/dashboard, GET} route[39m[38;5;3m +0ms[39m
[32m[Nest] 275862  - [39m01/05/2026, 2:46:56 AM [32m    LOG[39m [38;5;3m[RoutesResolver] [39m[32mCoachesController {/admin/coaches}:[39m[38;5;3m +0ms[39m
[32m[Nest] 275862  - [39m01/05/2026, 2:46:56 AM [32m    LOG[39m [38;5;3m[RouterExplorer] [39m[32mMapped {/admin/coaches, GET} route[39m[38;5;3m +0ms[39m
[32m[Nest] 275862  - [39m01/05/2026, 2:46:56 AM [32m    LOG[39m [38;5;3m[RouterExplorer] [39m[32mMapped {/admin/coaches/:id, GET} route[39m[38;5;3m +0ms[39m
[32m[Nest] 275862  - [39m01/05/2026, 2:46:56 AM [32m    LOG[39m [38;5;3m[RouterExplorer] [39m[32mMapped {/admin/coaches, POST} route[39m[38;5;3m +0ms[39m
[32m[Nest] 275862  - [39m01/05/2026, 2:46:56 AM [32m    LOG[39m [38;5;3m[RouterExplorer] [39m[32mMapped {/admin/coaches/:id, PUT} route[39m[38;5;3m +0ms[39m
[32m[Nest] 275862  - [39m01/05/2026, 2:46:56 AM [32m    LOG[39m [38;5;3m[RouterExplorer] [39m[32mMapped {/admin/coaches/:id, DELETE} route[39m[38;5;3m +0ms[39m
[32m[Nest] 275862  - [39m01/05/2026, 2:46:56 AM [32m    LOG[39m [38;5;3m[RoutesResolver] [39m[32mSeatsController {/admin/seats}:[39m[38;5;3m +0ms[39m
[32m[Nest] 275862  - [39m01/05/2026, 2:46:56 AM [32m    LOG[39m [38;5;3m[RouterExplorer] [39m[32mMapped {/admin/seats, GET} route[39m[38;5;3m +0ms[39m
[32m[Nest] 275862  - [39m01/05/2026, 2:46:56 AM [32m    LOG[39m [38;5;3m[RouterExplorer] [39m[32mMapped {/admin/seats/:id, GET} route[39m[38;5;3m +0ms[39m
[32m[Nest] 275862  - [39m01/05/2026, 2:46:56 AM [32m    LOG[39m [38;5;3m[RouterExplorer] [39m[32mMapped {/admin/seats, POST} route[39m[38;5;3m +1ms[39m
[32m[Nest] 275862  - [39m01/05/2026, 2:46:56 AM [32m    LOG[39m [38;5;3m[RouterExplorer] [39m[32mMapped {/admin/seats/bulk, POST} route[39m[38;5;3m +0ms[39m
[32m[Nest] 275862  - [39m01/05/2026, 2:46:56 AM [32m    LOG[39m [38;5;3m[RouterExplorer] [39m[32mMapped {/admin/seats/:id, PUT} route[39m[38;5;3m +0ms[39m
[32m[Nest] 275862  - [39m01/05/2026, 2:46:56 AM [32m    LOG[39m [38;5;3m[RouterExplorer] [39m[32mMapped {/admin/seats/:id, DELETE} route[39m[38;5;3m +0ms[39m
[32m[Nest] 275862  - [39m01/05/2026, 2:46:56 AM [32m    LOG[39m [38;5;3m[RoutesResolver] [39m[32mSettingsController {/admin/settings}:[39m[38;5;3m +0ms[39m
[32m[Nest] 275862  - [39m01/05/2026, 2:46:56 AM [32m    LOG[39m [38;5;3m[RouterExplorer] [39m[32mMapped {/admin/settings, GET} route[39m[38;5;3m +0ms[39m
[32m[Nest] 275862  - [39m01/05/2026, 2:46:56 AM [32m    LOG[39m [38;5;3m[RouterExplorer] [39m[32mMapped {/admin/settings/:key, GET} route[39m[38;5;3m +0ms[39m
[32m[Nest] 275862  - [39m01/05/2026, 2:46:56 AM [32m    LOG[39m [38;5;3m[RouterExplorer] [39m[32mMapped {/admin/settings, POST} route[39m[38;5;3m +0ms[39m
[32m[Nest] 275862  - [39m01/05/2026, 2:46:56 AM [32m    LOG[39m [38;5;3m[RouterExplorer] [39m[32mMapped {/admin/settings/:key, PUT} route[39m[38;5;3m +0ms[39m
[32m[Nest] 275862  - [39m01/05/2026, 2:46:56 AM [32m    LOG[39m [38;5;3m[RouterExplorer] [39m[32mMapped {/admin/settings/:key, DELETE} route[39m[38;5;3m +0ms[39m
[32m[Nest] 275862  - [39m01/05/2026, 2:46:56 AM [32m    LOG[39m [38;5;3m[RoutesResolver] [39m[32mPaymentsController {/admin/payments}:[39m[38;5;3m +0ms[39m
[32m[Nest] 275862  - [39m01/05/2026, 2:46:56 AM [32m    LOG[39m [38;5;3m[RouterExplorer] [39m[32mMapped {/admin/payments/stats, GET} route[39m[38;5;3m +0ms[39m
[32m[Nest] 275862  - [39m01/05/2026, 2:46:56 AM [32m    LOG[39m [38;5;3m[RouterExplorer] [39m[32mMapped {/admin/payments, GET} route[39m[38;5;3m +0ms[39m
[32m[Nest] 275862  - [39m01/05/2026, 2:46:56 AM [32m    LOG[39m [38;5;3m[RouterExplorer] [39m[32mMapped {/admin/payments/:id, GET} route[39m[38;5;3m +0ms[39m
[32m[Nest] 275862  - [39m01/05/2026, 2:46:57 AM [32m    LOG[39m [38;5;3m[NestApplication] [39m[32mNest application successfully started[39m[38;5;3m +60ms[39m
[31m[Nest] 275862  - [39m01/05/2026, 2:46:57 AM [31m  ERROR[39m [38;5;3m[NestApplication] [39m[31mError: listen EADDRINUSE: address already in use :::3010[39m[38;5;3m +1ms[39m
Error: listen EADDRINUSE: address already in use :::3010
    at Server.setupListenHandle [as _listen2] (node:net:1908:16)
    at listenInCluster (node:net:1965:12)
    at Server.listen (node:net:2067:7)
    at ExpressAdapter.listen (/home/bayajidswe/My-files/my-projects/jatra-railway/node_modules/.pnpm/@nestjs+platform-express@10.4.20_@nestjs+common@10.4.20_class-transformer@0.5.1_class-v_bd7e093f0b2f45f3454d4c6bd5ff4f44/node_modules/@nestjs/platform-express/adapters/express-adapter.js:95:32)
    at /home/bayajidswe/My-files/my-projects/jatra-railway/node_modules/.pnpm/@nestjs+core@10.4.20_@nestjs+common@10.4.20_class-transformer@0.5.1_class-validator@0.1_6ee324c1921a1c6c0e69db7d70d61af1/node_modules/@nestjs/core/nest-application.js:183:30
    at new Promise (<anonymous>)
    at NestApplication.listen (/home/bayajidswe/My-files/my-projects/jatra-railway/node_modules/.pnpm/@nestjs+core@10.4.20_@nestjs+common@10.4.20_class-transformer@0.5.1_class-validator@0.1_6ee324c1921a1c6c0e69db7d70d61af1/node_modules/@nestjs/core/nest-application.js:173:16)
    at bootstrap (/home/bayajidswe/My-files/my-projects/jatra-railway/apps/admin-service/src/main.ts:45:3)
[ERROR] 02:46:57 Error: listen EADDRINUSE: address already in use :::3010
[INFO] 02:49:53 Restarting: /home/bayajidswe/My-files/my-projects/jatra-railway/apps/admin-service/src/routes/dto/route.dto.ts has been modified
[32m[Nest] 278633  - [39m01/05/2026, 2:49:54 AM [32m    LOG[39m [38;5;3m[NestFactory] [39m[32mStarting Nest application...[39m
[32m[Nest] 278633  - [39m01/05/2026, 2:49:54 AM [32m    LOG[39m [38;5;3m[InstanceLoader] [39m[32mAppModule dependencies initialized[39m[38;5;3m +10ms[39m
[32m[Nest] 278633  - [39m01/05/2026, 2:49:54 AM [32m    LOG[39m [38;5;3m[InstanceLoader] [39m[32mPrismaModule dependencies initialized[39m[38;5;3m +1ms[39m
[32m[Nest] 278633  - [39m01/05/2026, 2:49:54 AM [32m    LOG[39m [38;5;3m[InstanceLoader] [39m[32mConfigHostModule dependencies initialized[39m[38;5;3m +0ms[39m
[32m[Nest] 278633  - [39m01/05/2026, 2:49:54 AM [32m    LOG[39m [38;5;3m[InstanceLoader] [39m[32mTrainsModule dependencies initialized[39m[38;5;3m +1ms[39m
[32m[Nest] 278633  - [39m01/05/2026, 2:49:54 AM [32m    LOG[39m [38;5;3m[InstanceLoader] [39m[32mRoutesModule dependencies initialized[39m[38;5;3m +0ms[39m
[32m[Nest] 278633  - [39m01/05/2026, 2:49:54 AM [32m    LOG[39m [38;5;3m[InstanceLoader] [39m[32mJourneysModule dependencies initialized[39m[38;5;3m +0ms[39m
[32m[Nest] 278633  - [39m01/05/2026, 2:49:54 AM [32m    LOG[39m [38;5;3m[InstanceLoader] [39m[32mStationsModule dependencies initialized[39m[38;5;3m +0ms[39m
[32m[Nest] 278633  - [39m01/05/2026, 2:49:54 AM [32m    LOG[39m [38;5;3m[InstanceLoader] [39m[32mUsersModule dependencies initialized[39m[38;5;3m +0ms[39m
[32m[Nest] 278633  - [39m01/05/2026, 2:49:54 AM [32m    LOG[39m [38;5;3m[InstanceLoader] [39m[32mBookingsModule dependencies initialized[39m[38;5;3m +0ms[39m
[32m[Nest] 278633  - [39m01/05/2026, 2:49:54 AM [32m    LOG[39m [38;5;3m[InstanceLoader] [39m[32mStatsModule dependencies initialized[39m[38;5;3m +0ms[39m
[32m[Nest] 278633  - [39m01/05/2026, 2:49:54 AM [32m    LOG[39m [38;5;3m[InstanceLoader] [39m[32mConfigModule dependencies initialized[39m[38;5;3m +0ms[39m
[32m[Nest] 278633  - [39m01/05/2026, 2:49:54 AM [32m    LOG[39m [38;5;3m[InstanceLoader] [39m[32mCoachesModule dependencies initialized[39m[38;5;3m +0ms[39m
[32m[Nest] 278633  - [39m01/05/2026, 2:49:54 AM [32m    LOG[39m [38;5;3m[InstanceLoader] [39m[32mSeatsModule dependencies initialized[39m[38;5;3m +0ms[39m
[32m[Nest] 278633  - [39m01/05/2026, 2:49:54 AM [32m    LOG[39m [38;5;3m[InstanceLoader] [39m[32mSettingsModule dependencies initialized[39m[38;5;3m +0ms[39m
[32m[Nest] 278633  - [39m01/05/2026, 2:49:54 AM [32m    LOG[39m [38;5;3m[InstanceLoader] [39m[32mPaymentsModule dependencies initialized[39m[38;5;3m +0ms[39m
[32m[Nest] 278633  - [39m01/05/2026, 2:49:54 AM [32m    LOG[39m [38;5;3m[RoutesResolver] [39m[32mTrainsController {/admin/trains}:[39m[38;5;3m +23ms[39m
[32m[Nest] 278633  - [39m01/05/2026, 2:49:54 AM [32m    LOG[39m [38;5;3m[RouterExplorer] [39m[32mMapped {/admin/trains, GET} route[39m[38;5;3m +1ms[39m
[32m[Nest] 278633  - [39m01/05/2026, 2:49:54 AM [32m    LOG[39m [38;5;3m[RouterExplorer] [39m[32mMapped {/admin/trains/:id, GET} route[39m[38;5;3m +1ms[39m
[32m[Nest] 278633  - [39m01/05/2026, 2:49:54 AM [32m    LOG[39m [38;5;3m[RouterExplorer] [39m[32mMapped {/admin/trains, POST} route[39m[38;5;3m +0ms[39m
[32m[Nest] 278633  - [39m01/05/2026, 2:49:54 AM [32m    LOG[39m [38;5;3m[RouterExplorer] [39m[32mMapped {/admin/trains/:id, PUT} route[39m[38;5;3m +0ms[39m
[32m[Nest] 278633  - [39m01/05/2026, 2:49:54 AM [32m    LOG[39m [38;5;3m[RouterExplorer] [39m[32mMapped {/admin/trains/:id, DELETE} route[39m[38;5;3m +0ms[39m
[32m[Nest] 278633  - [39m01/05/2026, 2:49:54 AM [32m    LOG[39m [38;5;3m[RoutesResolver] [39m[32mRoutesController {/admin/routes}:[39m[38;5;3m +0ms[39m
[32m[Nest] 278633  - [39m01/05/2026, 2:49:54 AM [32m    LOG[39m [38;5;3m[RouterExplorer] [39m[32mMapped {/admin/routes, GET} route[39m[38;5;3m +0ms[39m
[32m[Nest] 278633  - [39m01/05/2026, 2:49:54 AM [32m    LOG[39m [38;5;3m[RouterExplorer] [39m[32mMapped {/admin/routes/:id, GET} route[39m[38;5;3m +1ms[39m
[32m[Nest] 278633  - [39m01/05/2026, 2:49:54 AM [32m    LOG[39m [38;5;3m[RoutesResolver] [39m[32mJourneysController {/admin/journeys}:[39m[38;5;3m +0ms[39m
[32m[Nest] 278633  - [39m01/05/2026, 2:49:54 AM [32m    LOG[39m [38;5;3m[RouterExplorer] [39m[32mMapped {/admin/journeys, GET} route[39m[38;5;3m +0ms[39m
[32m[Nest] 278633  - [39m01/05/2026, 2:49:54 AM [32m    LOG[39m [38;5;3m[RouterExplorer] [39m[32mMapped {/admin/journeys/:id, GET} route[39m[38;5;3m +0ms[39m
[32m[Nest] 278633  - [39m01/05/2026, 2:49:54 AM [32m    LOG[39m [38;5;3m[RoutesResolver] [39m[32mStationsController {/admin/stations}:[39m[38;5;3m +0ms[39m
[32m[Nest] 278633  - [39m01/05/2026, 2:49:54 AM [32m    LOG[39m [38;5;3m[RouterExplorer] [39m[32mMapped {/admin/stations, GET} route[39m[38;5;3m +0ms[39m
[32m[Nest] 278633  - [39m01/05/2026, 2:49:54 AM [32m    LOG[39m [38;5;3m[RouterExplorer] [39m[32mMapped {/admin/stations/:id, GET} route[39m[38;5;3m +0ms[39m
[32m[Nest] 278633  - [39m01/05/2026, 2:49:54 AM [32m    LOG[39m [38;5;3m[RouterExplorer] [39m[32mMapped {/admin/stations, POST} route[39m[38;5;3m +0ms[39m
[32m[Nest] 278633  - [39m01/05/2026, 2:49:54 AM [32m    LOG[39m [38;5;3m[RouterExplorer] [39m[32mMapped {/admin/stations/:id, PATCH} route[39m[38;5;3m +0ms[39m
[32m[Nest] 278633  - [39m01/05/2026, 2:49:54 AM [32m    LOG[39m [38;5;3m[RouterExplorer] [39m[32mMapped {/admin/stations/:id, DELETE} route[39m[38;5;3m +1ms[39m
[32m[Nest] 278633  - [39m01/05/2026, 2:49:54 AM [32m    LOG[39m [38;5;3m[RoutesResolver] [39m[32mUsersController {/admin/users}:[39m[38;5;3m +0ms[39m
[32m[Nest] 278633  - [39m01/05/2026, 2:49:54 AM [32m    LOG[39m [38;5;3m[RouterExplorer] [39m[32mMapped {/admin/users, GET} route[39m[38;5;3m +0ms[39m
[32m[Nest] 278633  - [39m01/05/2026, 2:49:54 AM [32m    LOG[39m [38;5;3m[RouterExplorer] [39m[32mMapped {/admin/users/:id, GET} route[39m[38;5;3m +0ms[39m
[32m[Nest] 278633  - [39m01/05/2026, 2:49:54 AM [32m    LOG[39m [38;5;3m[RoutesResolver] [39m[32mBookingsController {/admin/bookings}:[39m[38;5;3m +0ms[39m
[32m[Nest] 278633  - [39m01/05/2026, 2:49:54 AM [32m    LOG[39m [38;5;3m[RouterExplorer] [39m[32mMapped {/admin/bookings, GET} route[39m[38;5;3m +0ms[39m
[32m[Nest] 278633  - [39m01/05/2026, 2:49:54 AM [32m    LOG[39m [38;5;3m[RouterExplorer] [39m[32mMapped {/admin/bookings/:id, GET} route[39m[38;5;3m +0ms[39m
[32m[Nest] 278633  - [39m01/05/2026, 2:49:54 AM [32m    LOG[39m [38;5;3m[RoutesResolver] [39m[32mStatsController {/admin/stats}:[39m[38;5;3m +0ms[39m
[32m[Nest] 278633  - [39m01/05/2026, 2:49:54 AM [32m    LOG[39m [38;5;3m[RouterExplorer] [39m[32mMapped {/admin/stats/dashboard, GET} route[39m[38;5;3m +0ms[39m
[32m[Nest] 278633  - [39m01/05/2026, 2:49:54 AM [32m    LOG[39m [38;5;3m[RoutesResolver] [39m[32mCoachesController {/admin/coaches}:[39m[38;5;3m +0ms[39m
[32m[Nest] 278633  - [39m01/05/2026, 2:49:54 AM [32m    LOG[39m [38;5;3m[RouterExplorer] [39m[32mMapped {/admin/coaches, GET} route[39m[38;5;3m +0ms[39m
[32m[Nest] 278633  - [39m01/05/2026, 2:49:54 AM [32m    LOG[39m [38;5;3m[RouterExplorer] [39m[32mMapped {/admin/coaches/:id, GET} route[39m[38;5;3m +0ms[39m
[32m[Nest] 278633  - [39m01/05/2026, 2:49:54 AM [32m    LOG[39m [38;5;3m[RouterExplorer] [39m[32mMapped {/admin/coaches, POST} route[39m[38;5;3m +0ms[39m
[32m[Nest] 278633  - [39m01/05/2026, 2:49:54 AM [32m    LOG[39m [38;5;3m[RouterExplorer] [39m[32mMapped {/admin/coaches/:id, PUT} route[39m[38;5;3m +0ms[39m
[32m[Nest] 278633  - [39m01/05/2026, 2:49:54 AM [32m    LOG[39m [38;5;3m[RouterExplorer] [39m[32mMapped {/admin/coaches/:id, DELETE} route[39m[38;5;3m +0ms[39m
[32m[Nest] 278633  - [39m01/05/2026, 2:49:54 AM [32m    LOG[39m [38;5;3m[RoutesResolver] [39m[32mSeatsController {/admin/seats}:[39m[38;5;3m +0ms[39m
[32m[Nest] 278633  - [39m01/05/2026, 2:49:54 AM [32m    LOG[39m [38;5;3m[RouterExplorer] [39m[32mMapped {/admin/seats, GET} route[39m[38;5;3m +0ms[39m
[32m[Nest] 278633  - [39m01/05/2026, 2:49:54 AM [32m    LOG[39m [38;5;3m[RouterExplorer] [39m[32mMapped {/admin/seats/:id, GET} route[39m[38;5;3m +0ms[39m
[32m[Nest] 278633  - [39m01/05/2026, 2:49:54 AM [32m    LOG[39m [38;5;3m[RouterExplorer] [39m[32mMapped {/admin/seats, POST} route[39m[38;5;3m +0ms[39m
[32m[Nest] 278633  - [39m01/05/2026, 2:49:54 AM [32m    LOG[39m [38;5;3m[RouterExplorer] [39m[32mMapped {/admin/seats/bulk, POST} route[39m[38;5;3m +0ms[39m
[32m[Nest] 278633  - [39m01/05/2026, 2:49:54 AM [32m    LOG[39m [38;5;3m[RouterExplorer] [39m[32mMapped {/admin/seats/:id, PUT} route[39m[38;5;3m +0ms[39m
[32m[Nest] 278633  - [39m01/05/2026, 2:49:54 AM [32m    LOG[39m [38;5;3m[RouterExplorer] [39m[32mMapped {/admin/seats/:id, DELETE} route[39m[38;5;3m +0ms[39m
[32m[Nest] 278633  - [39m01/05/2026, 2:49:54 AM [32m    LOG[39m [38;5;3m[RoutesResolver] [39m[32mSettingsController {/admin/settings}:[39m[38;5;3m +1ms[39m
[32m[Nest] 278633  - [39m01/05/2026, 2:49:54 AM [32m    LOG[39m [38;5;3m[RouterExplorer] [39m[32mMapped {/admin/settings, GET} route[39m[38;5;3m +0ms[39m
[32m[Nest] 278633  - [39m01/05/2026, 2:49:54 AM [32m    LOG[39m [38;5;3m[RouterExplorer] [39m[32mMapped {/admin/settings/:key, GET} route[39m[38;5;3m +0ms[39m
[32m[Nest] 278633  - [39m01/05/2026, 2:49:54 AM [32m    LOG[39m [38;5;3m[RouterExplorer] [39m[32mMapped {/admin/settings, POST} route[39m[38;5;3m +0ms[39m
[32m[Nest] 278633  - [39m01/05/2026, 2:49:54 AM [32m    LOG[39m [38;5;3m[RouterExplorer] [39m[32mMapped {/admin/settings/:key, PUT} route[39m[38;5;3m +0ms[39m
[32m[Nest] 278633  - [39m01/05/2026, 2:49:54 AM [32m    LOG[39m [38;5;3m[RouterExplorer] [39m[32mMapped {/admin/settings/:key, DELETE} route[39m[38;5;3m +0ms[39m
[32m[Nest] 278633  - [39m01/05/2026, 2:49:54 AM [32m    LOG[39m [38;5;3m[RoutesResolver] [39m[32mPaymentsController {/admin/payments}:[39m[38;5;3m +0ms[39m
[32m[Nest] 278633  - [39m01/05/2026, 2:49:54 AM [32m    LOG[39m [38;5;3m[RouterExplorer] [39m[32mMapped {/admin/payments/stats, GET} route[39m[38;5;3m +0ms[39m
[32m[Nest] 278633  - [39m01/05/2026, 2:49:54 AM [32m    LOG[39m [38;5;3m[RouterExplorer] [39m[32mMapped {/admin/payments, GET} route[39m[38;5;3m +0ms[39m
[32m[Nest] 278633  - [39m01/05/2026, 2:49:54 AM [32m    LOG[39m [38;5;3m[RouterExplorer] [39m[32mMapped {/admin/payments/:id, GET} route[39m[38;5;3m +0ms[39m
[32m[Nest] 278633  - [39m01/05/2026, 2:49:54 AM [32m    LOG[39m [38;5;3m[NestApplication] [39m[32mNest application successfully started[39m[38;5;3m +50ms[39m
🚀 Admin Service is running on: http://localhost:3010
📚 Swagger documentation: http://localhost:3010/api/docs
🔐 Admin operations - requires ADMIN role
[INFO] 02:49:56 Restarting: /home/bayajidswe/My-files/my-projects/jatra-railway/apps/admin-service/src/routes/routes.service.ts has been modified
Compilation error in /home/bayajidswe/My-files/my-projects/jatra-railway/apps/admin-service/src/routes/routes.service.ts
[ERROR] 02:49:56 ⨯ Unable to compile TypeScript:
src/routes/routes.service.ts(47,5): error TS1068: Unexpected token. A constructor, method, accessor, or property was expected.
src/routes/routes.service.ts(56,3): error TS1128: Declaration or statement expected.
src/routes/routes.service.ts(58,3): error TS1434: Unexpected keyword or identifier.
src/routes/routes.service.ts(58,19): error TS1005: ',' expected.
src/routes/routes.service.ts(58,29): error TS1005: ';' expected.
src/routes/routes.service.ts(72,3): error TS1434: Unexpected keyword or identifier.
src/routes/routes.service.ts(72,20): error TS1005: ',' expected.
src/routes/routes.service.ts(72,27): error TS1005: ';' expected.
src/routes/routes.service.ts(87,3): error TS1434: Unexpected keyword or identifier.
src/routes/routes.service.ts(87,18): error TS1005: ',' expected.
src/routes/routes.service.ts(87,32): error TS1005: ',' expected.
src/routes/routes.service.ts(87,39): error TS1005: ';' expected.
src/routes/routes.service.ts(96,3): error TS1434: Unexpected keyword or identifier.
src/routes/routes.service.ts(96,18): error TS1005: ',' expected.
src/routes/routes.service.ts(96,28): error TS1005: ';' expected.
src/routes/routes.service.ts(101,1): error TS1128: Declaration or statement expected.

[INFO] 02:52:13 Restarting: /home/bayajidswe/My-files/my-projects/jatra-railway/apps/admin-service/src/routes/routes.service.ts has been modified
[32m[Nest] 280722  - [39m01/05/2026, 2:52:14 AM [32m    LOG[39m [38;5;3m[NestFactory] [39m[32mStarting Nest application...[39m
[32m[Nest] 280722  - [39m01/05/2026, 2:52:14 AM [32m    LOG[39m [38;5;3m[InstanceLoader] [39m[32mAppModule dependencies initialized[39m[38;5;3m +19ms[39m
[32m[Nest] 280722  - [39m01/05/2026, 2:52:14 AM [32m    LOG[39m [38;5;3m[InstanceLoader] [39m[32mPrismaModule dependencies initialized[39m[38;5;3m +0ms[39m
[32m[Nest] 280722  - [39m01/05/2026, 2:52:14 AM [32m    LOG[39m [38;5;3m[InstanceLoader] [39m[32mConfigHostModule dependencies initialized[39m[38;5;3m +1ms[39m
[32m[Nest] 280722  - [39m01/05/2026, 2:52:14 AM [32m    LOG[39m [38;5;3m[InstanceLoader] [39m[32mTrainsModule dependencies initialized[39m[38;5;3m +0ms[39m
[32m[Nest] 280722  - [39m01/05/2026, 2:52:14 AM [32m    LOG[39m [38;5;3m[InstanceLoader] [39m[32mRoutesModule dependencies initialized[39m[38;5;3m +0ms[39m
[32m[Nest] 280722  - [39m01/05/2026, 2:52:14 AM [32m    LOG[39m [38;5;3m[InstanceLoader] [39m[32mJourneysModule dependencies initialized[39m[38;5;3m +0ms[39m
[32m[Nest] 280722  - [39m01/05/2026, 2:52:14 AM [32m    LOG[39m [38;5;3m[InstanceLoader] [39m[32mStationsModule dependencies initialized[39m[38;5;3m +0ms[39m
[32m[Nest] 280722  - [39m01/05/2026, 2:52:14 AM [32m    LOG[39m [38;5;3m[InstanceLoader] [39m[32mUsersModule dependencies initialized[39m[38;5;3m +0ms[39m
[32m[Nest] 280722  - [39m01/05/2026, 2:52:14 AM [32m    LOG[39m [38;5;3m[InstanceLoader] [39m[32mBookingsModule dependencies initialized[39m[38;5;3m +0ms[39m
[32m[Nest] 280722  - [39m01/05/2026, 2:52:14 AM [32m    LOG[39m [38;5;3m[InstanceLoader] [39m[32mStatsModule dependencies initialized[39m[38;5;3m +0ms[39m
[32m[Nest] 280722  - [39m01/05/2026, 2:52:14 AM [32m    LOG[39m [38;5;3m[InstanceLoader] [39m[32mConfigModule dependencies initialized[39m[38;5;3m +0ms[39m
[32m[Nest] 280722  - [39m01/05/2026, 2:52:14 AM [32m    LOG[39m [38;5;3m[InstanceLoader] [39m[32mCoachesModule dependencies initialized[39m[38;5;3m +0ms[39m
[32m[Nest] 280722  - [39m01/05/2026, 2:52:14 AM [32m    LOG[39m [38;5;3m[InstanceLoader] [39m[32mSeatsModule dependencies initialized[39m[38;5;3m +0ms[39m
[32m[Nest] 280722  - [39m01/05/2026, 2:52:14 AM [32m    LOG[39m [38;5;3m[InstanceLoader] [39m[32mSettingsModule dependencies initialized[39m[38;5;3m +0ms[39m
[32m[Nest] 280722  - [39m01/05/2026, 2:52:14 AM [32m    LOG[39m [38;5;3m[InstanceLoader] [39m[32mPaymentsModule dependencies initialized[39m[38;5;3m +0ms[39m
[32m[Nest] 280722  - [39m01/05/2026, 2:52:14 AM [32m    LOG[39m [38;5;3m[RoutesResolver] [39m[32mTrainsController {/admin/trains}:[39m[38;5;3m +19ms[39m
[32m[Nest] 280722  - [39m01/05/2026, 2:52:14 AM [32m    LOG[39m [38;5;3m[RouterExplorer] [39m[32mMapped {/admin/trains, GET} route[39m[38;5;3m +2ms[39m
[32m[Nest] 280722  - [39m01/05/2026, 2:52:14 AM [32m    LOG[39m [38;5;3m[RouterExplorer] [39m[32mMapped {/admin/trains/:id, GET} route[39m[38;5;3m +0ms[39m
[32m[Nest] 280722  - [39m01/05/2026, 2:52:14 AM [32m    LOG[39m [38;5;3m[RouterExplorer] [39m[32mMapped {/admin/trains, POST} route[39m[38;5;3m +0ms[39m
[32m[Nest] 280722  - [39m01/05/2026, 2:52:14 AM [32m    LOG[39m [38;5;3m[RouterExplorer] [39m[32mMapped {/admin/trains/:id, PUT} route[39m[38;5;3m +0ms[39m
[32m[Nest] 280722  - [39m01/05/2026, 2:52:14 AM [32m    LOG[39m [38;5;3m[RouterExplorer] [39m[32mMapped {/admin/trains/:id, DELETE} route[39m[38;5;3m +0ms[39m
[32m[Nest] 280722  - [39m01/05/2026, 2:52:14 AM [32m    LOG[39m [38;5;3m[RoutesResolver] [39m[32mRoutesController {/admin/routes}:[39m[38;5;3m +0ms[39m
[32m[Nest] 280722  - [39m01/05/2026, 2:52:14 AM [32m    LOG[39m [38;5;3m[RouterExplorer] [39m[32mMapped {/admin/routes, GET} route[39m[38;5;3m +1ms[39m
[32m[Nest] 280722  - [39m01/05/2026, 2:52:14 AM [32m    LOG[39m [38;5;3m[RouterExplorer] [39m[32mMapped {/admin/routes/:id, GET} route[39m[38;5;3m +0ms[39m
[32m[Nest] 280722  - [39m01/05/2026, 2:52:14 AM [32m    LOG[39m [38;5;3m[RouterExplorer] [39m[32mMapped {/admin/routes, POST} route[39m[38;5;3m +0ms[39m
[32m[Nest] 280722  - [39m01/05/2026, 2:52:14 AM [32m    LOG[39m [38;5;3m[RouterExplorer] [39m[32mMapped {/admin/routes/:id, PATCH} route[39m[38;5;3m +0ms[39m
[32m[Nest] 280722  - [39m01/05/2026, 2:52:14 AM [32m    LOG[39m [38;5;3m[RouterExplorer] [39m[32mMapped {/admin/routes/:id, DELETE} route[39m[38;5;3m +0ms[39m
[32m[Nest] 280722  - [39m01/05/2026, 2:52:14 AM [32m    LOG[39m [38;5;3m[RoutesResolver] [39m[32mJourneysController {/admin/journeys}:[39m[38;5;3m +0ms[39m
[32m[Nest] 280722  - [39m01/05/2026, 2:52:14 AM [32m    LOG[39m [38;5;3m[RouterExplorer] [39m[32mMapped {/admin/journeys, GET} route[39m[38;5;3m +0ms[39m
[32m[Nest] 280722  - [39m01/05/2026, 2:52:14 AM [32m    LOG[39m [38;5;3m[RouterExplorer] [39m[32mMapped {/admin/journeys/:id, GET} route[39m[38;5;3m +1ms[39m
[32m[Nest] 280722  - [39m01/05/2026, 2:52:14 AM [32m    LOG[39m [38;5;3m[RoutesResolver] [39m[32mStationsController {/admin/stations}:[39m[38;5;3m +0ms[39m
[32m[Nest] 280722  - [39m01/05/2026, 2:52:14 AM [32m    LOG[39m [38;5;3m[RouterExplorer] [39m[32mMapped {/admin/stations, GET} route[39m[38;5;3m +0ms[39m
[32m[Nest] 280722  - [39m01/05/2026, 2:52:14 AM [32m    LOG[39m [38;5;3m[RouterExplorer] [39m[32mMapped {/admin/stations/:id, GET} route[39m[38;5;3m +0ms[39m
[32m[Nest] 280722  - [39m01/05/2026, 2:52:14 AM [32m    LOG[39m [38;5;3m[RouterExplorer] [39m[32mMapped {/admin/stations, POST} route[39m[38;5;3m +0ms[39m
[32m[Nest] 280722  - [39m01/05/2026, 2:52:14 AM [32m    LOG[39m [38;5;3m[RouterExplorer] [39m[32mMapped {/admin/stations/:id, PATCH} route[39m[38;5;3m +0ms[39m
[32m[Nest] 280722  - [39m01/05/2026, 2:52:14 AM [32m    LOG[39m [38;5;3m[RouterExplorer] [39m[32mMapped {/admin/stations/:id, DELETE} route[39m[38;5;3m +0ms[39m
[32m[Nest] 280722  - [39m01/05/2026, 2:52:14 AM [32m    LOG[39m [38;5;3m[RoutesResolver] [39m[32mUsersController {/admin/users}:[39m[38;5;3m +0ms[39m
[32m[Nest] 280722  - [39m01/05/2026, 2:52:14 AM [32m    LOG[39m [38;5;3m[RouterExplorer] [39m[32mMapped {/admin/users, GET} route[39m[38;5;3m +0ms[39m
[32m[Nest] 280722  - [39m01/05/2026, 2:52:14 AM [32m    LOG[39m [38;5;3m[RouterExplorer] [39m[32mMapped {/admin/users/:id, GET} route[39m[38;5;3m +0ms[39m
[32m[Nest] 280722  - [39m01/05/2026, 2:52:14 AM [32m    LOG[39m [38;5;3m[RoutesResolver] [39m[32mBookingsController {/admin/bookings}:[39m[38;5;3m +0ms[39m
[32m[Nest] 280722  - [39m01/05/2026, 2:52:14 AM [32m    LOG[39m [38;5;3m[RouterExplorer] [39m[32mMapped {/admin/bookings, GET} route[39m[38;5;3m +0ms[39m
[32m[Nest] 280722  - [39m01/05/2026, 2:52:14 AM [32m    LOG[39m [38;5;3m[RouterExplorer] [39m[32mMapped {/admin/bookings/:id, GET} route[39m[38;5;3m +0ms[39m
[32m[Nest] 280722  - [39m01/05/2026, 2:52:14 AM [32m    LOG[39m [38;5;3m[RoutesResolver] [39m[32mStatsController {/admin/stats}:[39m[38;5;3m +0ms[39m
[32m[Nest] 280722  - [39m01/05/2026, 2:52:14 AM [32m    LOG[39m [38;5;3m[RouterExplorer] [39m[32mMapped {/admin/stats/dashboard, GET} route[39m[38;5;3m +0ms[39m
[32m[Nest] 280722  - [39m01/05/2026, 2:52:14 AM [32m    LOG[39m [38;5;3m[RoutesResolver] [39m[32mCoachesController {/admin/coaches}:[39m[38;5;3m +0ms[39m
[32m[Nest] 280722  - [39m01/05/2026, 2:52:14 AM [32m    LOG[39m [38;5;3m[RouterExplorer] [39m[32mMapped {/admin/coaches, GET} route[39m[38;5;3m +0ms[39m
[32m[Nest] 280722  - [39m01/05/2026, 2:52:14 AM [32m    LOG[39m [38;5;3m[RouterExplorer] [39m[32mMapped {/admin/coaches/:id, GET} route[39m[38;5;3m +1ms[39m
[32m[Nest] 280722  - [39m01/05/2026, 2:52:14 AM [32m    LOG[39m [38;5;3m[RouterExplorer] [39m[32mMapped {/admin/coaches, POST} route[39m[38;5;3m +0ms[39m
[32m[Nest] 280722  - [39m01/05/2026, 2:52:14 AM [32m    LOG[39m [38;5;3m[RouterExplorer] [39m[32mMapped {/admin/coaches/:id, PUT} route[39m[38;5;3m +0ms[39m
[32m[Nest] 280722  - [39m01/05/2026, 2:52:14 AM [32m    LOG[39m [38;5;3m[RouterExplorer] [39m[32mMapped {/admin/coaches/:id, DELETE} route[39m[38;5;3m +0ms[39m
[32m[Nest] 280722  - [39m01/05/2026, 2:52:14 AM [32m    LOG[39m [38;5;3m[RoutesResolver] [39m[32mSeatsController {/admin/seats}:[39m[38;5;3m +0ms[39m
[32m[Nest] 280722  - [39m01/05/2026, 2:52:14 AM [32m    LOG[39m [38;5;3m[RouterExplorer] [39m[32mMapped {/admin/seats, GET} route[39m[38;5;3m +0ms[39m
[32m[Nest] 280722  - [39m01/05/2026, 2:52:14 AM [32m    LOG[39m [38;5;3m[RouterExplorer] [39m[32mMapped {/admin/seats/:id, GET} route[39m[38;5;3m +0ms[39m
[32m[Nest] 280722  - [39m01/05/2026, 2:52:14 AM [32m    LOG[39m [38;5;3m[RouterExplorer] [39m[32mMapped {/admin/seats, POST} route[39m[38;5;3m +0ms[39m
[32m[Nest] 280722  - [39m01/05/2026, 2:52:14 AM [32m    LOG[39m [38;5;3m[RouterExplorer] [39m[32mMapped {/admin/seats/bulk, POST} route[39m[38;5;3m +0ms[39m
[32m[Nest] 280722  - [39m01/05/2026, 2:52:14 AM [32m    LOG[39m [38;5;3m[RouterExplorer] [39m[32mMapped {/admin/seats/:id, PUT} route[39m[38;5;3m +0ms[39m
[32m[Nest] 280722  - [39m01/05/2026, 2:52:14 AM [32m    LOG[39m [38;5;3m[RouterExplorer] [39m[32mMapped {/admin/seats/:id, DELETE} route[39m[38;5;3m +0ms[39m
[32m[Nest] 280722  - [39m01/05/2026, 2:52:14 AM [32m    LOG[39m [38;5;3m[RoutesResolver] [39m[32mSettingsController {/admin/settings}:[39m[38;5;3m +0ms[39m
[32m[Nest] 280722  - [39m01/05/2026, 2:52:14 AM [32m    LOG[39m [38;5;3m[RouterExplorer] [39m[32mMapped {/admin/settings, GET} route[39m[38;5;3m +0ms[39m
[32m[Nest] 280722  - [39m01/05/2026, 2:52:14 AM [32m    LOG[39m [38;5;3m[RouterExplorer] [39m[32mMapped {/admin/settings/:key, GET} route[39m[38;5;3m +0ms[39m
[32m[Nest] 280722  - [39m01/05/2026, 2:52:14 AM [32m    LOG[39m [38;5;3m[RouterExplorer] [39m[32mMapped {/admin/settings, POST} route[39m[38;5;3m +0ms[39m
[32m[Nest] 280722  - [39m01/05/2026, 2:52:14 AM [32m    LOG[39m [38;5;3m[RouterExplorer] [39m[32mMapped {/admin/settings/:key, PUT} route[39m[38;5;3m +0ms[39m
[32m[Nest] 280722  - [39m01/05/2026, 2:52:14 AM [32m    LOG[39m [38;5;3m[RouterExplorer] [39m[32mMapped {/admin/settings/:key, DELETE} route[39m[38;5;3m +0ms[39m
[32m[Nest] 280722  - [39m01/05/2026, 2:52:14 AM [32m    LOG[39m [38;5;3m[RoutesResolver] [39m[32mPaymentsController {/admin/payments}:[39m[38;5;3m +0ms[39m
[32m[Nest] 280722  - [39m01/05/2026, 2:52:14 AM [32m    LOG[39m [38;5;3m[RouterExplorer] [39m[32mMapped {/admin/payments/stats, GET} route[39m[38;5;3m +0ms[39m
[32m[Nest] 280722  - [39m01/05/2026, 2:52:14 AM [32m    LOG[39m [38;5;3m[RouterExplorer] [39m[32mMapped {/admin/payments, GET} route[39m[38;5;3m +0ms[39m
[32m[Nest] 280722  - [39m01/05/2026, 2:52:14 AM [32m    LOG[39m [38;5;3m[RouterExplorer] [39m[32mMapped {/admin/payments/:id, GET} route[39m[38;5;3m +0ms[39m
[32m[Nest] 280722  - [39m01/05/2026, 2:52:14 AM [32m    LOG[39m [38;5;3m[NestApplication] [39m[32mNest application successfully started[39m[38;5;3m +50ms[39m
🚀 Admin Service is running on: http://localhost:3010
📚 Swagger documentation: http://localhost:3010/api/docs
🔐 Admin operations - requires ADMIN role
[INFO] 02:53:00 Restarting: /home/bayajidswe/My-files/my-projects/jatra-railway/apps/admin-service/src/journeys/journeys.service.ts has been modified
[32m[Nest] 281510  - [39m01/05/2026, 2:53:01 AM [32m    LOG[39m [38;5;3m[NestFactory] [39m[32mStarting Nest application...[39m
[32m[Nest] 281510  - [39m01/05/2026, 2:53:01 AM [32m    LOG[39m [38;5;3m[InstanceLoader] [39m[32mAppModule dependencies initialized[39m[38;5;3m +10ms[39m
[32m[Nest] 281510  - [39m01/05/2026, 2:53:01 AM [32m    LOG[39m [38;5;3m[InstanceLoader] [39m[32mPrismaModule dependencies initialized[39m[38;5;3m +0ms[39m
[32m[Nest] 281510  - [39m01/05/2026, 2:53:01 AM [32m    LOG[39m [38;5;3m[InstanceLoader] [39m[32mConfigHostModule dependencies initialized[39m[38;5;3m +0ms[39m
[32m[Nest] 281510  - [39m01/05/2026, 2:53:01 AM [32m    LOG[39m [38;5;3m[InstanceLoader] [39m[32mTrainsModule dependencies initialized[39m[38;5;3m +1ms[39m
[32m[Nest] 281510  - [39m01/05/2026, 2:53:01 AM [32m    LOG[39m [38;5;3m[InstanceLoader] [39m[32mRoutesModule dependencies initialized[39m[38;5;3m +0ms[39m
[32m[Nest] 281510  - [39m01/05/2026, 2:53:01 AM [32m    LOG[39m [38;5;3m[InstanceLoader] [39m[32mJourneysModule dependencies initialized[39m[38;5;3m +0ms[39m
[32m[Nest] 281510  - [39m01/05/2026, 2:53:01 AM [32m    LOG[39m [38;5;3m[InstanceLoader] [39m[32mStationsModule dependencies initialized[39m[38;5;3m +0ms[39m
[32m[Nest] 281510  - [39m01/05/2026, 2:53:01 AM [32m    LOG[39m [38;5;3m[InstanceLoader] [39m[32mUsersModule dependencies initialized[39m[38;5;3m +0ms[39m
[32m[Nest] 281510  - [39m01/05/2026, 2:53:01 AM [32m    LOG[39m [38;5;3m[InstanceLoader] [39m[32mBookingsModule dependencies initialized[39m[38;5;3m +0ms[39m
[32m[Nest] 281510  - [39m01/05/2026, 2:53:01 AM [32m    LOG[39m [38;5;3m[InstanceLoader] [39m[32mStatsModule dependencies initialized[39m[38;5;3m +0ms[39m
[32m[Nest] 281510  - [39m01/05/2026, 2:53:01 AM [32m    LOG[39m [38;5;3m[InstanceLoader] [39m[32mConfigModule dependencies initialized[39m[38;5;3m +0ms[39m
[32m[Nest] 281510  - [39m01/05/2026, 2:53:01 AM [32m    LOG[39m [38;5;3m[InstanceLoader] [39m[32mCoachesModule dependencies initialized[39m[38;5;3m +0ms[39m
[32m[Nest] 281510  - [39m01/05/2026, 2:53:01 AM [32m    LOG[39m [38;5;3m[InstanceLoader] [39m[32mSeatsModule dependencies initialized[39m[38;5;3m +0ms[39m
[32m[Nest] 281510  - [39m01/05/2026, 2:53:01 AM [32m    LOG[39m [38;5;3m[InstanceLoader] [39m[32mSettingsModule dependencies initialized[39m[38;5;3m +0ms[39m
[32m[Nest] 281510  - [39m01/05/2026, 2:53:01 AM [32m    LOG[39m [38;5;3m[InstanceLoader] [39m[32mPaymentsModule dependencies initialized[39m[38;5;3m +0ms[39m
[32m[Nest] 281510  - [39m01/05/2026, 2:53:01 AM [32m    LOG[39m [38;5;3m[RoutesResolver] [39m[32mTrainsController {/admin/trains}:[39m[38;5;3m +25ms[39m
[32m[Nest] 281510  - [39m01/05/2026, 2:53:01 AM [32m    LOG[39m [38;5;3m[RouterExplorer] [39m[32mMapped {/admin/trains, GET} route[39m[38;5;3m +1ms[39m
[32m[Nest] 281510  - [39m01/05/2026, 2:53:01 AM [32m    LOG[39m [38;5;3m[RouterExplorer] [39m[32mMapped {/admin/trains/:id, GET} route[39m[38;5;3m +1ms[39m
[32m[Nest] 281510  - [39m01/05/2026, 2:53:01 AM [32m    LOG[39m [38;5;3m[RouterExplorer] [39m[32mMapped {/admin/trains, POST} route[39m[38;5;3m +0ms[39m
[32m[Nest] 281510  - [39m01/05/2026, 2:53:01 AM [32m    LOG[39m [38;5;3m[RouterExplorer] [39m[32mMapped {/admin/trains/:id, PUT} route[39m[38;5;3m +0ms[39m
[32m[Nest] 281510  - [39m01/05/2026, 2:53:01 AM [32m    LOG[39m [38;5;3m[RouterExplorer] [39m[32mMapped {/admin/trains/:id, DELETE} route[39m[38;5;3m +0ms[39m
[32m[Nest] 281510  - [39m01/05/2026, 2:53:01 AM [32m    LOG[39m [38;5;3m[RoutesResolver] [39m[32mRoutesController {/admin/routes}:[39m[38;5;3m +0ms[39m
[32m[Nest] 281510  - [39m01/05/2026, 2:53:01 AM [32m    LOG[39m [38;5;3m[RouterExplorer] [39m[32mMapped {/admin/routes, GET} route[39m[38;5;3m +0ms[39m
[32m[Nest] 281510  - [39m01/05/2026, 2:53:01 AM [32m    LOG[39m [38;5;3m[RouterExplorer] [39m[32mMapped {/admin/routes/:id, GET} route[39m[38;5;3m +0ms[39m
[32m[Nest] 281510  - [39m01/05/2026, 2:53:01 AM [32m    LOG[39m [38;5;3m[RouterExplorer] [39m[32mMapped {/admin/routes, POST} route[39m[38;5;3m +1ms[39m
[32m[Nest] 281510  - [39m01/05/2026, 2:53:01 AM [32m    LOG[39m [38;5;3m[RouterExplorer] [39m[32mMapped {/admin/routes/:id, PATCH} route[39m[38;5;3m +0ms[39m
[32m[Nest] 281510  - [39m01/05/2026, 2:53:01 AM [32m    LOG[39m [38;5;3m[RouterExplorer] [39m[32mMapped {/admin/routes/:id, DELETE} route[39m[38;5;3m +0ms[39m
[32m[Nest] 281510  - [39m01/05/2026, 2:53:01 AM [32m    LOG[39m [38;5;3m[RoutesResolver] [39m[32mJourneysController {/admin/journeys}:[39m[38;5;3m +0ms[39m
[32m[Nest] 281510  - [39m01/05/2026, 2:53:01 AM [32m    LOG[39m [38;5;3m[RouterExplorer] [39m[32mMapped {/admin/journeys, GET} route[39m[38;5;3m +0ms[39m
[32m[Nest] 281510  - [39m01/05/2026, 2:53:01 AM [32m    LOG[39m [38;5;3m[RouterExplorer] [39m[32mMapped {/admin/journeys/:id, GET} route[39m[38;5;3m +0ms[39m
[32m[Nest] 281510  - [39m01/05/2026, 2:53:01 AM [32m    LOG[39m [38;5;3m[RoutesResolver] [39m[32mStationsController {/admin/stations}:[39m[38;5;3m +0ms[39m
[32m[Nest] 281510  - [39m01/05/2026, 2:53:01 AM [32m    LOG[39m [38;5;3m[RouterExplorer] [39m[32mMapped {/admin/stations, GET} route[39m[38;5;3m +0ms[39m
[32m[Nest] 281510  - [39m01/05/2026, 2:53:01 AM [32m    LOG[39m [38;5;3m[RouterExplorer] [39m[32mMapped {/admin/stations/:id, GET} route[39m[38;5;3m +0ms[39m
[32m[Nest] 281510  - [39m01/05/2026, 2:53:01 AM [32m    LOG[39m [38;5;3m[RouterExplorer] [39m[32mMapped {/admin/stations, POST} route[39m[38;5;3m +0ms[39m
[32m[Nest] 281510  - [39m01/05/2026, 2:53:01 AM [32m    LOG[39m [38;5;3m[RouterExplorer] [39m[32mMapped {/admin/stations/:id, PATCH} route[39m[38;5;3m +1ms[39m
[32m[Nest] 281510  - [39m01/05/2026, 2:53:01 AM [32m    LOG[39m [38;5;3m[RouterExplorer] [39m[32mMapped {/admin/stations/:id, DELETE} route[39m[38;5;3m +0ms[39m
[32m[Nest] 281510  - [39m01/05/2026, 2:53:01 AM [32m    LOG[39m [38;5;3m[RoutesResolver] [39m[32mUsersController {/admin/users}:[39m[38;5;3m +0ms[39m
[32m[Nest] 281510  - [39m01/05/2026, 2:53:01 AM [32m    LOG[39m [38;5;3m[RouterExplorer] [39m[32mMapped {/admin/users, GET} route[39m[38;5;3m +0ms[39m
[32m[Nest] 281510  - [39m01/05/2026, 2:53:01 AM [32m    LOG[39m [38;5;3m[RouterExplorer] [39m[32mMapped {/admin/users/:id, GET} route[39m[38;5;3m +0ms[39m
[32m[Nest] 281510  - [39m01/05/2026, 2:53:01 AM [32m    LOG[39m [38;5;3m[RoutesResolver] [39m[32mBookingsController {/admin/bookings}:[39m[38;5;3m +0ms[39m
[32m[Nest] 281510  - [39m01/05/2026, 2:53:01 AM [32m    LOG[39m [38;5;3m[RouterExplorer] [39m[32mMapped {/admin/bookings, GET} route[39m[38;5;3m +0ms[39m
[32m[Nest] 281510  - [39m01/05/2026, 2:53:01 AM [32m    LOG[39m [38;5;3m[RouterExplorer] [39m[32mMapped {/admin/bookings/:id, GET} route[39m[38;5;3m +0ms[39m
[32m[Nest] 281510  - [39m01/05/2026, 2:53:01 AM [32m    LOG[39m [38;5;3m[RoutesResolver] [39m[32mStatsController {/admin/stats}:[39m[38;5;3m +0ms[39m
[32m[Nest] 281510  - [39m01/05/2026, 2:53:01 AM [32m    LOG[39m [38;5;3m[RouterExplorer] [39m[32mMapped {/admin/stats/dashboard, GET} route[39m[38;5;3m +0ms[39m
[32m[Nest] 281510  - [39m01/05/2026, 2:53:01 AM [32m    LOG[39m [38;5;3m[RoutesResolver] [39m[32mCoachesController {/admin/coaches}:[39m[38;5;3m +0ms[39m
[32m[Nest] 281510  - [39m01/05/2026, 2:53:01 AM [32m    LOG[39m [38;5;3m[RouterExplorer] [39m[32mMapped {/admin/coaches, GET} route[39m[38;5;3m +0ms[39m
[32m[Nest] 281510  - [39m01/05/2026, 2:53:01 AM [32m    LOG[39m [38;5;3m[RouterExplorer] [39m[32mMapped {/admin/coaches/:id, GET} route[39m[38;5;3m +0ms[39m
[32m[Nest] 281510  - [39m01/05/2026, 2:53:01 AM [32m    LOG[39m [38;5;3m[RouterExplorer] [39m[32mMapped {/admin/coaches, POST} route[39m[38;5;3m +0ms[39m
[32m[Nest] 281510  - [39m01/05/2026, 2:53:01 AM [32m    LOG[39m [38;5;3m[RouterExplorer] [39m[32mMapped {/admin/coaches/:id, PUT} route[39m[38;5;3m +0ms[39m
[32m[Nest] 281510  - [39m01/05/2026, 2:53:01 AM [32m    LOG[39m [38;5;3m[RouterExplorer] [39m[32mMapped {/admin/coaches/:id, DELETE} route[39m[38;5;3m +0ms[39m
[32m[Nest] 281510  - [39m01/05/2026, 2:53:01 AM [32m    LOG[39m [38;5;3m[RoutesResolver] [39m[32mSeatsController {/admin/seats}:[39m[38;5;3m +0ms[39m
[32m[Nest] 281510  - [39m01/05/2026, 2:53:01 AM [32m    LOG[39m [38;5;3m[RouterExplorer] [39m[32mMapped {/admin/seats, GET} route[39m[38;5;3m +0ms[39m
[32m[Nest] 281510  - [39m01/05/2026, 2:53:01 AM [32m    LOG[39m [38;5;3m[RouterExplorer] [39m[32mMapped {/admin/seats/:id, GET} route[39m[38;5;3m +0ms[39m
[32m[Nest] 281510  - [39m01/05/2026, 2:53:01 AM [32m    LOG[39m [38;5;3m[RouterExplorer] [39m[32mMapped {/admin/seats, POST} route[39m[38;5;3m +0ms[39m
[32m[Nest] 281510  - [39m01/05/2026, 2:53:01 AM [32m    LOG[39m [38;5;3m[RouterExplorer] [39m[32mMapped {/admin/seats/bulk, POST} route[39m[38;5;3m +0ms[39m
[32m[Nest] 281510  - [39m01/05/2026, 2:53:01 AM [32m    LOG[39m [38;5;3m[RouterExplorer] [39m[32mMapped {/admin/seats/:id, PUT} route[39m[38;5;3m +0ms[39m
[32m[Nest] 281510  - [39m01/05/2026, 2:53:01 AM [32m    LOG[39m [38;5;3m[RouterExplorer] [39m[32mMapped {/admin/seats/:id, DELETE} route[39m[38;5;3m +1ms[39m
[32m[Nest] 281510  - [39m01/05/2026, 2:53:01 AM [32m    LOG[39m [38;5;3m[RoutesResolver] [39m[32mSettingsController {/admin/settings}:[39m[38;5;3m +0ms[39m
[32m[Nest] 281510  - [39m01/05/2026, 2:53:01 AM [32m    LOG[39m [38;5;3m[RouterExplorer] [39m[32mMapped {/admin/settings, GET} route[39m[38;5;3m +0ms[39m
[32m[Nest] 281510  - [39m01/05/2026, 2:53:01 AM [32m    LOG[39m [38;5;3m[RouterExplorer] [39m[32mMapped {/admin/settings/:key, GET} route[39m[38;5;3m +0ms[39m
[32m[Nest] 281510  - [39m01/05/2026, 2:53:01 AM [32m    LOG[39m [38;5;3m[RouterExplorer] [39m[32mMapped {/admin/settings, POST} route[39m[38;5;3m +0ms[39m
[32m[Nest] 281510  - [39m01/05/2026, 2:53:01 AM [32m    LOG[39m [38;5;3m[RouterExplorer] [39m[32mMapped {/admin/settings/:key, PUT} route[39m[38;5;3m +0ms[39m
[32m[Nest] 281510  - [39m01/05/2026, 2:53:01 AM [32m    LOG[39m [38;5;3m[RouterExplorer] [39m[32mMapped {/admin/settings/:key, DELETE} route[39m[38;5;3m +0ms[39m
[32m[Nest] 281510  - [39m01/05/2026, 2:53:01 AM [32m    LOG[39m [38;5;3m[RoutesResolver] [39m[32mPaymentsController {/admin/payments}:[39m[38;5;3m +0ms[39m
[32m[Nest] 281510  - [39m01/05/2026, 2:53:01 AM [32m    LOG[39m [38;5;3m[RouterExplorer] [39m[32mMapped {/admin/payments/stats, GET} route[39m[38;5;3m +0ms[39m
[32m[Nest] 281510  - [39m01/05/2026, 2:53:01 AM [32m    LOG[39m [38;5;3m[RouterExplorer] [39m[32mMapped {/admin/payments, GET} route[39m[38;5;3m +0ms[39m
[32m[Nest] 281510  - [39m01/05/2026, 2:53:01 AM [32m    LOG[39m [38;5;3m[RouterExplorer] [39m[32mMapped {/admin/payments/:id, GET} route[39m[38;5;3m +0ms[39m
[32m[Nest] 281510  - [39m01/05/2026, 2:53:01 AM [32m    LOG[39m [38;5;3m[NestApplication] [39m[32mNest application successfully started[39m[38;5;3m +69ms[39m
🚀 Admin Service is running on: http://localhost:3010
📚 Swagger documentation: http://localhost:3010/api/docs
🔐 Admin operations - requires ADMIN role
[INFO] 02:53:02 Restarting: /home/bayajidswe/My-files/my-projects/jatra-railway/apps/admin-service/src/journeys/journeys.controller.ts has been modified
ReferenceError: Post is not defined
    at Object.<anonymous> (/home/bayajidswe/My-files/my-projects/jatra-railway/apps/admin-service/src/journeys/journeys.controller.ts:28:9)
    at Module._compile (node:internal/modules/cjs/loader:1529:14)
    at Module._compile (/home/bayajidswe/My-files/my-projects/jatra-railway/node_modules/.pnpm/source-map-support@0.5.21/node_modules/source-map-support/source-map-support.js:568:25)
    at Module.m._compile (/tmp/ts-node-dev-hook-2914869903142008.js:69:33)
    at Module._extensions..js (node:internal/modules/cjs/loader:1613:10)
    at require.extensions..jsx.require.extensions..js (/tmp/ts-node-dev-hook-2914869903142008.js:114:20)
    at require.extensions.<computed> (/tmp/ts-node-dev-hook-2914869903142008.js:71:20)
    at Object.nodeDevHook [as .ts] (/home/bayajidswe/My-files/my-projects/jatra-railway/node_modules/.pnpm/ts-node-dev@2.0.0_@types+node@20.19.25_typescript@5.9.3/node_modules/ts-node-dev/lib/hook.js:63:13)
    at Module.load (node:internal/modules/cjs/loader:1275:32)
    at Function.Module._load (node:internal/modules/cjs/loader:1096:12)
[ERROR] 02:53:03 ReferenceError: Post is not defined
[INFO] 02:53:04 Restarting: /home/bayajidswe/My-files/my-projects/jatra-railway/apps/admin-service/src/journeys/journeys.controller.ts has been modified
[32m[Nest] 281631  - [39m01/05/2026, 2:53:04 AM [32m    LOG[39m [38;5;3m[NestFactory] [39m[32mStarting Nest application...[39m
[32m[Nest] 281631  - [39m01/05/2026, 2:53:04 AM [32m    LOG[39m [38;5;3m[InstanceLoader] [39m[32mAppModule dependencies initialized[39m[38;5;3m +16ms[39m
[32m[Nest] 281631  - [39m01/05/2026, 2:53:04 AM [32m    LOG[39m [38;5;3m[InstanceLoader] [39m[32mPrismaModule dependencies initialized[39m[38;5;3m +0ms[39m
[32m[Nest] 281631  - [39m01/05/2026, 2:53:04 AM [32m    LOG[39m [38;5;3m[InstanceLoader] [39m[32mConfigHostModule dependencies initialized[39m[38;5;3m +1ms[39m
[32m[Nest] 281631  - [39m01/05/2026, 2:53:04 AM [32m    LOG[39m [38;5;3m[InstanceLoader] [39m[32mTrainsModule dependencies initialized[39m[38;5;3m +0ms[39m
[32m[Nest] 281631  - [39m01/05/2026, 2:53:04 AM [32m    LOG[39m [38;5;3m[InstanceLoader] [39m[32mRoutesModule dependencies initialized[39m[38;5;3m +0ms[39m
[32m[Nest] 281631  - [39m01/05/2026, 2:53:04 AM [32m    LOG[39m [38;5;3m[InstanceLoader] [39m[32mJourneysModule dependencies initialized[39m[38;5;3m +0ms[39m
[32m[Nest] 281631  - [39m01/05/2026, 2:53:04 AM [32m    LOG[39m [38;5;3m[InstanceLoader] [39m[32mStationsModule dependencies initialized[39m[38;5;3m +0ms[39m
[32m[Nest] 281631  - [39m01/05/2026, 2:53:04 AM [32m    LOG[39m [38;5;3m[InstanceLoader] [39m[32mUsersModule dependencies initialized[39m[38;5;3m +0ms[39m
[32m[Nest] 281631  - [39m01/05/2026, 2:53:04 AM [32m    LOG[39m [38;5;3m[InstanceLoader] [39m[32mBookingsModule dependencies initialized[39m[38;5;3m +0ms[39m
[32m[Nest] 281631  - [39m01/05/2026, 2:53:04 AM [32m    LOG[39m [38;5;3m[InstanceLoader] [39m[32mStatsModule dependencies initialized[39m[38;5;3m +0ms[39m
[32m[Nest] 281631  - [39m01/05/2026, 2:53:04 AM [32m    LOG[39m [38;5;3m[InstanceLoader] [39m[32mConfigModule dependencies initialized[39m[38;5;3m +0ms[39m
[32m[Nest] 281631  - [39m01/05/2026, 2:53:04 AM [32m    LOG[39m [38;5;3m[InstanceLoader] [39m[32mCoachesModule dependencies initialized[39m[38;5;3m +0ms[39m
[32m[Nest] 281631  - [39m01/05/2026, 2:53:04 AM [32m    LOG[39m [38;5;3m[InstanceLoader] [39m[32mSeatsModule dependencies initialized[39m[38;5;3m +1ms[39m
[32m[Nest] 281631  - [39m01/05/2026, 2:53:04 AM [32m    LOG[39m [38;5;3m[InstanceLoader] [39m[32mSettingsModule dependencies initialized[39m[38;5;3m +0ms[39m
[32m[Nest] 281631  - [39m01/05/2026, 2:53:04 AM [32m    LOG[39m [38;5;3m[InstanceLoader] [39m[32mPaymentsModule dependencies initialized[39m[38;5;3m +0ms[39m
[32m[Nest] 281631  - [39m01/05/2026, 2:53:04 AM [32m    LOG[39m [38;5;3m[RoutesResolver] [39m[32mTrainsController {/admin/trains}:[39m[38;5;3m +20ms[39m
[32m[Nest] 281631  - [39m01/05/2026, 2:53:04 AM [32m    LOG[39m [38;5;3m[RouterExplorer] [39m[32mMapped {/admin/trains, GET} route[39m[38;5;3m +2ms[39m
[32m[Nest] 281631  - [39m01/05/2026, 2:53:04 AM [32m    LOG[39m [38;5;3m[RouterExplorer] [39m[32mMapped {/admin/trains/:id, GET} route[39m[38;5;3m +0ms[39m
[32m[Nest] 281631  - [39m01/05/2026, 2:53:04 AM [32m    LOG[39m [38;5;3m[RouterExplorer] [39m[32mMapped {/admin/trains, POST} route[39m[38;5;3m +0ms[39m
[32m[Nest] 281631  - [39m01/05/2026, 2:53:04 AM [32m    LOG[39m [38;5;3m[RouterExplorer] [39m[32mMapped {/admin/trains/:id, PUT} route[39m[38;5;3m +0ms[39m
[32m[Nest] 281631  - [39m01/05/2026, 2:53:04 AM [32m    LOG[39m [38;5;3m[RouterExplorer] [39m[32mMapped {/admin/trains/:id, DELETE} route[39m[38;5;3m +0ms[39m
[32m[Nest] 281631  - [39m01/05/2026, 2:53:04 AM [32m    LOG[39m [38;5;3m[RoutesResolver] [39m[32mRoutesController {/admin/routes}:[39m[38;5;3m +0ms[39m
[32m[Nest] 281631  - [39m01/05/2026, 2:53:04 AM [32m    LOG[39m [38;5;3m[RouterExplorer] [39m[32mMapped {/admin/routes, GET} route[39m[38;5;3m +1ms[39m
[32m[Nest] 281631  - [39m01/05/2026, 2:53:04 AM [32m    LOG[39m [38;5;3m[RouterExplorer] [39m[32mMapped {/admin/routes/:id, GET} route[39m[38;5;3m +0ms[39m
[32m[Nest] 281631  - [39m01/05/2026, 2:53:04 AM [32m    LOG[39m [38;5;3m[RouterExplorer] [39m[32mMapped {/admin/routes, POST} route[39m[38;5;3m +0ms[39m
[32m[Nest] 281631  - [39m01/05/2026, 2:53:04 AM [32m    LOG[39m [38;5;3m[RouterExplorer] [39m[32mMapped {/admin/routes/:id, PATCH} route[39m[38;5;3m +0ms[39m
[32m[Nest] 281631  - [39m01/05/2026, 2:53:04 AM [32m    LOG[39m [38;5;3m[RouterExplorer] [39m[32mMapped {/admin/routes/:id, DELETE} route[39m[38;5;3m +0ms[39m
[32m[Nest] 281631  - [39m01/05/2026, 2:53:04 AM [32m    LOG[39m [38;5;3m[RoutesResolver] [39m[32mJourneysController {/admin/journeys}:[39m[38;5;3m +0ms[39m
[32m[Nest] 281631  - [39m01/05/2026, 2:53:04 AM [32m    LOG[39m [38;5;3m[RouterExplorer] [39m[32mMapped {/admin/journeys, GET} route[39m[38;5;3m +1ms[39m
[32m[Nest] 281631  - [39m01/05/2026, 2:53:04 AM [32m    LOG[39m [38;5;3m[RouterExplorer] [39m[32mMapped {/admin/journeys/:id, GET} route[39m[38;5;3m +0ms[39m
[32m[Nest] 281631  - [39m01/05/2026, 2:53:04 AM [32m    LOG[39m [38;5;3m[RouterExplorer] [39m[32mMapped {/admin/journeys, POST} route[39m[38;5;3m +0ms[39m
[32m[Nest] 281631  - [39m01/05/2026, 2:53:04 AM [32m    LOG[39m [38;5;3m[RouterExplorer] [39m[32mMapped {/admin/journeys/:id, PATCH} route[39m[38;5;3m +0ms[39m
[32m[Nest] 281631  - [39m01/05/2026, 2:53:04 AM [32m    LOG[39m [38;5;3m[RouterExplorer] [39m[32mMapped {/admin/journeys/:id, DELETE} route[39m[38;5;3m +0ms[39m
[32m[Nest] 281631  - [39m01/05/2026, 2:53:04 AM [32m    LOG[39m [38;5;3m[RoutesResolver] [39m[32mStationsController {/admin/stations}:[39m[38;5;3m +0ms[39m
[32m[Nest] 281631  - [39m01/05/2026, 2:53:04 AM [32m    LOG[39m [38;5;3m[RouterExplorer] [39m[32mMapped {/admin/stations, GET} route[39m[38;5;3m +0ms[39m
[32m[Nest] 281631  - [39m01/05/2026, 2:53:04 AM [32m    LOG[39m [38;5;3m[RouterExplorer] [39m[32mMapped {/admin/stations/:id, GET} route[39m[38;5;3m +0ms[39m
[32m[Nest] 281631  - [39m01/05/2026, 2:53:04 AM [32m    LOG[39m [38;5;3m[RouterExplorer] [39m[32mMapped {/admin/stations, POST} route[39m[38;5;3m +0ms[39m
[32m[Nest] 281631  - [39m01/05/2026, 2:53:04 AM [32m    LOG[39m [38;5;3m[RouterExplorer] [39m[32mMapped {/admin/stations/:id, PATCH} route[39m[38;5;3m +0ms[39m
[32m[Nest] 281631  - [39m01/05/2026, 2:53:04 AM [32m    LOG[39m [38;5;3m[RouterExplorer] [39m[32mMapped {/admin/stations/:id, DELETE} route[39m[38;5;3m +0ms[39m
[32m[Nest] 281631  - [39m01/05/2026, 2:53:04 AM [32m    LOG[39m [38;5;3m[RoutesResolver] [39m[32mUsersController {/admin/users}:[39m[38;5;3m +0ms[39m
[32m[Nest] 281631  - [39m01/05/2026, 2:53:04 AM [32m    LOG[39m [38;5;3m[RouterExplorer] [39m[32mMapped {/admin/users, GET} route[39m[38;5;3m +0ms[39m
[32m[Nest] 281631  - [39m01/05/2026, 2:53:04 AM [32m    LOG[39m [38;5;3m[RouterExplorer] [39m[32mMapped {/admin/users/:id, GET} route[39m[38;5;3m +0ms[39m
[32m[Nest] 281631  - [39m01/05/2026, 2:53:04 AM [32m    LOG[39m [38;5;3m[RoutesResolver] [39m[32mBookingsController {/admin/bookings}:[39m[38;5;3m +0ms[39m
[32m[Nest] 281631  - [39m01/05/2026, 2:53:04 AM [32m    LOG[39m [38;5;3m[RouterExplorer] [39m[32mMapped {/admin/bookings, GET} route[39m[38;5;3m +1ms[39m
[32m[Nest] 281631  - [39m01/05/2026, 2:53:04 AM [32m    LOG[39m [38;5;3m[RouterExplorer] [39m[32mMapped {/admin/bookings/:id, GET} route[39m[38;5;3m +0ms[39m
[32m[Nest] 281631  - [39m01/05/2026, 2:53:04 AM [32m    LOG[39m [38;5;3m[RoutesResolver] [39m[32mStatsController {/admin/stats}:[39m[38;5;3m +0ms[39m
[32m[Nest] 281631  - [39m01/05/2026, 2:53:04 AM [32m    LOG[39m [38;5;3m[RouterExplorer] [39m[32mMapped {/admin/stats/dashboard, GET} route[39m[38;5;3m +0ms[39m
[32m[Nest] 281631  - [39m01/05/2026, 2:53:04 AM [32m    LOG[39m [38;5;3m[RoutesResolver] [39m[32mCoachesController {/admin/coaches}:[39m[38;5;3m +0ms[39m
[32m[Nest] 281631  - [39m01/05/2026, 2:53:04 AM [32m    LOG[39m [38;5;3m[RouterExplorer] [39m[32mMapped {/admin/coaches, GET} route[39m[38;5;3m +0ms[39m
[32m[Nest] 281631  - [39m01/05/2026, 2:53:04 AM [32m    LOG[39m [38;5;3m[RouterExplorer] [39m[32mMapped {/admin/coaches/:id, GET} route[39m[38;5;3m +0ms[39m
[32m[Nest] 281631  - [39m01/05/2026, 2:53:04 AM [32m    LOG[39m [38;5;3m[RouterExplorer] [39m[32mMapped {/admin/coaches, POST} route[39m[38;5;3m +0ms[39m
[32m[Nest] 281631  - [39m01/05/2026, 2:53:04 AM [32m    LOG[39m [38;5;3m[RouterExplorer] [39m[32mMapped {/admin/coaches/:id, PUT} route[39m[38;5;3m +0ms[39m
[32m[Nest] 281631  - [39m01/05/2026, 2:53:04 AM [32m    LOG[39m [38;5;3m[RouterExplorer] [39m[32mMapped {/admin/coaches/:id, DELETE} route[39m[38;5;3m +0ms[39m
[32m[Nest] 281631  - [39m01/05/2026, 2:53:04 AM [32m    LOG[39m [38;5;3m[RoutesResolver] [39m[32mSeatsController {/admin/seats}:[39m[38;5;3m +0ms[39m
[32m[Nest] 281631  - [39m01/05/2026, 2:53:04 AM [32m    LOG[39m [38;5;3m[RouterExplorer] [39m[32mMapped {/admin/seats, GET} route[39m[38;5;3m +0ms[39m
[32m[Nest] 281631  - [39m01/05/2026, 2:53:04 AM [32m    LOG[39m [38;5;3m[RouterExplorer] [39m[32mMapped {/admin/seats/:id, GET} route[39m[38;5;3m +0ms[39m
[32m[Nest] 281631  - [39m01/05/2026, 2:53:04 AM [32m    LOG[39m [38;5;3m[RouterExplorer] [39m[32mMapped {/admin/seats, POST} route[39m[38;5;3m +0ms[39m
[32m[Nest] 281631  - [39m01/05/2026, 2:53:04 AM [32m    LOG[39m [38;5;3m[RouterExplorer] [39m[32mMapped {/admin/seats/bulk, POST} route[39m[38;5;3m +0ms[39m
[32m[Nest] 281631  - [39m01/05/2026, 2:53:04 AM [32m    LOG[39m [38;5;3m[RouterExplorer] [39m[32mMapped {/admin/seats/:id, PUT} route[39m[38;5;3m +0ms[39m
[32m[Nest] 281631  - [39m01/05/2026, 2:53:04 AM [32m    LOG[39m [38;5;3m[RouterExplorer] [39m[32mMapped {/admin/seats/:id, DELETE} route[39m[38;5;3m +0ms[39m
[32m[Nest] 281631  - [39m01/05/2026, 2:53:04 AM [32m    LOG[39m [38;5;3m[RoutesResolver] [39m[32mSettingsController {/admin/settings}:[39m[38;5;3m +0ms[39m
[32m[Nest] 281631  - [39m01/05/2026, 2:53:04 AM [32m    LOG[39m [38;5;3m[RouterExplorer] [39m[32mMapped {/admin/settings, GET} route[39m[38;5;3m +0ms[39m
[32m[Nest] 281631  - [39m01/05/2026, 2:53:04 AM [32m    LOG[39m [38;5;3m[RouterExplorer] [39m[32mMapped {/admin/settings/:key, GET} route[39m[38;5;3m +0ms[39m
[32m[Nest] 281631  - [39m01/05/2026, 2:53:04 AM [32m    LOG[39m [38;5;3m[RouterExplorer] [39m[32mMapped {/admin/settings, POST} route[39m[38;5;3m +0ms[39m
[32m[Nest] 281631  - [39m01/05/2026, 2:53:04 AM [32m    LOG[39m [38;5;3m[RouterExplorer] [39m[32mMapped {/admin/settings/:key, PUT} route[39m[38;5;3m +0ms[39m
[32m[Nest] 281631  - [39m01/05/2026, 2:53:04 AM [32m    LOG[39m [38;5;3m[RouterExplorer] [39m[32mMapped {/admin/settings/:key, DELETE} route[39m[38;5;3m +1ms[39m
[32m[Nest] 281631  - [39m01/05/2026, 2:53:04 AM [32m    LOG[39m [38;5;3m[RoutesResolver] [39m[32mPaymentsController {/admin/payments}:[39m[38;5;3m +0ms[39m
[32m[Nest] 281631  - [39m01/05/2026, 2:53:04 AM [32m    LOG[39m [38;5;3m[RouterExplorer] [39m[32mMapped {/admin/payments/stats, GET} route[39m[38;5;3m +0ms[39m
[32m[Nest] 281631  - [39m01/05/2026, 2:53:04 AM [32m    LOG[39m [38;5;3m[RouterExplorer] [39m[32mMapped {/admin/payments, GET} route[39m[38;5;3m +0ms[39m
[32m[Nest] 281631  - [39m01/05/2026, 2:53:04 AM [32m    LOG[39m [38;5;3m[RouterExplorer] [39m[32mMapped {/admin/payments/:id, GET} route[39m[38;5;3m +0ms[39m
[32m[Nest] 281631  - [39m01/05/2026, 2:53:04 AM [32m    LOG[39m [38;5;3m[NestApplication] [39m[32mNest application successfully started[39m[38;5;3m +47ms[39m
🚀 Admin Service is running on: http://localhost:3010
📚 Swagger documentation: http://localhost:3010/api/docs
🔐 Admin operations - requires ADMIN role
[INFO] 02:55:40 Restarting: /home/bayajidswe/My-files/my-projects/jatra-railway/apps/admin-service/src/stations/stations.service.ts has been modified
[32m[Nest] 284250  - [39m01/05/2026, 2:55:40 AM [32m    LOG[39m [38;5;3m[NestFactory] [39m[32mStarting Nest application...[39m
[32m[Nest] 284250  - [39m01/05/2026, 2:55:40 AM [32m    LOG[39m [38;5;3m[InstanceLoader] [39m[32mAppModule dependencies initialized[39m[38;5;3m +10ms[39m
[32m[Nest] 284250  - [39m01/05/2026, 2:55:40 AM [32m    LOG[39m [38;5;3m[InstanceLoader] [39m[32mPrismaModule dependencies initialized[39m[38;5;3m +1ms[39m
[32m[Nest] 284250  - [39m01/05/2026, 2:55:40 AM [32m    LOG[39m [38;5;3m[InstanceLoader] [39m[32mConfigHostModule dependencies initialized[39m[38;5;3m +0ms[39m
[32m[Nest] 284250  - [39m01/05/2026, 2:55:40 AM [32m    LOG[39m [38;5;3m[InstanceLoader] [39m[32mTrainsModule dependencies initialized[39m[38;5;3m +0ms[39m
[32m[Nest] 284250  - [39m01/05/2026, 2:55:40 AM [32m    LOG[39m [38;5;3m[InstanceLoader] [39m[32mRoutesModule dependencies initialized[39m[38;5;3m +1ms[39m
[32m[Nest] 284250  - [39m01/05/2026, 2:55:40 AM [32m    LOG[39m [38;5;3m[InstanceLoader] [39m[32mJourneysModule dependencies initialized[39m[38;5;3m +0ms[39m
[32m[Nest] 284250  - [39m01/05/2026, 2:55:40 AM [32m    LOG[39m [38;5;3m[InstanceLoader] [39m[32mStationsModule dependencies initialized[39m[38;5;3m +0ms[39m
[32m[Nest] 284250  - [39m01/05/2026, 2:55:40 AM [32m    LOG[39m [38;5;3m[InstanceLoader] [39m[32mUsersModule dependencies initialized[39m[38;5;3m +0ms[39m
[32m[Nest] 284250  - [39m01/05/2026, 2:55:40 AM [32m    LOG[39m [38;5;3m[InstanceLoader] [39m[32mBookingsModule dependencies initialized[39m[38;5;3m +0ms[39m
[32m[Nest] 284250  - [39m01/05/2026, 2:55:40 AM [32m    LOG[39m [38;5;3m[InstanceLoader] [39m[32mStatsModule dependencies initialized[39m[38;5;3m +0ms[39m
[32m[Nest] 284250  - [39m01/05/2026, 2:55:40 AM [32m    LOG[39m [38;5;3m[InstanceLoader] [39m[32mConfigModule dependencies initialized[39m[38;5;3m +0ms[39m
[32m[Nest] 284250  - [39m01/05/2026, 2:55:40 AM [32m    LOG[39m [38;5;3m[InstanceLoader] [39m[32mCoachesModule dependencies initialized[39m[38;5;3m +0ms[39m
[32m[Nest] 284250  - [39m01/05/2026, 2:55:40 AM [32m    LOG[39m [38;5;3m[InstanceLoader] [39m[32mSeatsModule dependencies initialized[39m[38;5;3m +0ms[39m
[32m[Nest] 284250  - [39m01/05/2026, 2:55:40 AM [32m    LOG[39m [38;5;3m[InstanceLoader] [39m[32mSettingsModule dependencies initialized[39m[38;5;3m +0ms[39m
[32m[Nest] 284250  - [39m01/05/2026, 2:55:40 AM [32m    LOG[39m [38;5;3m[InstanceLoader] [39m[32mPaymentsModule dependencies initialized[39m[38;5;3m +0ms[39m
[32m[Nest] 284250  - [39m01/05/2026, 2:55:40 AM [32m    LOG[39m [38;5;3m[RoutesResolver] [39m[32mTrainsController {/admin/trains}:[39m[38;5;3m +20ms[39m
[32m[Nest] 284250  - [39m01/05/2026, 2:55:40 AM [32m    LOG[39m [38;5;3m[RouterExplorer] [39m[32mMapped {/admin/trains, GET} route[39m[38;5;3m +2ms[39m
[32m[Nest] 284250  - [39m01/05/2026, 2:55:40 AM [32m    LOG[39m [38;5;3m[RouterExplorer] [39m[32mMapped {/admin/trains/:id, GET} route[39m[38;5;3m +0ms[39m
[32m[Nest] 284250  - [39m01/05/2026, 2:55:40 AM [32m    LOG[39m [38;5;3m[RouterExplorer] [39m[32mMapped {/admin/trains, POST} route[39m[38;5;3m +0ms[39m
[32m[Nest] 284250  - [39m01/05/2026, 2:55:40 AM [32m    LOG[39m [38;5;3m[RouterExplorer] [39m[32mMapped {/admin/trains/:id, PUT} route[39m[38;5;3m +0ms[39m
[32m[Nest] 284250  - [39m01/05/2026, 2:55:40 AM [32m    LOG[39m [38;5;3m[RouterExplorer] [39m[32mMapped {/admin/trains/:id, DELETE} route[39m[38;5;3m +0ms[39m
[32m[Nest] 284250  - [39m01/05/2026, 2:55:40 AM [32m    LOG[39m [38;5;3m[RoutesResolver] [39m[32mRoutesController {/admin/routes}:[39m[38;5;3m +0ms[39m
[32m[Nest] 284250  - [39m01/05/2026, 2:55:40 AM [32m    LOG[39m [38;5;3m[RouterExplorer] [39m[32mMapped {/admin/routes, GET} route[39m[38;5;3m +1ms[39m
[32m[Nest] 284250  - [39m01/05/2026, 2:55:40 AM [32m    LOG[39m [38;5;3m[RouterExplorer] [39m[32mMapped {/admin/routes/:id, GET} route[39m[38;5;3m +0ms[39m
[32m[Nest] 284250  - [39m01/05/2026, 2:55:40 AM [32m    LOG[39m [38;5;3m[RouterExplorer] [39m[32mMapped {/admin/routes, POST} route[39m[38;5;3m +0ms[39m
[32m[Nest] 284250  - [39m01/05/2026, 2:55:40 AM [32m    LOG[39m [38;5;3m[RouterExplorer] [39m[32mMapped {/admin/routes/:id, PATCH} route[39m[38;5;3m +0ms[39m
[32m[Nest] 284250  - [39m01/05/2026, 2:55:40 AM [32m    LOG[39m [38;5;3m[RouterExplorer] [39m[32mMapped {/admin/routes/:id, DELETE} route[39m[38;5;3m +0ms[39m
[32m[Nest] 284250  - [39m01/05/2026, 2:55:40 AM [32m    LOG[39m [38;5;3m[RoutesResolver] [39m[32mJourneysController {/admin/journeys}:[39m[38;5;3m +0ms[39m
[32m[Nest] 284250  - [39m01/05/2026, 2:55:40 AM [32m    LOG[39m [38;5;3m[RouterExplorer] [39m[32mMapped {/admin/journeys, GET} route[39m[38;5;3m +1ms[39m
[32m[Nest] 284250  - [39m01/05/2026, 2:55:40 AM [32m    LOG[39m [38;5;3m[RouterExplorer] [39m[32mMapped {/admin/journeys/:id, GET} route[39m[38;5;3m +0ms[39m
[32m[Nest] 284250  - [39m01/05/2026, 2:55:40 AM [32m    LOG[39m [38;5;3m[RouterExplorer] [39m[32mMapped {/admin/journeys, POST} route[39m[38;5;3m +0ms[39m
[32m[Nest] 284250  - [39m01/05/2026, 2:55:40 AM [32m    LOG[39m [38;5;3m[RouterExplorer] [39m[32mMapped {/admin/journeys/:id, PATCH} route[39m[38;5;3m +0ms[39m
[32m[Nest] 284250  - [39m01/05/2026, 2:55:40 AM [32m    LOG[39m [38;5;3m[RouterExplorer] [39m[32mMapped {/admin/journeys/:id, DELETE} route[39m[38;5;3m +0ms[39m
[32m[Nest] 284250  - [39m01/05/2026, 2:55:40 AM [32m    LOG[39m [38;5;3m[RoutesResolver] [39m[32mStationsController {/admin/stations}:[39m[38;5;3m +0ms[39m
[32m[Nest] 284250  - [39m01/05/2026, 2:55:40 AM [32m    LOG[39m [38;5;3m[RouterExplorer] [39m[32mMapped {/admin/stations, GET} route[39m[38;5;3m +0ms[39m
[32m[Nest] 284250  - [39m01/05/2026, 2:55:40 AM [32m    LOG[39m [38;5;3m[RouterExplorer] [39m[32mMapped {/admin/stations/:id, GET} route[39m[38;5;3m +0ms[39m
[32m[Nest] 284250  - [39m01/05/2026, 2:55:40 AM [32m    LOG[39m [38;5;3m[RouterExplorer] [39m[32mMapped {/admin/stations, POST} route[39m[38;5;3m +0ms[39m
[32m[Nest] 284250  - [39m01/05/2026, 2:55:40 AM [32m    LOG[39m [38;5;3m[RouterExplorer] [39m[32mMapped {/admin/stations/:id, PATCH} route[39m[38;5;3m +0ms[39m
[32m[Nest] 284250  - [39m01/05/2026, 2:55:40 AM [32m    LOG[39m [38;5;3m[RouterExplorer] [39m[32mMapped {/admin/stations/:id, DELETE} route[39m[38;5;3m +0ms[39m
[32m[Nest] 284250  - [39m01/05/2026, 2:55:40 AM [32m    LOG[39m [38;5;3m[RoutesResolver] [39m[32mUsersController {/admin/users}:[39m[38;5;3m +0ms[39m
[32m[Nest] 284250  - [39m01/05/2026, 2:55:40 AM [32m    LOG[39m [38;5;3m[RouterExplorer] [39m[32mMapped {/admin/users, GET} route[39m[38;5;3m +0ms[39m
[32m[Nest] 284250  - [39m01/05/2026, 2:55:40 AM [32m    LOG[39m [38;5;3m[RouterExplorer] [39m[32mMapped {/admin/users/:id, GET} route[39m[38;5;3m +0ms[39m
[32m[Nest] 284250  - [39m01/05/2026, 2:55:40 AM [32m    LOG[39m [38;5;3m[RoutesResolver] [39m[32mBookingsController {/admin/bookings}:[39m[38;5;3m +1ms[39m
[32m[Nest] 284250  - [39m01/05/2026, 2:55:40 AM [32m    LOG[39m [38;5;3m[RouterExplorer] [39m[32mMapped {/admin/bookings, GET} route[39m[38;5;3m +0ms[39m
[32m[Nest] 284250  - [39m01/05/2026, 2:55:40 AM [32m    LOG[39m [38;5;3m[RouterExplorer] [39m[32mMapped {/admin/bookings/:id, GET} route[39m[38;5;3m +0ms[39m
[32m[Nest] 284250  - [39m01/05/2026, 2:55:40 AM [32m    LOG[39m [38;5;3m[RoutesResolver] [39m[32mStatsController {/admin/stats}:[39m[38;5;3m +0ms[39m
[32m[Nest] 284250  - [39m01/05/2026, 2:55:40 AM [32m    LOG[39m [38;5;3m[RouterExplorer] [39m[32mMapped {/admin/stats/dashboard, GET} route[39m[38;5;3m +0ms[39m
[32m[Nest] 284250  - [39m01/05/2026, 2:55:40 AM [32m    LOG[39m [38;5;3m[RoutesResolver] [39m[32mCoachesController {/admin/coaches}:[39m[38;5;3m +0ms[39m
[32m[Nest] 284250  - [39m01/05/2026, 2:55:40 AM [32m    LOG[39m [38;5;3m[RouterExplorer] [39m[32mMapped {/admin/coaches, GET} route[39m[38;5;3m +0ms[39m
[32m[Nest] 284250  - [39m01/05/2026, 2:55:40 AM [32m    LOG[39m [38;5;3m[RouterExplorer] [39m[32mMapped {/admin/coaches/:id, GET} route[39m[38;5;3m +0ms[39m
[32m[Nest] 284250  - [39m01/05/2026, 2:55:40 AM [32m    LOG[39m [38;5;3m[RouterExplorer] [39m[32mMapped {/admin/coaches, POST} route[39m[38;5;3m +0ms[39m
[32m[Nest] 284250  - [39m01/05/2026, 2:55:40 AM [32m    LOG[39m [38;5;3m[RouterExplorer] [39m[32mMapped {/admin/coaches/:id, PUT} route[39m[38;5;3m +0ms[39m
[32m[Nest] 284250  - [39m01/05/2026, 2:55:40 AM [32m    LOG[39m [38;5;3m[RouterExplorer] [39m[32mMapped {/admin/coaches/:id, DELETE} route[39m[38;5;3m +0ms[39m
[32m[Nest] 284250  - [39m01/05/2026, 2:55:40 AM [32m    LOG[39m [38;5;3m[RoutesResolver] [39m[32mSeatsController {/admin/seats}:[39m[38;5;3m +0ms[39m
[32m[Nest] 284250  - [39m01/05/2026, 2:55:40 AM [32m    LOG[39m [38;5;3m[RouterExplorer] [39m[32mMapped {/admin/seats, GET} route[39m[38;5;3m +0ms[39m
[32m[Nest] 284250  - [39m01/05/2026, 2:55:40 AM [32m    LOG[39m [38;5;3m[RouterExplorer] [39m[32mMapped {/admin/seats/:id, GET} route[39m[38;5;3m +0ms[39m
[32m[Nest] 284250  - [39m01/05/2026, 2:55:40 AM [32m    LOG[39m [38;5;3m[RouterExplorer] [39m[32mMapped {/admin/seats, POST} route[39m[38;5;3m +0ms[39m
[32m[Nest] 284250  - [39m01/05/2026, 2:55:40 AM [32m    LOG[39m [38;5;3m[RouterExplorer] [39m[32mMapped {/admin/seats/bulk, POST} route[39m[38;5;3m +0ms[39m
[32m[Nest] 284250  - [39m01/05/2026, 2:55:40 AM [32m    LOG[39m [38;5;3m[RouterExplorer] [39m[32mMapped {/admin/seats/:id, PUT} route[39m[38;5;3m +0ms[39m
[32m[Nest] 284250  - [39m01/05/2026, 2:55:40 AM [32m    LOG[39m [38;5;3m[RouterExplorer] [39m[32mMapped {/admin/seats/:id, DELETE} route[39m[38;5;3m +0ms[39m
[32m[Nest] 284250  - [39m01/05/2026, 2:55:40 AM [32m    LOG[39m [38;5;3m[RoutesResolver] [39m[32mSettingsController {/admin/settings}:[39m[38;5;3m +0ms[39m
[32m[Nest] 284250  - [39m01/05/2026, 2:55:40 AM [32m    LOG[39m [38;5;3m[RouterExplorer] [39m[32mMapped {/admin/settings, GET} route[39m[38;5;3m +1ms[39m
[32m[Nest] 284250  - [39m01/05/2026, 2:55:40 AM [32m    LOG[39m [38;5;3m[RouterExplorer] [39m[32mMapped {/admin/settings/:key, GET} route[39m[38;5;3m +0ms[39m
[32m[Nest] 284250  - [39m01/05/2026, 2:55:40 AM [32m    LOG[39m [38;5;3m[RouterExplorer] [39m[32mMapped {/admin/settings, POST} route[39m[38;5;3m +0ms[39m
[32m[Nest] 284250  - [39m01/05/2026, 2:55:40 AM [32m    LOG[39m [38;5;3m[RouterExplorer] [39m[32mMapped {/admin/settings/:key, PUT} route[39m[38;5;3m +0ms[39m
[32m[Nest] 284250  - [39m01/05/2026, 2:55:40 AM [32m    LOG[39m [38;5;3m[RouterExplorer] [39m[32mMapped {/admin/settings/:key, DELETE} route[39m[38;5;3m +0ms[39m
[32m[Nest] 284250  - [39m01/05/2026, 2:55:40 AM [32m    LOG[39m [38;5;3m[RoutesResolver] [39m[32mPaymentsController {/admin/payments}:[39m[38;5;3m +0ms[39m
[32m[Nest] 284250  - [39m01/05/2026, 2:55:40 AM [32m    LOG[39m [38;5;3m[RouterExplorer] [39m[32mMapped {/admin/payments/stats, GET} route[39m[38;5;3m +0ms[39m
[32m[Nest] 284250  - [39m01/05/2026, 2:55:40 AM [32m    LOG[39m [38;5;3m[RouterExplorer] [39m[32mMapped {/admin/payments, GET} route[39m[38;5;3m +0ms[39m
[32m[Nest] 284250  - [39m01/05/2026, 2:55:40 AM [32m    LOG[39m [38;5;3m[RouterExplorer] [39m[32mMapped {/admin/payments/:id, GET} route[39m[38;5;3m +0ms[39m
[32m[Nest] 284250  - [39m01/05/2026, 2:55:40 AM [32m    LOG[39m [38;5;3m[NestApplication] [39m[32mNest application successfully started[39m[38;5;3m +45ms[39m
🚀 Admin Service is running on: http://localhost:3010
📚 Swagger documentation: http://localhost:3010/api/docs
🔐 Admin operations - requires ADMIN role
[INFO] 02:55:41 Restarting: /home/bayajidswe/My-files/my-projects/jatra-railway/apps/admin-service/src/stations/stations.service.ts has been modified
[32m[Nest] 284329  - [39m01/05/2026, 2:55:41 AM [32m    LOG[39m [38;5;3m[NestFactory] [39m[32mStarting Nest application...[39m
[32m[Nest] 284329  - [39m01/05/2026, 2:55:41 AM [32m    LOG[39m [38;5;3m[InstanceLoader] [39m[32mAppModule dependencies initialized[39m[38;5;3m +12ms[39m
[32m[Nest] 284329  - [39m01/05/2026, 2:55:41 AM [32m    LOG[39m [38;5;3m[InstanceLoader] [39m[32mPrismaModule dependencies initialized[39m[38;5;3m +1ms[39m
[32m[Nest] 284329  - [39m01/05/2026, 2:55:41 AM [32m    LOG[39m [38;5;3m[InstanceLoader] [39m[32mConfigHostModule dependencies initialized[39m[38;5;3m +1ms[39m
[32m[Nest] 284329  - [39m01/05/2026, 2:55:41 AM [32m    LOG[39m [38;5;3m[InstanceLoader] [39m[32mTrainsModule dependencies initialized[39m[38;5;3m +0ms[39m
[32m[Nest] 284329  - [39m01/05/2026, 2:55:41 AM [32m    LOG[39m [38;5;3m[InstanceLoader] [39m[32mRoutesModule dependencies initialized[39m[38;5;3m +0ms[39m
[32m[Nest] 284329  - [39m01/05/2026, 2:55:41 AM [32m    LOG[39m [38;5;3m[InstanceLoader] [39m[32mJourneysModule dependencies initialized[39m[38;5;3m +0ms[39m
[32m[Nest] 284329  - [39m01/05/2026, 2:55:41 AM [32m    LOG[39m [38;5;3m[InstanceLoader] [39m[32mStationsModule dependencies initialized[39m[38;5;3m +0ms[39m
[32m[Nest] 284329  - [39m01/05/2026, 2:55:41 AM [32m    LOG[39m [38;5;3m[InstanceLoader] [39m[32mUsersModule dependencies initialized[39m[38;5;3m +0ms[39m
[32m[Nest] 284329  - [39m01/05/2026, 2:55:41 AM [32m    LOG[39m [38;5;3m[InstanceLoader] [39m[32mBookingsModule dependencies initialized[39m[38;5;3m +1ms[39m
[32m[Nest] 284329  - [39m01/05/2026, 2:55:41 AM [32m    LOG[39m [38;5;3m[InstanceLoader] [39m[32mStatsModule dependencies initialized[39m[38;5;3m +0ms[39m
[32m[Nest] 284329  - [39m01/05/2026, 2:55:41 AM [32m    LOG[39m [38;5;3m[InstanceLoader] [39m[32mConfigModule dependencies initialized[39m[38;5;3m +0ms[39m
[32m[Nest] 284329  - [39m01/05/2026, 2:55:41 AM [32m    LOG[39m [38;5;3m[InstanceLoader] [39m[32mCoachesModule dependencies initialized[39m[38;5;3m +0ms[39m
[32m[Nest] 284329  - [39m01/05/2026, 2:55:41 AM [32m    LOG[39m [38;5;3m[InstanceLoader] [39m[32mSeatsModule dependencies initialized[39m[38;5;3m +0ms[39m
[32m[Nest] 284329  - [39m01/05/2026, 2:55:41 AM [32m    LOG[39m [38;5;3m[InstanceLoader] [39m[32mSettingsModule dependencies initialized[39m[38;5;3m +0ms[39m
[32m[Nest] 284329  - [39m01/05/2026, 2:55:41 AM [32m    LOG[39m [38;5;3m[InstanceLoader] [39m[32mPaymentsModule dependencies initialized[39m[38;5;3m +0ms[39m
[32m[Nest] 284329  - [39m01/05/2026, 2:55:41 AM [32m    LOG[39m [38;5;3m[RoutesResolver] [39m[32mTrainsController {/admin/trains}:[39m[38;5;3m +30ms[39m
[32m[Nest] 284329  - [39m01/05/2026, 2:55:41 AM [32m    LOG[39m [38;5;3m[RouterExplorer] [39m[32mMapped {/admin/trains, GET} route[39m[38;5;3m +2ms[39m
[32m[Nest] 284329  - [39m01/05/2026, 2:55:41 AM [32m    LOG[39m [38;5;3m[RouterExplorer] [39m[32mMapped {/admin/trains/:id, GET} route[39m[38;5;3m +1ms[39m
[32m[Nest] 284329  - [39m01/05/2026, 2:55:41 AM [32m    LOG[39m [38;5;3m[RouterExplorer] [39m[32mMapped {/admin/trains, POST} route[39m[38;5;3m +0ms[39m
[32m[Nest] 284329  - [39m01/05/2026, 2:55:41 AM [32m    LOG[39m [38;5;3m[RouterExplorer] [39m[32mMapped {/admin/trains/:id, PUT} route[39m[38;5;3m +0ms[39m
[32m[Nest] 284329  - [39m01/05/2026, 2:55:41 AM [32m    LOG[39m [38;5;3m[RouterExplorer] [39m[32mMapped {/admin/trains/:id, DELETE} route[39m[38;5;3m +0ms[39m
[32m[Nest] 284329  - [39m01/05/2026, 2:55:41 AM [32m    LOG[39m [38;5;3m[RoutesResolver] [39m[32mRoutesController {/admin/routes}:[39m[38;5;3m +0ms[39m
[32m[Nest] 284329  - [39m01/05/2026, 2:55:41 AM [32m    LOG[39m [38;5;3m[RouterExplorer] [39m[32mMapped {/admin/routes, GET} route[39m[38;5;3m +1ms[39m
[32m[Nest] 284329  - [39m01/05/2026, 2:55:41 AM [32m    LOG[39m [38;5;3m[RouterExplorer] [39m[32mMapped {/admin/routes/:id, GET} route[39m[38;5;3m +0ms[39m
[32m[Nest] 284329  - [39m01/05/2026, 2:55:41 AM [32m    LOG[39m [38;5;3m[RouterExplorer] [39m[32mMapped {/admin/routes, POST} route[39m[38;5;3m +0ms[39m
[32m[Nest] 284329  - [39m01/05/2026, 2:55:41 AM [32m    LOG[39m [38;5;3m[RouterExplorer] [39m[32mMapped {/admin/routes/:id, PATCH} route[39m[38;5;3m +0ms[39m
[32m[Nest] 284329  - [39m01/05/2026, 2:55:41 AM [32m    LOG[39m [38;5;3m[RouterExplorer] [39m[32mMapped {/admin/routes/:id, DELETE} route[39m[38;5;3m +1ms[39m
[32m[Nest] 284329  - [39m01/05/2026, 2:55:41 AM [32m    LOG[39m [38;5;3m[RoutesResolver] [39m[32mJourneysController {/admin/journeys}:[39m[38;5;3m +0ms[39m
[32m[Nest] 284329  - [39m01/05/2026, 2:55:41 AM [32m    LOG[39m [38;5;3m[RouterExplorer] [39m[32mMapped {/admin/journeys, GET} route[39m[38;5;3m +0ms[39m
[32m[Nest] 284329  - [39m01/05/2026, 2:55:41 AM [32m    LOG[39m [38;5;3m[RouterExplorer] [39m[32mMapped {/admin/journeys/:id, GET} route[39m[38;5;3m +0ms[39m
[32m[Nest] 284329  - [39m01/05/2026, 2:55:41 AM [32m    LOG[39m [38;5;3m[RouterExplorer] [39m[32mMapped {/admin/journeys, POST} route[39m[38;5;3m +0ms[39m
[32m[Nest] 284329  - [39m01/05/2026, 2:55:41 AM [32m    LOG[39m [38;5;3m[RouterExplorer] [39m[32mMapped {/admin/journeys/:id, PATCH} route[39m[38;5;3m +0ms[39m
[32m[Nest] 284329  - [39m01/05/2026, 2:55:41 AM [32m    LOG[39m [38;5;3m[RouterExplorer] [39m[32mMapped {/admin/journeys/:id, DELETE} route[39m[38;5;3m +0ms[39m
[32m[Nest] 284329  - [39m01/05/2026, 2:55:41 AM [32m    LOG[39m [38;5;3m[RoutesResolver] [39m[32mStationsController {/admin/stations}:[39m[38;5;3m +0ms[39m
[32m[Nest] 284329  - [39m01/05/2026, 2:55:41 AM [32m    LOG[39m [38;5;3m[RouterExplorer] [39m[32mMapped {/admin/stations, GET} route[39m[38;5;3m +0ms[39m
[32m[Nest] 284329  - [39m01/05/2026, 2:55:41 AM [32m    LOG[39m [38;5;3m[RouterExplorer] [39m[32mMapped {/admin/stations/:id, GET} route[39m[38;5;3m +0ms[39m
[32m[Nest] 284329  - [39m01/05/2026, 2:55:41 AM [32m    LOG[39m [38;5;3m[RouterExplorer] [39m[32mMapped {/admin/stations, POST} route[39m[38;5;3m +0ms[39m
[32m[Nest] 284329  - [39m01/05/2026, 2:55:41 AM [32m    LOG[39m [38;5;3m[RouterExplorer] [39m[32mMapped {/admin/stations/:id, PATCH} route[39m[38;5;3m +0ms[39m
[32m[Nest] 284329  - [39m01/05/2026, 2:55:41 AM [32m    LOG[39m [38;5;3m[RouterExplorer] [39m[32mMapped {/admin/stations/:id, DELETE} route[39m[38;5;3m +0ms[39m
[32m[Nest] 284329  - [39m01/05/2026, 2:55:41 AM [32m    LOG[39m [38;5;3m[RoutesResolver] [39m[32mUsersController {/admin/users}:[39m[38;5;3m +0ms[39m
[32m[Nest] 284329  - [39m01/05/2026, 2:55:41 AM [32m    LOG[39m [38;5;3m[RouterExplorer] [39m[32mMapped {/admin/users, GET} route[39m[38;5;3m +1ms[39m
[32m[Nest] 284329  - [39m01/05/2026, 2:55:41 AM [32m    LOG[39m [38;5;3m[RouterExplorer] [39m[32mMapped {/admin/users/:id, GET} route[39m[38;5;3m +0ms[39m
[32m[Nest] 284329  - [39m01/05/2026, 2:55:41 AM [32m    LOG[39m [38;5;3m[RoutesResolver] [39m[32mBookingsController {/admin/bookings}:[39m[38;5;3m +0ms[39m
[32m[Nest] 284329  - [39m01/05/2026, 2:55:41 AM [32m    LOG[39m [38;5;3m[RouterExplorer] [39m[32mMapped {/admin/bookings, GET} route[39m[38;5;3m +0ms[39m
[32m[Nest] 284329  - [39m01/05/2026, 2:55:41 AM [32m    LOG[39m [38;5;3m[RouterExplorer] [39m[32mMapped {/admin/bookings/:id, GET} route[39m[38;5;3m +0ms[39m
[32m[Nest] 284329  - [39m01/05/2026, 2:55:41 AM [32m    LOG[39m [38;5;3m[RoutesResolver] [39m[32mStatsController {/admin/stats}:[39m[38;5;3m +0ms[39m
[32m[Nest] 284329  - [39m01/05/2026, 2:55:41 AM [32m    LOG[39m [38;5;3m[RouterExplorer] [39m[32mMapped {/admin/stats/dashboard, GET} route[39m[38;5;3m +0ms[39m
[32m[Nest] 284329  - [39m01/05/2026, 2:55:41 AM [32m    LOG[39m [38;5;3m[RoutesResolver] [39m[32mCoachesController {/admin/coaches}:[39m[38;5;3m +0ms[39m
[32m[Nest] 284329  - [39m01/05/2026, 2:55:41 AM [32m    LOG[39m [38;5;3m[RouterExplorer] [39m[32mMapped {/admin/coaches, GET} route[39m[38;5;3m +0ms[39m
[32m[Nest] 284329  - [39m01/05/2026, 2:55:41 AM [32m    LOG[39m [38;5;3m[RouterExplorer] [39m[32mMapped {/admin/coaches/:id, GET} route[39m[38;5;3m +0ms[39m
[32m[Nest] 284329  - [39m01/05/2026, 2:55:41 AM [32m    LOG[39m [38;5;3m[RouterExplorer] [39m[32mMapped {/admin/coaches, POST} route[39m[38;5;3m +0ms[39m
[32m[Nest] 284329  - [39m01/05/2026, 2:55:41 AM [32m    LOG[39m [38;5;3m[RouterExplorer] [39m[32mMapped {/admin/coaches/:id, PUT} route[39m[38;5;3m +0ms[39m
[32m[Nest] 284329  - [39m01/05/2026, 2:55:41 AM [32m    LOG[39m [38;5;3m[RouterExplorer] [39m[32mMapped {/admin/coaches/:id, DELETE} route[39m[38;5;3m +0ms[39m
[32m[Nest] 284329  - [39m01/05/2026, 2:55:41 AM [32m    LOG[39m [38;5;3m[RoutesResolver] [39m[32mSeatsController {/admin/seats}:[39m[38;5;3m +0ms[39m
[32m[Nest] 284329  - [39m01/05/2026, 2:55:41 AM [32m    LOG[39m [38;5;3m[RouterExplorer] [39m[32mMapped {/admin/seats, GET} route[39m[38;5;3m +0ms[39m
[32m[Nest] 284329  - [39m01/05/2026, 2:55:41 AM [32m    LOG[39m [38;5;3m[RouterExplorer] [39m[32mMapped {/admin/seats/:id, GET} route[39m[38;5;3m +0ms[39m
[32m[Nest] 284329  - [39m01/05/2026, 2:55:41 AM [32m    LOG[39m [38;5;3m[RouterExplorer] [39m[32mMapped {/admin/seats, POST} route[39m[38;5;3m +1ms[39m
[32m[Nest] 284329  - [39m01/05/2026, 2:55:41 AM [32m    LOG[39m [38;5;3m[RouterExplorer] [39m[32mMapped {/admin/seats/bulk, POST} route[39m[38;5;3m +0ms[39m
[32m[Nest] 284329  - [39m01/05/2026, 2:55:41 AM [32m    LOG[39m [38;5;3m[RouterExplorer] [39m[32mMapped {/admin/seats/:id, PUT} route[39m[38;5;3m +0ms[39m
[32m[Nest] 284329  - [39m01/05/2026, 2:55:41 AM [32m    LOG[39m [38;5;3m[RouterExplorer] [39m[32mMapped {/admin/seats/:id, DELETE} route[39m[38;5;3m +0ms[39m
[32m[Nest] 284329  - [39m01/05/2026, 2:55:41 AM [32m    LOG[39m [38;5;3m[RoutesResolver] [39m[32mSettingsController {/admin/settings}:[39m[38;5;3m +0ms[39m
[32m[Nest] 284329  - [39m01/05/2026, 2:55:41 AM [32m    LOG[39m [38;5;3m[RouterExplorer] [39m[32mMapped {/admin/settings, GET} route[39m[38;5;3m +0ms[39m
[32m[Nest] 284329  - [39m01/05/2026, 2:55:41 AM [32m    LOG[39m [38;5;3m[RouterExplorer] [39m[32mMapped {/admin/settings/:key, GET} route[39m[38;5;3m +0ms[39m
[32m[Nest] 284329  - [39m01/05/2026, 2:55:41 AM [32m    LOG[39m [38;5;3m[RouterExplorer] [39m[32mMapped {/admin/settings, POST} route[39m[38;5;3m +0ms[39m
[32m[Nest] 284329  - [39m01/05/2026, 2:55:41 AM [32m    LOG[39m [38;5;3m[RouterExplorer] [39m[32mMapped {/admin/settings/:key, PUT} route[39m[38;5;3m +0ms[39m
[32m[Nest] 284329  - [39m01/05/2026, 2:55:41 AM [32m    LOG[39m [38;5;3m[RouterExplorer] [39m[32mMapped {/admin/settings/:key, DELETE} route[39m[38;5;3m +0ms[39m
[32m[Nest] 284329  - [39m01/05/2026, 2:55:41 AM [32m    LOG[39m [38;5;3m[RoutesResolver] [39m[32mPaymentsController {/admin/payments}:[39m[38;5;3m +0ms[39m
[32m[Nest] 284329  - [39m01/05/2026, 2:55:41 AM [32m    LOG[39m [38;5;3m[RouterExplorer] [39m[32mMapped {/admin/payments/stats, GET} route[39m[38;5;3m +0ms[39m
[32m[Nest] 284329  - [39m01/05/2026, 2:55:41 AM [32m    LOG[39m [38;5;3m[RouterExplorer] [39m[32mMapped {/admin/payments, GET} route[39m[38;5;3m +0ms[39m
[32m[Nest] 284329  - [39m01/05/2026, 2:55:41 AM [32m    LOG[39m [38;5;3m[RouterExplorer] [39m[32mMapped {/admin/payments/:id, GET} route[39m[38;5;3m +0ms[39m
[32m[Nest] 284329  - [39m01/05/2026, 2:55:41 AM [32m    LOG[39m [38;5;3m[NestApplication] [39m[32mNest application successfully started[39m[38;5;3m +59ms[39m
[31m[Nest] 284329  - [39m01/05/2026, 2:55:41 AM [31m  ERROR[39m [38;5;3m[NestApplication] [39m[31mError: listen EADDRINUSE: address already in use :::3010[39m[38;5;3m +1ms[39m
Error: listen EADDRINUSE: address already in use :::3010
    at Server.setupListenHandle [as _listen2] (node:net:1908:16)
    at listenInCluster (node:net:1965:12)
    at Server.listen (node:net:2067:7)
    at ExpressAdapter.listen (/home/bayajidswe/My-files/my-projects/jatra-railway/node_modules/.pnpm/@nestjs+platform-express@10.4.20_@nestjs+common@10.4.20_class-transformer@0.5.1_class-v_bd7e093f0b2f45f3454d4c6bd5ff4f44/node_modules/@nestjs/platform-express/adapters/express-adapter.js:95:32)
    at /home/bayajidswe/My-files/my-projects/jatra-railway/node_modules/.pnpm/@nestjs+core@10.4.20_@nestjs+common@10.4.20_class-transformer@0.5.1_class-validator@0.1_6ee324c1921a1c6c0e69db7d70d61af1/node_modules/@nestjs/core/nest-application.js:183:30
    at new Promise (<anonymous>)
    at NestApplication.listen (/home/bayajidswe/My-files/my-projects/jatra-railway/node_modules/.pnpm/@nestjs+core@10.4.20_@nestjs+common@10.4.20_class-transformer@0.5.1_class-validator@0.1_6ee324c1921a1c6c0e69db7d70d61af1/node_modules/@nestjs/core/nest-application.js:173:16)
    at bootstrap (/home/bayajidswe/My-files/my-projects/jatra-railway/apps/admin-service/src/main.ts:45:3)
[ERROR] 02:55:41 Error: listen EADDRINUSE: address already in use :::3010
[INFO] 02:55:51 Restarting: /home/bayajidswe/My-files/my-projects/jatra-railway/apps/admin-service/src/routes/routes.service.ts has been modified
[32m[Nest] 284539  - [39m01/05/2026, 2:55:52 AM [32m    LOG[39m [38;5;3m[NestFactory] [39m[32mStarting Nest application...[39m
[32m[Nest] 284539  - [39m01/05/2026, 2:55:52 AM [32m    LOG[39m [38;5;3m[InstanceLoader] [39m[32mAppModule dependencies initialized[39m[38;5;3m +10ms[39m
[32m[Nest] 284539  - [39m01/05/2026, 2:55:52 AM [32m    LOG[39m [38;5;3m[InstanceLoader] [39m[32mPrismaModule dependencies initialized[39m[38;5;3m +0ms[39m
[32m[Nest] 284539  - [39m01/05/2026, 2:55:52 AM [32m    LOG[39m [38;5;3m[InstanceLoader] [39m[32mConfigHostModule dependencies initialized[39m[38;5;3m +1ms[39m
[32m[Nest] 284539  - [39m01/05/2026, 2:55:52 AM [32m    LOG[39m [38;5;3m[InstanceLoader] [39m[32mTrainsModule dependencies initialized[39m[38;5;3m +0ms[39m
[32m[Nest] 284539  - [39m01/05/2026, 2:55:52 AM [32m    LOG[39m [38;5;3m[InstanceLoader] [39m[32mRoutesModule dependencies initialized[39m[38;5;3m +0ms[39m
[32m[Nest] 284539  - [39m01/05/2026, 2:55:52 AM [32m    LOG[39m [38;5;3m[InstanceLoader] [39m[32mJourneysModule dependencies initialized[39m[38;5;3m +0ms[39m
[32m[Nest] 284539  - [39m01/05/2026, 2:55:52 AM [32m    LOG[39m [38;5;3m[InstanceLoader] [39m[32mStationsModule dependencies initialized[39m[38;5;3m +0ms[39m
[32m[Nest] 284539  - [39m01/05/2026, 2:55:52 AM [32m    LOG[39m [38;5;3m[InstanceLoader] [39m[32mUsersModule dependencies initialized[39m[38;5;3m +0ms[39m
[32m[Nest] 284539  - [39m01/05/2026, 2:55:52 AM [32m    LOG[39m [38;5;3m[InstanceLoader] [39m[32mBookingsModule dependencies initialized[39m[38;5;3m +0ms[39m
[32m[Nest] 284539  - [39m01/05/2026, 2:55:52 AM [32m    LOG[39m [38;5;3m[InstanceLoader] [39m[32mStatsModule dependencies initialized[39m[38;5;3m +0ms[39m
[32m[Nest] 284539  - [39m01/05/2026, 2:55:52 AM [32m    LOG[39m [38;5;3m[InstanceLoader] [39m[32mConfigModule dependencies initialized[39m[38;5;3m +0ms[39m
[32m[Nest] 284539  - [39m01/05/2026, 2:55:52 AM [32m    LOG[39m [38;5;3m[InstanceLoader] [39m[32mCoachesModule dependencies initialized[39m[38;5;3m +0ms[39m
[32m[Nest] 284539  - [39m01/05/2026, 2:55:52 AM [32m    LOG[39m [38;5;3m[InstanceLoader] [39m[32mSeatsModule dependencies initialized[39m[38;5;3m +0ms[39m
[32m[Nest] 284539  - [39m01/05/2026, 2:55:52 AM [32m    LOG[39m [38;5;3m[InstanceLoader] [39m[32mSettingsModule dependencies initialized[39m[38;5;3m +0ms[39m
[32m[Nest] 284539  - [39m01/05/2026, 2:55:52 AM [32m    LOG[39m [38;5;3m[InstanceLoader] [39m[32mPaymentsModule dependencies initialized[39m[38;5;3m +0ms[39m
[32m[Nest] 284539  - [39m01/05/2026, 2:55:52 AM [32m    LOG[39m [38;5;3m[RoutesResolver] [39m[32mTrainsController {/admin/trains}:[39m[38;5;3m +24ms[39m
[32m[Nest] 284539  - [39m01/05/2026, 2:55:52 AM [32m    LOG[39m [38;5;3m[RouterExplorer] [39m[32mMapped {/admin/trains, GET} route[39m[38;5;3m +1ms[39m
[32m[Nest] 284539  - [39m01/05/2026, 2:55:52 AM [32m    LOG[39m [38;5;3m[RouterExplorer] [39m[32mMapped {/admin/trains/:id, GET} route[39m[38;5;3m +0ms[39m
[32m[Nest] 284539  - [39m01/05/2026, 2:55:52 AM [32m    LOG[39m [38;5;3m[RouterExplorer] [39m[32mMapped {/admin/trains, POST} route[39m[38;5;3m +1ms[39m
[32m[Nest] 284539  - [39m01/05/2026, 2:55:52 AM [32m    LOG[39m [38;5;3m[RouterExplorer] [39m[32mMapped {/admin/trains/:id, PUT} route[39m[38;5;3m +0ms[39m
[32m[Nest] 284539  - [39m01/05/2026, 2:55:52 AM [32m    LOG[39m [38;5;3m[RouterExplorer] [39m[32mMapped {/admin/trains/:id, DELETE} route[39m[38;5;3m +0ms[39m
[32m[Nest] 284539  - [39m01/05/2026, 2:55:52 AM [32m    LOG[39m [38;5;3m[RoutesResolver] [39m[32mRoutesController {/admin/routes}:[39m[38;5;3m +0ms[39m
[32m[Nest] 284539  - [39m01/05/2026, 2:55:52 AM [32m    LOG[39m [38;5;3m[RouterExplorer] [39m[32mMapped {/admin/routes, GET} route[39m[38;5;3m +0ms[39m
[32m[Nest] 284539  - [39m01/05/2026, 2:55:52 AM [32m    LOG[39m [38;5;3m[RouterExplorer] [39m[32mMapped {/admin/routes/:id, GET} route[39m[38;5;3m +1ms[39m
[32m[Nest] 284539  - [39m01/05/2026, 2:55:52 AM [32m    LOG[39m [38;5;3m[RouterExplorer] [39m[32mMapped {/admin/routes, POST} route[39m[38;5;3m +0ms[39m
[32m[Nest] 284539  - [39m01/05/2026, 2:55:52 AM [32m    LOG[39m [38;5;3m[RouterExplorer] [39m[32mMapped {/admin/routes/:id, PATCH} route[39m[38;5;3m +0ms[39m
[32m[Nest] 284539  - [39m01/05/2026, 2:55:52 AM [32m    LOG[39m [38;5;3m[RouterExplorer] [39m[32mMapped {/admin/routes/:id, DELETE} route[39m[38;5;3m +1ms[39m
[32m[Nest] 284539  - [39m01/05/2026, 2:55:52 AM [32m    LOG[39m [38;5;3m[RoutesResolver] [39m[32mJourneysController {/admin/journeys}:[39m[38;5;3m +0ms[39m
[32m[Nest] 284539  - [39m01/05/2026, 2:55:52 AM [32m    LOG[39m [38;5;3m[RouterExplorer] [39m[32mMapped {/admin/journeys, GET} route[39m[38;5;3m +0ms[39m
[32m[Nest] 284539  - [39m01/05/2026, 2:55:52 AM [32m    LOG[39m [38;5;3m[RouterExplorer] [39m[32mMapped {/admin/journeys/:id, GET} route[39m[38;5;3m +0ms[39m
[32m[Nest] 284539  - [39m01/05/2026, 2:55:52 AM [32m    LOG[39m [38;5;3m[RouterExplorer] [39m[32mMapped {/admin/journeys, POST} route[39m[38;5;3m +0ms[39m
[32m[Nest] 284539  - [39m01/05/2026, 2:55:52 AM [32m    LOG[39m [38;5;3m[RouterExplorer] [39m[32mMapped {/admin/journeys/:id, PATCH} route[39m[38;5;3m +1ms[39m
[32m[Nest] 284539  - [39m01/05/2026, 2:55:52 AM [32m    LOG[39m [38;5;3m[RouterExplorer] [39m[32mMapped {/admin/journeys/:id, DELETE} route[39m[38;5;3m +0ms[39m
[32m[Nest] 284539  - [39m01/05/2026, 2:55:52 AM [32m    LOG[39m [38;5;3m[RoutesResolver] [39m[32mStationsController {/admin/stations}:[39m[38;5;3m +0ms[39m
[32m[Nest] 284539  - [39m01/05/2026, 2:55:52 AM [32m    LOG[39m [38;5;3m[RouterExplorer] [39m[32mMapped {/admin/stations, GET} route[39m[38;5;3m +0ms[39m
[32m[Nest] 284539  - [39m01/05/2026, 2:55:52 AM [32m    LOG[39m [38;5;3m[RouterExplorer] [39m[32mMapped {/admin/stations/:id, GET} route[39m[38;5;3m +0ms[39m
[32m[Nest] 284539  - [39m01/05/2026, 2:55:52 AM [32m    LOG[39m [38;5;3m[RouterExplorer] [39m[32mMapped {/admin/stations, POST} route[39m[38;5;3m +0ms[39m
[32m[Nest] 284539  - [39m01/05/2026, 2:55:52 AM [32m    LOG[39m [38;5;3m[RouterExplorer] [39m[32mMapped {/admin/stations/:id, PATCH} route[39m[38;5;3m +0ms[39m
[32m[Nest] 284539  - [39m01/05/2026, 2:55:52 AM [32m    LOG[39m [38;5;3m[RouterExplorer] [39m[32mMapped {/admin/stations/:id, DELETE} route[39m[38;5;3m +0ms[39m
[32m[Nest] 284539  - [39m01/05/2026, 2:55:52 AM [32m    LOG[39m [38;5;3m[RoutesResolver] [39m[32mUsersController {/admin/users}:[39m[38;5;3m +0ms[39m
[32m[Nest] 284539  - [39m01/05/2026, 2:55:52 AM [32m    LOG[39m [38;5;3m[RouterExplorer] [39m[32mMapped {/admin/users, GET} route[39m[38;5;3m +0ms[39m
[32m[Nest] 284539  - [39m01/05/2026, 2:55:52 AM [32m    LOG[39m [38;5;3m[RouterExplorer] [39m[32mMapped {/admin/users/:id, GET} route[39m[38;5;3m +0ms[39m
[32m[Nest] 284539  - [39m01/05/2026, 2:55:52 AM [32m    LOG[39m [38;5;3m[RoutesResolver] [39m[32mBookingsController {/admin/bookings}:[39m[38;5;3m +0ms[39m
[32m[Nest] 284539  - [39m01/05/2026, 2:55:52 AM [32m    LOG[39m [38;5;3m[RouterExplorer] [39m[32mMapped {/admin/bookings, GET} route[39m[38;5;3m +1ms[39m
[32m[Nest] 284539  - [39m01/05/2026, 2:55:52 AM [32m    LOG[39m [38;5;3m[RouterExplorer] [39m[32mMapped {/admin/bookings/:id, GET} route[39m[38;5;3m +0ms[39m
[32m[Nest] 284539  - [39m01/05/2026, 2:55:52 AM [32m    LOG[39m [38;5;3m[RoutesResolver] [39m[32mStatsController {/admin/stats}:[39m[38;5;3m +0ms[39m
[32m[Nest] 284539  - [39m01/05/2026, 2:55:52 AM [32m    LOG[39m [38;5;3m[RouterExplorer] [39m[32mMapped {/admin/stats/dashboard, GET} route[39m[38;5;3m +0ms[39m
[32m[Nest] 284539  - [39m01/05/2026, 2:55:52 AM [32m    LOG[39m [38;5;3m[RoutesResolver] [39m[32mCoachesController {/admin/coaches}:[39m[38;5;3m +0ms[39m
[32m[Nest] 284539  - [39m01/05/2026, 2:55:52 AM [32m    LOG[39m [38;5;3m[RouterExplorer] [39m[32mMapped {/admin/coaches, GET} route[39m[38;5;3m +0ms[39m
[32m[Nest] 284539  - [39m01/05/2026, 2:55:52 AM [32m    LOG[39m [38;5;3m[RouterExplorer] [39m[32mMapped {/admin/coaches/:id, GET} route[39m[38;5;3m +0ms[39m
[32m[Nest] 284539  - [39m01/05/2026, 2:55:52 AM [32m    LOG[39m [38;5;3m[RouterExplorer] [39m[32mMapped {/admin/coaches, POST} route[39m[38;5;3m +0ms[39m
[32m[Nest] 284539  - [39m01/05/2026, 2:55:52 AM [32m    LOG[39m [38;5;3m[RouterExplorer] [39m[32mMapped {/admin/coaches/:id, PUT} route[39m[38;5;3m +0ms[39m
[32m[Nest] 284539  - [39m01/05/2026, 2:55:52 AM [32m    LOG[39m [38;5;3m[RouterExplorer] [39m[32mMapped {/admin/coaches/:id, DELETE} route[39m[38;5;3m +0ms[39m
[32m[Nest] 284539  - [39m01/05/2026, 2:55:52 AM [32m    LOG[39m [38;5;3m[RoutesResolver] [39m[32mSeatsController {/admin/seats}:[39m[38;5;3m +0ms[39m
[32m[Nest] 284539  - [39m01/05/2026, 2:55:52 AM [32m    LOG[39m [38;5;3m[RouterExplorer] [39m[32mMapped {/admin/seats, GET} route[39m[38;5;3m +0ms[39m
[32m[Nest] 284539  - [39m01/05/2026, 2:55:52 AM [32m    LOG[39m [38;5;3m[RouterExplorer] [39m[32mMapped {/admin/seats/:id, GET} route[39m[38;5;3m +0ms[39m
[32m[Nest] 284539  - [39m01/05/2026, 2:55:52 AM [32m    LOG[39m [38;5;3m[RouterExplorer] [39m[32mMapped {/admin/seats, POST} route[39m[38;5;3m +0ms[39m
[32m[Nest] 284539  - [39m01/05/2026, 2:55:52 AM [32m    LOG[39m [38;5;3m[RouterExplorer] [39m[32mMapped {/admin/seats/bulk, POST} route[39m[38;5;3m +0ms[39m
[32m[Nest] 284539  - [39m01/05/2026, 2:55:52 AM [32m    LOG[39m [38;5;3m[RouterExplorer] [39m[32mMapped {/admin/seats/:id, PUT} route[39m[38;5;3m +1ms[39m
[32m[Nest] 284539  - [39m01/05/2026, 2:55:52 AM [32m    LOG[39m [38;5;3m[RouterExplorer] [39m[32mMapped {/admin/seats/:id, DELETE} route[39m[38;5;3m +0ms[39m
[32m[Nest] 284539  - [39m01/05/2026, 2:55:52 AM [32m    LOG[39m [38;5;3m[RoutesResolver] [39m[32mSettingsController {/admin/settings}:[39m[38;5;3m +0ms[39m
[32m[Nest] 284539  - [39m01/05/2026, 2:55:52 AM [32m    LOG[39m [38;5;3m[RouterExplorer] [39m[32mMapped {/admin/settings, GET} route[39m[38;5;3m +0ms[39m
[32m[Nest] 284539  - [39m01/05/2026, 2:55:52 AM [32m    LOG[39m [38;5;3m[RouterExplorer] [39m[32mMapped {/admin/settings/:key, GET} route[39m[38;5;3m +0ms[39m
[32m[Nest] 284539  - [39m01/05/2026, 2:55:52 AM [32m    LOG[39m [38;5;3m[RouterExplorer] [39m[32mMapped {/admin/settings, POST} route[39m[38;5;3m +0ms[39m
[32m[Nest] 284539  - [39m01/05/2026, 2:55:52 AM [32m    LOG[39m [38;5;3m[RouterExplorer] [39m[32mMapped {/admin/settings/:key, PUT} route[39m[38;5;3m +0ms[39m
[32m[Nest] 284539  - [39m01/05/2026, 2:55:52 AM [32m    LOG[39m [38;5;3m[RouterExplorer] [39m[32mMapped {/admin/settings/:key, DELETE} route[39m[38;5;3m +0ms[39m
[32m[Nest] 284539  - [39m01/05/2026, 2:55:52 AM [32m    LOG[39m [38;5;3m[RoutesResolver] [39m[32mPaymentsController {/admin/payments}:[39m[38;5;3m +0ms[39m
[32m[Nest] 284539  - [39m01/05/2026, 2:55:52 AM [32m    LOG[39m [38;5;3m[RouterExplorer] [39m[32mMapped {/admin/payments/stats, GET} route[39m[38;5;3m +0ms[39m
[32m[Nest] 284539  - [39m01/05/2026, 2:55:52 AM [32m    LOG[39m [38;5;3m[RouterExplorer] [39m[32mMapped {/admin/payments, GET} route[39m[38;5;3m +0ms[39m
[32m[Nest] 284539  - [39m01/05/2026, 2:55:52 AM [32m    LOG[39m [38;5;3m[RouterExplorer] [39m[32mMapped {/admin/payments/:id, GET} route[39m[38;5;3m +0ms[39m
[32m[Nest] 284539  - [39m01/05/2026, 2:55:52 AM [32m    LOG[39m [38;5;3m[NestApplication] [39m[32mNest application successfully started[39m[38;5;3m +59ms[39m
🚀 Admin Service is running on: http://localhost:3010
📚 Swagger documentation: http://localhost:3010/api/docs
🔐 Admin operations - requires ADMIN role
[INFO] 02:55:53 Restarting: /home/bayajidswe/My-files/my-projects/jatra-railway/apps/admin-service/src/routes/routes.service.ts has been modified
[32m[Nest] 284711  - [39m01/05/2026, 2:55:54 AM [32m    LOG[39m [38;5;3m[NestFactory] [39m[32mStarting Nest application...[39m
[32m[Nest] 284711  - [39m01/05/2026, 2:55:54 AM [32m    LOG[39m [38;5;3m[InstanceLoader] [39m[32mAppModule dependencies initialized[39m[38;5;3m +11ms[39m
[32m[Nest] 284711  - [39m01/05/2026, 2:55:54 AM [32m    LOG[39m [38;5;3m[InstanceLoader] [39m[32mPrismaModule dependencies initialized[39m[38;5;3m +0ms[39m
[32m[Nest] 284711  - [39m01/05/2026, 2:55:54 AM [32m    LOG[39m [38;5;3m[InstanceLoader] [39m[32mConfigHostModule dependencies initialized[39m[38;5;3m +1ms[39m
[32m[Nest] 284711  - [39m01/05/2026, 2:55:54 AM [32m    LOG[39m [38;5;3m[InstanceLoader] [39m[32mTrainsModule dependencies initialized[39m[38;5;3m +0ms[39m
[32m[Nest] 284711  - [39m01/05/2026, 2:55:54 AM [32m    LOG[39m [38;5;3m[InstanceLoader] [39m[32mRoutesModule dependencies initialized[39m[38;5;3m +0ms[39m
[32m[Nest] 284711  - [39m01/05/2026, 2:55:54 AM [32m    LOG[39m [38;5;3m[InstanceLoader] [39m[32mJourneysModule dependencies initialized[39m[38;5;3m +0ms[39m
[32m[Nest] 284711  - [39m01/05/2026, 2:55:54 AM [32m    LOG[39m [38;5;3m[InstanceLoader] [39m[32mStationsModule dependencies initialized[39m[38;5;3m +0ms[39m
[32m[Nest] 284711  - [39m01/05/2026, 2:55:54 AM [32m    LOG[39m [38;5;3m[InstanceLoader] [39m[32mUsersModule dependencies initialized[39m[38;5;3m +0ms[39m
[32m[Nest] 284711  - [39m01/05/2026, 2:55:54 AM [32m    LOG[39m [38;5;3m[InstanceLoader] [39m[32mBookingsModule dependencies initialized[39m[38;5;3m +0ms[39m
[32m[Nest] 284711  - [39m01/05/2026, 2:55:54 AM [32m    LOG[39m [38;5;3m[InstanceLoader] [39m[32mStatsModule dependencies initialized[39m[38;5;3m +0ms[39m
[32m[Nest] 284711  - [39m01/05/2026, 2:55:54 AM [32m    LOG[39m [38;5;3m[InstanceLoader] [39m[32mConfigModule dependencies initialized[39m[38;5;3m +1ms[39m
[32m[Nest] 284711  - [39m01/05/2026, 2:55:54 AM [32m    LOG[39m [38;5;3m[InstanceLoader] [39m[32mCoachesModule dependencies initialized[39m[38;5;3m +0ms[39m
[32m[Nest] 284711  - [39m01/05/2026, 2:55:54 AM [32m    LOG[39m [38;5;3m[InstanceLoader] [39m[32mSeatsModule dependencies initialized[39m[38;5;3m +0ms[39m
[32m[Nest] 284711  - [39m01/05/2026, 2:55:54 AM [32m    LOG[39m [38;5;3m[InstanceLoader] [39m[32mSettingsModule dependencies initialized[39m[38;5;3m +0ms[39m
[32m[Nest] 284711  - [39m01/05/2026, 2:55:54 AM [32m    LOG[39m [38;5;3m[InstanceLoader] [39m[32mPaymentsModule dependencies initialized[39m[38;5;3m +0ms[39m
[32m[Nest] 284711  - [39m01/05/2026, 2:55:54 AM [32m    LOG[39m [38;5;3m[RoutesResolver] [39m[32mTrainsController {/admin/trains}:[39m[38;5;3m +24ms[39m
[32m[Nest] 284711  - [39m01/05/2026, 2:55:54 AM [32m    LOG[39m [38;5;3m[RouterExplorer] [39m[32mMapped {/admin/trains, GET} route[39m[38;5;3m +1ms[39m
[32m[Nest] 284711  - [39m01/05/2026, 2:55:54 AM [32m    LOG[39m [38;5;3m[RouterExplorer] [39m[32mMapped {/admin/trains/:id, GET} route[39m[38;5;3m +1ms[39m
[32m[Nest] 284711  - [39m01/05/2026, 2:55:54 AM [32m    LOG[39m [38;5;3m[RouterExplorer] [39m[32mMapped {/admin/trains, POST} route[39m[38;5;3m +0ms[39m
[32m[Nest] 284711  - [39m01/05/2026, 2:55:54 AM [32m    LOG[39m [38;5;3m[RouterExplorer] [39m[32mMapped {/admin/trains/:id, PUT} route[39m[38;5;3m +0ms[39m
[32m[Nest] 284711  - [39m01/05/2026, 2:55:54 AM [32m    LOG[39m [38;5;3m[RouterExplorer] [39m[32mMapped {/admin/trains/:id, DELETE} route[39m[38;5;3m +0ms[39m
[32m[Nest] 284711  - [39m01/05/2026, 2:55:54 AM [32m    LOG[39m [38;5;3m[RoutesResolver] [39m[32mRoutesController {/admin/routes}:[39m[38;5;3m +0ms[39m
[32m[Nest] 284711  - [39m01/05/2026, 2:55:54 AM [32m    LOG[39m [38;5;3m[RouterExplorer] [39m[32mMapped {/admin/routes, GET} route[39m[38;5;3m +0ms[39m
[32m[Nest] 284711  - [39m01/05/2026, 2:55:54 AM [32m    LOG[39m [38;5;3m[RouterExplorer] [39m[32mMapped {/admin/routes/:id, GET} route[39m[38;5;3m +0ms[39m
[32m[Nest] 284711  - [39m01/05/2026, 2:55:54 AM [32m    LOG[39m [38;5;3m[RouterExplorer] [39m[32mMapped {/admin/routes, POST} route[39m[38;5;3m +1ms[39m
[32m[Nest] 284711  - [39m01/05/2026, 2:55:54 AM [32m    LOG[39m [38;5;3m[RouterExplorer] [39m[32mMapped {/admin/routes/:id, PATCH} route[39m[38;5;3m +0ms[39m
[32m[Nest] 284711  - [39m01/05/2026, 2:55:54 AM [32m    LOG[39m [38;5;3m[RouterExplorer] [39m[32mMapped {/admin/routes/:id, DELETE} route[39m[38;5;3m +0ms[39m
[32m[Nest] 284711  - [39m01/05/2026, 2:55:54 AM [32m    LOG[39m [38;5;3m[RoutesResolver] [39m[32mJourneysController {/admin/journeys}:[39m[38;5;3m +0ms[39m
[32m[Nest] 284711  - [39m01/05/2026, 2:55:54 AM [32m    LOG[39m [38;5;3m[RouterExplorer] [39m[32mMapped {/admin/journeys, GET} route[39m[38;5;3m +0ms[39m
[32m[Nest] 284711  - [39m01/05/2026, 2:55:54 AM [32m    LOG[39m [38;5;3m[RouterExplorer] [39m[32mMapped {/admin/journeys/:id, GET} route[39m[38;5;3m +0ms[39m
[32m[Nest] 284711  - [39m01/05/2026, 2:55:54 AM [32m    LOG[39m [38;5;3m[RouterExplorer] [39m[32mMapped {/admin/journeys, POST} route[39m[38;5;3m +0ms[39m
[32m[Nest] 284711  - [39m01/05/2026, 2:55:54 AM [32m    LOG[39m [38;5;3m[RouterExplorer] [39m[32mMapped {/admin/journeys/:id, PATCH} route[39m[38;5;3m +1ms[39m
[32m[Nest] 284711  - [39m01/05/2026, 2:55:54 AM [32m    LOG[39m [38;5;3m[RouterExplorer] [39m[32mMapped {/admin/journeys/:id, DELETE} route[39m[38;5;3m +0ms[39m
[32m[Nest] 284711  - [39m01/05/2026, 2:55:54 AM [32m    LOG[39m [38;5;3m[RoutesResolver] [39m[32mStationsController {/admin/stations}:[39m[38;5;3m +0ms[39m
[32m[Nest] 284711  - [39m01/05/2026, 2:55:54 AM [32m    LOG[39m [38;5;3m[RouterExplorer] [39m[32mMapped {/admin/stations, GET} route[39m[38;5;3m +0ms[39m
[32m[Nest] 284711  - [39m01/05/2026, 2:55:54 AM [32m    LOG[39m [38;5;3m[RouterExplorer] [39m[32mMapped {/admin/stations/:id, GET} route[39m[38;5;3m +0ms[39m
[32m[Nest] 284711  - [39m01/05/2026, 2:55:54 AM [32m    LOG[39m [38;5;3m[RouterExplorer] [39m[32mMapped {/admin/stations, POST} route[39m[38;5;3m +0ms[39m
[32m[Nest] 284711  - [39m01/05/2026, 2:55:54 AM [32m    LOG[39m [38;5;3m[RouterExplorer] [39m[32mMapped {/admin/stations/:id, PATCH} route[39m[38;5;3m +0ms[39m
[32m[Nest] 284711  - [39m01/05/2026, 2:55:54 AM [32m    LOG[39m [38;5;3m[RouterExplorer] [39m[32mMapped {/admin/stations/:id, DELETE} route[39m[38;5;3m +0ms[39m
[32m[Nest] 284711  - [39m01/05/2026, 2:55:54 AM [32m    LOG[39m [38;5;3m[RoutesResolver] [39m[32mUsersController {/admin/users}:[39m[38;5;3m +0ms[39m
[32m[Nest] 284711  - [39m01/05/2026, 2:55:54 AM [32m    LOG[39m [38;5;3m[RouterExplorer] [39m[32mMapped {/admin/users, GET} route[39m[38;5;3m +0ms[39m
[32m[Nest] 284711  - [39m01/05/2026, 2:55:54 AM [32m    LOG[39m [38;5;3m[RouterExplorer] [39m[32mMapped {/admin/users/:id, GET} route[39m[38;5;3m +0ms[39m
[32m[Nest] 284711  - [39m01/05/2026, 2:55:54 AM [32m    LOG[39m [38;5;3m[RoutesResolver] [39m[32mBookingsController {/admin/bookings}:[39m[38;5;3m +0ms[39m
[32m[Nest] 284711  - [39m01/05/2026, 2:55:54 AM [32m    LOG[39m [38;5;3m[RouterExplorer] [39m[32mMapped {/admin/bookings, GET} route[39m[38;5;3m +0ms[39m
[32m[Nest] 284711  - [39m01/05/2026, 2:55:54 AM [32m    LOG[39m [38;5;3m[RouterExplorer] [39m[32mMapped {/admin/bookings/:id, GET} route[39m[38;5;3m +0ms[39m
[32m[Nest] 284711  - [39m01/05/2026, 2:55:54 AM [32m    LOG[39m [38;5;3m[RoutesResolver] [39m[32mStatsController {/admin/stats}:[39m[38;5;3m +0ms[39m
[32m[Nest] 284711  - [39m01/05/2026, 2:55:54 AM [32m    LOG[39m [38;5;3m[RouterExplorer] [39m[32mMapped {/admin/stats/dashboard, GET} route[39m[38;5;3m +0ms[39m
[32m[Nest] 284711  - [39m01/05/2026, 2:55:54 AM [32m    LOG[39m [38;5;3m[RoutesResolver] [39m[32mCoachesController {/admin/coaches}:[39m[38;5;3m +0ms[39m
[32m[Nest] 284711  - [39m01/05/2026, 2:55:54 AM [32m    LOG[39m [38;5;3m[RouterExplorer] [39m[32mMapped {/admin/coaches, GET} route[39m[38;5;3m +0ms[39m
[32m[Nest] 284711  - [39m01/05/2026, 2:55:54 AM [32m    LOG[39m [38;5;3m[RouterExplorer] [39m[32mMapped {/admin/coaches/:id, GET} route[39m[38;5;3m +1ms[39m
[32m[Nest] 284711  - [39m01/05/2026, 2:55:54 AM [32m    LOG[39m [38;5;3m[RouterExplorer] [39m[32mMapped {/admin/coaches, POST} route[39m[38;5;3m +0ms[39m
[32m[Nest] 284711  - [39m01/05/2026, 2:55:54 AM [32m    LOG[39m [38;5;3m[RouterExplorer] [39m[32mMapped {/admin/coaches/:id, PUT} route[39m[38;5;3m +0ms[39m
[32m[Nest] 284711  - [39m01/05/2026, 2:55:54 AM [32m    LOG[39m [38;5;3m[RouterExplorer] [39m[32mMapped {/admin/coaches/:id, DELETE} route[39m[38;5;3m +0ms[39m
[32m[Nest] 284711  - [39m01/05/2026, 2:55:54 AM [32m    LOG[39m [38;5;3m[RoutesResolver] [39m[32mSeatsController {/admin/seats}:[39m[38;5;3m +0ms[39m
[32m[Nest] 284711  - [39m01/05/2026, 2:55:54 AM [32m    LOG[39m [38;5;3m[RouterExplorer] [39m[32mMapped {/admin/seats, GET} route[39m[38;5;3m +0ms[39m
[32m[Nest] 284711  - [39m01/05/2026, 2:55:54 AM [32m    LOG[39m [38;5;3m[RouterExplorer] [39m[32mMapped {/admin/seats/:id, GET} route[39m[38;5;3m +0ms[39m
[32m[Nest] 284711  - [39m01/05/2026, 2:55:54 AM [32m    LOG[39m [38;5;3m[RouterExplorer] [39m[32mMapped {/admin/seats, POST} route[39m[38;5;3m +0ms[39m
[32m[Nest] 284711  - [39m01/05/2026, 2:55:54 AM [32m    LOG[39m [38;5;3m[RouterExplorer] [39m[32mMapped {/admin/seats/bulk, POST} route[39m[38;5;3m +0ms[39m
[32m[Nest] 284711  - [39m01/05/2026, 2:55:54 AM [32m    LOG[39m [38;5;3m[RouterExplorer] [39m[32mMapped {/admin/seats/:id, PUT} route[39m[38;5;3m +0ms[39m
[32m[Nest] 284711  - [39m01/05/2026, 2:55:54 AM [32m    LOG[39m [38;5;3m[RouterExplorer] [39m[32mMapped {/admin/seats/:id, DELETE} route[39m[38;5;3m +0ms[39m
[32m[Nest] 284711  - [39m01/05/2026, 2:55:54 AM [32m    LOG[39m [38;5;3m[RoutesResolver] [39m[32mSettingsController {/admin/settings}:[39m[38;5;3m +0ms[39m
[32m[Nest] 284711  - [39m01/05/2026, 2:55:54 AM [32m    LOG[39m [38;5;3m[RouterExplorer] [39m[32mMapped {/admin/settings, GET} route[39m[38;5;3m +0ms[39m
[32m[Nest] 284711  - [39m01/05/2026, 2:55:54 AM [32m    LOG[39m [38;5;3m[RouterExplorer] [39m[32mMapped {/admin/settings/:key, GET} route[39m[38;5;3m +0ms[39m
[32m[Nest] 284711  - [39m01/05/2026, 2:55:54 AM [32m    LOG[39m [38;5;3m[RouterExplorer] [39m[32mMapped {/admin/settings, POST} route[39m[38;5;3m +0ms[39m
[32m[Nest] 284711  - [39m01/05/2026, 2:55:54 AM [32m    LOG[39m [38;5;3m[RouterExplorer] [39m[32mMapped {/admin/settings/:key, PUT} route[39m[38;5;3m +0ms[39m
[32m[Nest] 284711  - [39m01/05/2026, 2:55:54 AM [32m    LOG[39m [38;5;3m[RouterExplorer] [39m[32mMapped {/admin/settings/:key, DELETE} route[39m[38;5;3m +0ms[39m
[32m[Nest] 284711  - [39m01/05/2026, 2:55:54 AM [32m    LOG[39m [38;5;3m[RoutesResolver] [39m[32mPaymentsController {/admin/payments}:[39m[38;5;3m +0ms[39m
[32m[Nest] 284711  - [39m01/05/2026, 2:55:54 AM [32m    LOG[39m [38;5;3m[RouterExplorer] [39m[32mMapped {/admin/payments/stats, GET} route[39m[38;5;3m +0ms[39m
[32m[Nest] 284711  - [39m01/05/2026, 2:55:54 AM [32m    LOG[39m [38;5;3m[RouterExplorer] [39m[32mMapped {/admin/payments, GET} route[39m[38;5;3m +0ms[39m
[32m[Nest] 284711  - [39m01/05/2026, 2:55:54 AM [32m    LOG[39m [38;5;3m[RouterExplorer] [39m[32mMapped {/admin/payments/:id, GET} route[39m[38;5;3m +1ms[39m
[32m[Nest] 284711  - [39m01/05/2026, 2:55:54 AM [32m    LOG[39m [38;5;3m[NestApplication] [39m[32mNest application successfully started[39m[38;5;3m +47ms[39m
[31m[Nest] 284711  - [39m01/05/2026, 2:55:54 AM [31m  ERROR[39m [38;5;3m[NestApplication] [39m[31mError: listen EADDRINUSE: address already in use :::3010[39m[38;5;3m +1ms[39m
Error: listen EADDRINUSE: address already in use :::3010
    at Server.setupListenHandle [as _listen2] (node:net:1908:16)
    at listenInCluster (node:net:1965:12)
    at Server.listen (node:net:2067:7)
    at ExpressAdapter.listen (/home/bayajidswe/My-files/my-projects/jatra-railway/node_modules/.pnpm/@nestjs+platform-express@10.4.20_@nestjs+common@10.4.20_class-transformer@0.5.1_class-v_bd7e093f0b2f45f3454d4c6bd5ff4f44/node_modules/@nestjs/platform-express/adapters/express-adapter.js:95:32)
    at /home/bayajidswe/My-files/my-projects/jatra-railway/node_modules/.pnpm/@nestjs+core@10.4.20_@nestjs+common@10.4.20_class-transformer@0.5.1_class-validator@0.1_6ee324c1921a1c6c0e69db7d70d61af1/node_modules/@nestjs/core/nest-application.js:183:30
    at new Promise (<anonymous>)
    at NestApplication.listen (/home/bayajidswe/My-files/my-projects/jatra-railway/node_modules/.pnpm/@nestjs+core@10.4.20_@nestjs+common@10.4.20_class-transformer@0.5.1_class-validator@0.1_6ee324c1921a1c6c0e69db7d70d61af1/node_modules/@nestjs/core/nest-application.js:173:16)
    at bootstrap (/home/bayajidswe/My-files/my-projects/jatra-railway/apps/admin-service/src/main.ts:45:3)
[ERROR] 02:55:54 Error: listen EADDRINUSE: address already in use :::3010
[INFO] 02:55:56 Restarting: /home/bayajidswe/My-files/my-projects/jatra-railway/apps/admin-service/src/journeys/journeys.service.ts has been modified
[32m[Nest] 284767  - [39m01/05/2026, 2:55:56 AM [32m    LOG[39m [38;5;3m[NestFactory] [39m[32mStarting Nest application...[39m
[32m[Nest] 284767  - [39m01/05/2026, 2:55:56 AM [32m    LOG[39m [38;5;3m[InstanceLoader] [39m[32mAppModule dependencies initialized[39m[38;5;3m +11ms[39m
[32m[Nest] 284767  - [39m01/05/2026, 2:55:56 AM [32m    LOG[39m [38;5;3m[InstanceLoader] [39m[32mPrismaModule dependencies initialized[39m[38;5;3m +0ms[39m
[32m[Nest] 284767  - [39m01/05/2026, 2:55:56 AM [32m    LOG[39m [38;5;3m[InstanceLoader] [39m[32mConfigHostModule dependencies initialized[39m[38;5;3m +0ms[39m
[32m[Nest] 284767  - [39m01/05/2026, 2:55:56 AM [32m    LOG[39m [38;5;3m[InstanceLoader] [39m[32mTrainsModule dependencies initialized[39m[38;5;3m +1ms[39m
[32m[Nest] 284767  - [39m01/05/2026, 2:55:56 AM [32m    LOG[39m [38;5;3m[InstanceLoader] [39m[32mRoutesModule dependencies initialized[39m[38;5;3m +0ms[39m
[32m[Nest] 284767  - [39m01/05/2026, 2:55:56 AM [32m    LOG[39m [38;5;3m[InstanceLoader] [39m[32mJourneysModule dependencies initialized[39m[38;5;3m +0ms[39m
[32m[Nest] 284767  - [39m01/05/2026, 2:55:56 AM [32m    LOG[39m [38;5;3m[InstanceLoader] [39m[32mStationsModule dependencies initialized[39m[38;5;3m +0ms[39m
[32m[Nest] 284767  - [39m01/05/2026, 2:55:56 AM [32m    LOG[39m [38;5;3m[InstanceLoader] [39m[32mUsersModule dependencies initialized[39m[38;5;3m +0ms[39m
[32m[Nest] 284767  - [39m01/05/2026, 2:55:56 AM [32m    LOG[39m [38;5;3m[InstanceLoader] [39m[32mBookingsModule dependencies initialized[39m[38;5;3m +0ms[39m
[32m[Nest] 284767  - [39m01/05/2026, 2:55:56 AM [32m    LOG[39m [38;5;3m[InstanceLoader] [39m[32mStatsModule dependencies initialized[39m[38;5;3m +0ms[39m
[32m[Nest] 284767  - [39m01/05/2026, 2:55:56 AM [32m    LOG[39m [38;5;3m[InstanceLoader] [39m[32mConfigModule dependencies initialized[39m[38;5;3m +0ms[39m
[32m[Nest] 284767  - [39m01/05/2026, 2:55:56 AM [32m    LOG[39m [38;5;3m[InstanceLoader] [39m[32mCoachesModule dependencies initialized[39m[38;5;3m +0ms[39m
[32m[Nest] 284767  - [39m01/05/2026, 2:55:56 AM [32m    LOG[39m [38;5;3m[InstanceLoader] [39m[32mSeatsModule dependencies initialized[39m[38;5;3m +0ms[39m
[32m[Nest] 284767  - [39m01/05/2026, 2:55:56 AM [32m    LOG[39m [38;5;3m[InstanceLoader] [39m[32mSettingsModule dependencies initialized[39m[38;5;3m +0ms[39m
[32m[Nest] 284767  - [39m01/05/2026, 2:55:56 AM [32m    LOG[39m [38;5;3m[InstanceLoader] [39m[32mPaymentsModule dependencies initialized[39m[38;5;3m +0ms[39m
[32m[Nest] 284767  - [39m01/05/2026, 2:55:56 AM [32m    LOG[39m [38;5;3m[RoutesResolver] [39m[32mTrainsController {/admin/trains}:[39m[38;5;3m +22ms[39m
[32m[Nest] 284767  - [39m01/05/2026, 2:55:56 AM [32m    LOG[39m [38;5;3m[RouterExplorer] [39m[32mMapped {/admin/trains, GET} route[39m[38;5;3m +1ms[39m
[32m[Nest] 284767  - [39m01/05/2026, 2:55:56 AM [32m    LOG[39m [38;5;3m[RouterExplorer] [39m[32mMapped {/admin/trains/:id, GET} route[39m[38;5;3m +0ms[39m
[32m[Nest] 284767  - [39m01/05/2026, 2:55:56 AM [32m    LOG[39m [38;5;3m[RouterExplorer] [39m[32mMapped {/admin/trains, POST} route[39m[38;5;3m +1ms[39m
[32m[Nest] 284767  - [39m01/05/2026, 2:55:56 AM [32m    LOG[39m [38;5;3m[RouterExplorer] [39m[32mMapped {/admin/trains/:id, PUT} route[39m[38;5;3m +0ms[39m
[32m[Nest] 284767  - [39m01/05/2026, 2:55:56 AM [32m    LOG[39m [38;5;3m[RouterExplorer] [39m[32mMapped {/admin/trains/:id, DELETE} route[39m[38;5;3m +0ms[39m
[32m[Nest] 284767  - [39m01/05/2026, 2:55:56 AM [32m    LOG[39m [38;5;3m[RoutesResolver] [39m[32mRoutesController {/admin/routes}:[39m[38;5;3m +0ms[39m
[32m[Nest] 284767  - [39m01/05/2026, 2:55:56 AM [32m    LOG[39m [38;5;3m[RouterExplorer] [39m[32mMapped {/admin/routes, GET} route[39m[38;5;3m +0ms[39m
[32m[Nest] 284767  - [39m01/05/2026, 2:55:56 AM [32m    LOG[39m [38;5;3m[RouterExplorer] [39m[32mMapped {/admin/routes/:id, GET} route[39m[38;5;3m +1ms[39m
[32m[Nest] 284767  - [39m01/05/2026, 2:55:56 AM [32m    LOG[39m [38;5;3m[RouterExplorer] [39m[32mMapped {/admin/routes, POST} route[39m[38;5;3m +0ms[39m
[32m[Nest] 284767  - [39m01/05/2026, 2:55:56 AM [32m    LOG[39m [38;5;3m[RouterExplorer] [39m[32mMapped {/admin/routes/:id, PATCH} route[39m[38;5;3m +0ms[39m
[32m[Nest] 284767  - [39m01/05/2026, 2:55:56 AM [32m    LOG[39m [38;5;3m[RouterExplorer] [39m[32mMapped {/admin/routes/:id, DELETE} route[39m[38;5;3m +1ms[39m
[32m[Nest] 284767  - [39m01/05/2026, 2:55:56 AM [32m    LOG[39m [38;5;3m[RoutesResolver] [39m[32mJourneysController {/admin/journeys}:[39m[38;5;3m +0ms[39m
[32m[Nest] 284767  - [39m01/05/2026, 2:55:56 AM [32m    LOG[39m [38;5;3m[RouterExplorer] [39m[32mMapped {/admin/journeys, GET} route[39m[38;5;3m +0ms[39m
[32m[Nest] 284767  - [39m01/05/2026, 2:55:56 AM [32m    LOG[39m [38;5;3m[RouterExplorer] [39m[32mMapped {/admin/journeys/:id, GET} route[39m[38;5;3m +0ms[39m
[32m[Nest] 284767  - [39m01/05/2026, 2:55:56 AM [32m    LOG[39m [38;5;3m[RouterExplorer] [39m[32mMapped {/admin/journeys, POST} route[39m[38;5;3m +0ms[39m
[32m[Nest] 284767  - [39m01/05/2026, 2:55:56 AM [32m    LOG[39m [38;5;3m[RouterExplorer] [39m[32mMapped {/admin/journeys/:id, PATCH} route[39m[38;5;3m +1ms[39m
[32m[Nest] 284767  - [39m01/05/2026, 2:55:56 AM [32m    LOG[39m [38;5;3m[RouterExplorer] [39m[32mMapped {/admin/journeys/:id, DELETE} route[39m[38;5;3m +0ms[39m
[32m[Nest] 284767  - [39m01/05/2026, 2:55:56 AM [32m    LOG[39m [38;5;3m[RoutesResolver] [39m[32mStationsController {/admin/stations}:[39m[38;5;3m +0ms[39m
[32m[Nest] 284767  - [39m01/05/2026, 2:55:56 AM [32m    LOG[39m [38;5;3m[RouterExplorer] [39m[32mMapped {/admin/stations, GET} route[39m[38;5;3m +0ms[39m
[32m[Nest] 284767  - [39m01/05/2026, 2:55:56 AM [32m    LOG[39m [38;5;3m[RouterExplorer] [39m[32mMapped {/admin/stations/:id, GET} route[39m[38;5;3m +0ms[39m
[32m[Nest] 284767  - [39m01/05/2026, 2:55:56 AM [32m    LOG[39m [38;5;3m[RouterExplorer] [39m[32mMapped {/admin/stations, POST} route[39m[38;5;3m +0ms[39m
[32m[Nest] 284767  - [39m01/05/2026, 2:55:56 AM [32m    LOG[39m [38;5;3m[RouterExplorer] [39m[32mMapped {/admin/stations/:id, PATCH} route[39m[38;5;3m +1ms[39m
[32m[Nest] 284767  - [39m01/05/2026, 2:55:56 AM [32m    LOG[39m [38;5;3m[RouterExplorer] [39m[32mMapped {/admin/stations/:id, DELETE} route[39m[38;5;3m +0ms[39m
[32m[Nest] 284767  - [39m01/05/2026, 2:55:56 AM [32m    LOG[39m [38;5;3m[RoutesResolver] [39m[32mUsersController {/admin/users}:[39m[38;5;3m +0ms[39m
[32m[Nest] 284767  - [39m01/05/2026, 2:55:56 AM [32m    LOG[39m [38;5;3m[RouterExplorer] [39m[32mMapped {/admin/users, GET} route[39m[38;5;3m +0ms[39m
[32m[Nest] 284767  - [39m01/05/2026, 2:55:56 AM [32m    LOG[39m [38;5;3m[RouterExplorer] [39m[32mMapped {/admin/users/:id, GET} route[39m[38;5;3m +0ms[39m
[32m[Nest] 284767  - [39m01/05/2026, 2:55:56 AM [32m    LOG[39m [38;5;3m[RoutesResolver] [39m[32mBookingsController {/admin/bookings}:[39m[38;5;3m +0ms[39m
[32m[Nest] 284767  - [39m01/05/2026, 2:55:56 AM [32m    LOG[39m [38;5;3m[RouterExplorer] [39m[32mMapped {/admin/bookings, GET} route[39m[38;5;3m +1ms[39m
[32m[Nest] 284767  - [39m01/05/2026, 2:55:56 AM [32m    LOG[39m [38;5;3m[RouterExplorer] [39m[32mMapped {/admin/bookings/:id, GET} route[39m[38;5;3m +0ms[39m
[32m[Nest] 284767  - [39m01/05/2026, 2:55:56 AM [32m    LOG[39m [38;5;3m[RoutesResolver] [39m[32mStatsController {/admin/stats}:[39m[38;5;3m +0ms[39m
[32m[Nest] 284767  - [39m01/05/2026, 2:55:56 AM [32m    LOG[39m [38;5;3m[RouterExplorer] [39m[32mMapped {/admin/stats/dashboard, GET} route[39m[38;5;3m +0ms[39m
[32m[Nest] 284767  - [39m01/05/2026, 2:55:56 AM [32m    LOG[39m [38;5;3m[RoutesResolver] [39m[32mCoachesController {/admin/coaches}:[39m[38;5;3m +0ms[39m
[32m[Nest] 284767  - [39m01/05/2026, 2:55:56 AM [32m    LOG[39m [38;5;3m[RouterExplorer] [39m[32mMapped {/admin/coaches, GET} route[39m[38;5;3m +0ms[39m
[32m[Nest] 284767  - [39m01/05/2026, 2:55:56 AM [32m    LOG[39m [38;5;3m[RouterExplorer] [39m[32mMapped {/admin/coaches/:id, GET} route[39m[38;5;3m +0ms[39m
[32m[Nest] 284767  - [39m01/05/2026, 2:55:56 AM [32m    LOG[39m [38;5;3m[RouterExplorer] [39m[32mMapped {/admin/coaches, POST} route[39m[38;5;3m +0ms[39m
[32m[Nest] 284767  - [39m01/05/2026, 2:55:56 AM [32m    LOG[39m [38;5;3m[RouterExplorer] [39m[32mMapped {/admin/coaches/:id, PUT} route[39m[38;5;3m +0ms[39m
[32m[Nest] 284767  - [39m01/05/2026, 2:55:56 AM [32m    LOG[39m [38;5;3m[RouterExplorer] [39m[32mMapped {/admin/coaches/:id, DELETE} route[39m[38;5;3m +0ms[39m
[32m[Nest] 284767  - [39m01/05/2026, 2:55:56 AM [32m    LOG[39m [38;5;3m[RoutesResolver] [39m[32mSeatsController {/admin/seats}:[39m[38;5;3m +0ms[39m
[32m[Nest] 284767  - [39m01/05/2026, 2:55:56 AM [32m    LOG[39m [38;5;3m[RouterExplorer] [39m[32mMapped {/admin/seats, GET} route[39m[38;5;3m +0ms[39m
[32m[Nest] 284767  - [39m01/05/2026, 2:55:56 AM [32m    LOG[39m [38;5;3m[RouterExplorer] [39m[32mMapped {/admin/seats/:id, GET} route[39m[38;5;3m +0ms[39m
[32m[Nest] 284767  - [39m01/05/2026, 2:55:56 AM [32m    LOG[39m [38;5;3m[RouterExplorer] [39m[32mMapped {/admin/seats, POST} route[39m[38;5;3m +0ms[39m
[32m[Nest] 284767  - [39m01/05/2026, 2:55:56 AM [32m    LOG[39m [38;5;3m[RouterExplorer] [39m[32mMapped {/admin/seats/bulk, POST} route[39m[38;5;3m +0ms[39m
[32m[Nest] 284767  - [39m01/05/2026, 2:55:56 AM [32m    LOG[39m [38;5;3m[RouterExplorer] [39m[32mMapped {/admin/seats/:id, PUT} route[39m[38;5;3m +0ms[39m
[32m[Nest] 284767  - [39m01/05/2026, 2:55:56 AM [32m    LOG[39m [38;5;3m[RouterExplorer] [39m[32mMapped {/admin/seats/:id, DELETE} route[39m[38;5;3m +0ms[39m
[32m[Nest] 284767  - [39m01/05/2026, 2:55:56 AM [32m    LOG[39m [38;5;3m[RoutesResolver] [39m[32mSettingsController {/admin/settings}:[39m[38;5;3m +1ms[39m
[32m[Nest] 284767  - [39m01/05/2026, 2:55:56 AM [32m    LOG[39m [38;5;3m[RouterExplorer] [39m[32mMapped {/admin/settings, GET} route[39m[38;5;3m +0ms[39m
[32m[Nest] 284767  - [39m01/05/2026, 2:55:56 AM [32m    LOG[39m [38;5;3m[RouterExplorer] [39m[32mMapped {/admin/settings/:key, GET} route[39m[38;5;3m +0ms[39m
[32m[Nest] 284767  - [39m01/05/2026, 2:55:56 AM [32m    LOG[39m [38;5;3m[RouterExplorer] [39m[32mMapped {/admin/settings, POST} route[39m[38;5;3m +0ms[39m
[32m[Nest] 284767  - [39m01/05/2026, 2:55:56 AM [32m    LOG[39m [38;5;3m[RouterExplorer] [39m[32mMapped {/admin/settings/:key, PUT} route[39m[38;5;3m +0ms[39m
[32m[Nest] 284767  - [39m01/05/2026, 2:55:56 AM [32m    LOG[39m [38;5;3m[RouterExplorer] [39m[32mMapped {/admin/settings/:key, DELETE} route[39m[38;5;3m +0ms[39m
[32m[Nest] 284767  - [39m01/05/2026, 2:55:56 AM [32m    LOG[39m [38;5;3m[RoutesResolver] [39m[32mPaymentsController {/admin/payments}:[39m[38;5;3m +0ms[39m
[32m[Nest] 284767  - [39m01/05/2026, 2:55:56 AM [32m    LOG[39m [38;5;3m[RouterExplorer] [39m[32mMapped {/admin/payments/stats, GET} route[39m[38;5;3m +0ms[39m
[32m[Nest] 284767  - [39m01/05/2026, 2:55:56 AM [32m    LOG[39m [38;5;3m[RouterExplorer] [39m[32mMapped {/admin/payments, GET} route[39m[38;5;3m +0ms[39m
[32m[Nest] 284767  - [39m01/05/2026, 2:55:56 AM [32m    LOG[39m [38;5;3m[RouterExplorer] [39m[32mMapped {/admin/payments/:id, GET} route[39m[38;5;3m +0ms[39m
[32m[Nest] 284767  - [39m01/05/2026, 2:55:56 AM [32m    LOG[39m [38;5;3m[NestApplication] [39m[32mNest application successfully started[39m[38;5;3m +46ms[39m
[31m[Nest] 284767  - [39m01/05/2026, 2:55:56 AM [31m  ERROR[39m [38;5;3m[NestApplication] [39m[31mError: listen EADDRINUSE: address already in use :::3010[39m[38;5;3m +1ms[39m
Error: listen EADDRINUSE: address already in use :::3010
    at Server.setupListenHandle [as _listen2] (node:net:1908:16)
    at listenInCluster (node:net:1965:12)
    at Server.listen (node:net:2067:7)
    at ExpressAdapter.listen (/home/bayajidswe/My-files/my-projects/jatra-railway/node_modules/.pnpm/@nestjs+platform-express@10.4.20_@nestjs+common@10.4.20_class-transformer@0.5.1_class-v_bd7e093f0b2f45f3454d4c6bd5ff4f44/node_modules/@nestjs/platform-express/adapters/express-adapter.js:95:32)
    at /home/bayajidswe/My-files/my-projects/jatra-railway/node_modules/.pnpm/@nestjs+core@10.4.20_@nestjs+common@10.4.20_class-transformer@0.5.1_class-validator@0.1_6ee324c1921a1c6c0e69db7d70d61af1/node_modules/@nestjs/core/nest-application.js:183:30
    at new Promise (<anonymous>)
    at NestApplication.listen (/home/bayajidswe/My-files/my-projects/jatra-railway/node_modules/.pnpm/@nestjs+core@10.4.20_@nestjs+common@10.4.20_class-transformer@0.5.1_class-validator@0.1_6ee324c1921a1c6c0e69db7d70d61af1/node_modules/@nestjs/core/nest-application.js:173:16)
    at bootstrap (/home/bayajidswe/My-files/my-projects/jatra-railway/apps/admin-service/src/main.ts:45:3)
[ERROR] 02:55:56 Error: listen EADDRINUSE: address already in use :::3010
[INFO] 02:55:58 Restarting: /home/bayajidswe/My-files/my-projects/jatra-railway/apps/admin-service/src/journeys/journeys.service.ts has been modified
[32m[Nest] 284840  - [39m01/05/2026, 2:55:58 AM [32m    LOG[39m [38;5;3m[NestFactory] [39m[32mStarting Nest application...[39m
[32m[Nest] 284840  - [39m01/05/2026, 2:55:58 AM [32m    LOG[39m [38;5;3m[InstanceLoader] [39m[32mAppModule dependencies initialized[39m[38;5;3m +9ms[39m
[32m[Nest] 284840  - [39m01/05/2026, 2:55:58 AM [32m    LOG[39m [38;5;3m[InstanceLoader] [39m[32mPrismaModule dependencies initialized[39m[38;5;3m +0ms[39m
[32m[Nest] 284840  - [39m01/05/2026, 2:55:58 AM [32m    LOG[39m [38;5;3m[InstanceLoader] [39m[32mConfigHostModule dependencies initialized[39m[38;5;3m +1ms[39m
[32m[Nest] 284840  - [39m01/05/2026, 2:55:58 AM [32m    LOG[39m [38;5;3m[InstanceLoader] [39m[32mTrainsModule dependencies initialized[39m[38;5;3m +0ms[39m
[32m[Nest] 284840  - [39m01/05/2026, 2:55:58 AM [32m    LOG[39m [38;5;3m[InstanceLoader] [39m[32mRoutesModule dependencies initialized[39m[38;5;3m +0ms[39m
[32m[Nest] 284840  - [39m01/05/2026, 2:55:58 AM [32m    LOG[39m [38;5;3m[InstanceLoader] [39m[32mJourneysModule dependencies initialized[39m[38;5;3m +0ms[39m
[32m[Nest] 284840  - [39m01/05/2026, 2:55:58 AM [32m    LOG[39m [38;5;3m[InstanceLoader] [39m[32mStationsModule dependencies initialized[39m[38;5;3m +0ms[39m
[32m[Nest] 284840  - [39m01/05/2026, 2:55:58 AM [32m    LOG[39m [38;5;3m[InstanceLoader] [39m[32mUsersModule dependencies initialized[39m[38;5;3m +0ms[39m
[32m[Nest] 284840  - [39m01/05/2026, 2:55:58 AM [32m    LOG[39m [38;5;3m[InstanceLoader] [39m[32mBookingsModule dependencies initialized[39m[38;5;3m +0ms[39m
[32m[Nest] 284840  - [39m01/05/2026, 2:55:58 AM [32m    LOG[39m [38;5;3m[InstanceLoader] [39m[32mStatsModule dependencies initialized[39m[38;5;3m +0ms[39m
[32m[Nest] 284840  - [39m01/05/2026, 2:55:58 AM [32m    LOG[39m [38;5;3m[InstanceLoader] [39m[32mConfigModule dependencies initialized[39m[38;5;3m +0ms[39m
[32m[Nest] 284840  - [39m01/05/2026, 2:55:58 AM [32m    LOG[39m [38;5;3m[InstanceLoader] [39m[32mCoachesModule dependencies initialized[39m[38;5;3m +0ms[39m
[32m[Nest] 284840  - [39m01/05/2026, 2:55:58 AM [32m    LOG[39m [38;5;3m[InstanceLoader] [39m[32mSeatsModule dependencies initialized[39m[38;5;3m +0ms[39m
[32m[Nest] 284840  - [39m01/05/2026, 2:55:58 AM [32m    LOG[39m [38;5;3m[InstanceLoader] [39m[32mSettingsModule dependencies initialized[39m[38;5;3m +0ms[39m
[32m[Nest] 284840  - [39m01/05/2026, 2:55:58 AM [32m    LOG[39m [38;5;3m[InstanceLoader] [39m[32mPaymentsModule dependencies initialized[39m[38;5;3m +0ms[39m
[32m[Nest] 284840  - [39m01/05/2026, 2:55:58 AM [32m    LOG[39m [38;5;3m[RoutesResolver] [39m[32mTrainsController {/admin/trains}:[39m[38;5;3m +25ms[39m
[32m[Nest] 284840  - [39m01/05/2026, 2:55:58 AM [32m    LOG[39m [38;5;3m[RouterExplorer] [39m[32mMapped {/admin/trains, GET} route[39m[38;5;3m +2ms[39m
[32m[Nest] 284840  - [39m01/05/2026, 2:55:58 AM [32m    LOG[39m [38;5;3m[RouterExplorer] [39m[32mMapped {/admin/trains/:id, GET} route[39m[38;5;3m +0ms[39m
[32m[Nest] 284840  - [39m01/05/2026, 2:55:58 AM [32m    LOG[39m [38;5;3m[RouterExplorer] [39m[32mMapped {/admin/trains, POST} route[39m[38;5;3m +0ms[39m
[32m[Nest] 284840  - [39m01/05/2026, 2:55:58 AM [32m    LOG[39m [38;5;3m[RouterExplorer] [39m[32mMapped {/admin/trains/:id, PUT} route[39m[38;5;3m +1ms[39m
[32m[Nest] 284840  - [39m01/05/2026, 2:55:58 AM [32m    LOG[39m [38;5;3m[RouterExplorer] [39m[32mMapped {/admin/trains/:id, DELETE} route[39m[38;5;3m +0ms[39m
[32m[Nest] 284840  - [39m01/05/2026, 2:55:58 AM [32m    LOG[39m [38;5;3m[RoutesResolver] [39m[32mRoutesController {/admin/routes}:[39m[38;5;3m +0ms[39m
[32m[Nest] 284840  - [39m01/05/2026, 2:55:58 AM [32m    LOG[39m [38;5;3m[RouterExplorer] [39m[32mMapped {/admin/routes, GET} route[39m[38;5;3m +0ms[39m
[32m[Nest] 284840  - [39m01/05/2026, 2:55:58 AM [32m    LOG[39m [38;5;3m[RouterExplorer] [39m[32mMapped {/admin/routes/:id, GET} route[39m[38;5;3m +0ms[39m
[32m[Nest] 284840  - [39m01/05/2026, 2:55:58 AM [32m    LOG[39m [38;5;3m[RouterExplorer] [39m[32mMapped {/admin/routes, POST} route[39m[38;5;3m +0ms[39m
[32m[Nest] 284840  - [39m01/05/2026, 2:55:58 AM [32m    LOG[39m [38;5;3m[RouterExplorer] [39m[32mMapped {/admin/routes/:id, PATCH} route[39m[38;5;3m +1ms[39m
[32m[Nest] 284840  - [39m01/05/2026, 2:55:58 AM [32m    LOG[39m [38;5;3m[RouterExplorer] [39m[32mMapped {/admin/routes/:id, DELETE} route[39m[38;5;3m +0ms[39m
[32m[Nest] 284840  - [39m01/05/2026, 2:55:58 AM [32m    LOG[39m [38;5;3m[RoutesResolver] [39m[32mJourneysController {/admin/journeys}:[39m[38;5;3m +0ms[39m
[32m[Nest] 284840  - [39m01/05/2026, 2:55:58 AM [32m    LOG[39m [38;5;3m[RouterExplorer] [39m[32mMapped {/admin/journeys, GET} route[39m[38;5;3m +0ms[39m
[32m[Nest] 284840  - [39m01/05/2026, 2:55:58 AM [32m    LOG[39m [38;5;3m[RouterExplorer] [39m[32mMapped {/admin/journeys/:id, GET} route[39m[38;5;3m +0ms[39m
[32m[Nest] 284840  - [39m01/05/2026, 2:55:58 AM [32m    LOG[39m [38;5;3m[RouterExplorer] [39m[32mMapped {/admin/journeys, POST} route[39m[38;5;3m +0ms[39m
[32m[Nest] 284840  - [39m01/05/2026, 2:55:58 AM [32m    LOG[39m [38;5;3m[RouterExplorer] [39m[32mMapped {/admin/journeys/:id, PATCH} route[39m[38;5;3m +0ms[39m
[32m[Nest] 284840  - [39m01/05/2026, 2:55:58 AM [32m    LOG[39m [38;5;3m[RouterExplorer] [39m[32mMapped {/admin/journeys/:id, DELETE} route[39m[38;5;3m +0ms[39m
[32m[Nest] 284840  - [39m01/05/2026, 2:55:58 AM [32m    LOG[39m [38;5;3m[RoutesResolver] [39m[32mStationsController {/admin/stations}:[39m[38;5;3m +0ms[39m
[32m[Nest] 284840  - [39m01/05/2026, 2:55:58 AM [32m    LOG[39m [38;5;3m[RouterExplorer] [39m[32mMapped {/admin/stations, GET} route[39m[38;5;3m +1ms[39m
[32m[Nest] 284840  - [39m01/05/2026, 2:55:58 AM [32m    LOG[39m [38;5;3m[RouterExplorer] [39m[32mMapped {/admin/stations/:id, GET} route[39m[38;5;3m +0ms[39m
[32m[Nest] 284840  - [39m01/05/2026, 2:55:58 AM [32m    LOG[39m [38;5;3m[RouterExplorer] [39m[32mMapped {/admin/stations, POST} route[39m[38;5;3m +0ms[39m
[32m[Nest] 284840  - [39m01/05/2026, 2:55:58 AM [32m    LOG[39m [38;5;3m[RouterExplorer] [39m[32mMapped {/admin/stations/:id, PATCH} route[39m[38;5;3m +0ms[39m
[32m[Nest] 284840  - [39m01/05/2026, 2:55:58 AM [32m    LOG[39m [38;5;3m[RouterExplorer] [39m[32mMapped {/admin/stations/:id, DELETE} route[39m[38;5;3m +0ms[39m
[32m[Nest] 284840  - [39m01/05/2026, 2:55:58 AM [32m    LOG[39m [38;5;3m[RoutesResolver] [39m[32mUsersController {/admin/users}:[39m[38;5;3m +0ms[39m
[32m[Nest] 284840  - [39m01/05/2026, 2:55:58 AM [32m    LOG[39m [38;5;3m[RouterExplorer] [39m[32mMapped {/admin/users, GET} route[39m[38;5;3m +0ms[39m
[32m[Nest] 284840  - [39m01/05/2026, 2:55:58 AM [32m    LOG[39m [38;5;3m[RouterExplorer] [39m[32mMapped {/admin/users/:id, GET} route[39m[38;5;3m +0ms[39m
[32m[Nest] 284840  - [39m01/05/2026, 2:55:58 AM [32m    LOG[39m [38;5;3m[RoutesResolver] [39m[32mBookingsController {/admin/bookings}:[39m[38;5;3m +0ms[39m
[32m[Nest] 284840  - [39m01/05/2026, 2:55:58 AM [32m    LOG[39m [38;5;3m[RouterExplorer] [39m[32mMapped {/admin/bookings, GET} route[39m[38;5;3m +0ms[39m
[32m[Nest] 284840  - [39m01/05/2026, 2:55:58 AM [32m    LOG[39m [38;5;3m[RouterExplorer] [39m[32mMapped {/admin/bookings/:id, GET} route[39m[38;5;3m +0ms[39m
[32m[Nest] 284840  - [39m01/05/2026, 2:55:58 AM [32m    LOG[39m [38;5;3m[RoutesResolver] [39m[32mStatsController {/admin/stats}:[39m[38;5;3m +0ms[39m
[32m[Nest] 284840  - [39m01/05/2026, 2:55:58 AM [32m    LOG[39m [38;5;3m[RouterExplorer] [39m[32mMapped {/admin/stats/dashboard, GET} route[39m[38;5;3m +0ms[39m
[32m[Nest] 284840  - [39m01/05/2026, 2:55:58 AM [32m    LOG[39m [38;5;3m[RoutesResolver] [39m[32mCoachesController {/admin/coaches}:[39m[38;5;3m +0ms[39m
[32m[Nest] 284840  - [39m01/05/2026, 2:55:58 AM [32m    LOG[39m [38;5;3m[RouterExplorer] [39m[32mMapped {/admin/coaches, GET} route[39m[38;5;3m +0ms[39m
[32m[Nest] 284840  - [39m01/05/2026, 2:55:58 AM [32m    LOG[39m [38;5;3m[RouterExplorer] [39m[32mMapped {/admin/coaches/:id, GET} route[39m[38;5;3m +0ms[39m
[32m[Nest] 284840  - [39m01/05/2026, 2:55:58 AM [32m    LOG[39m [38;5;3m[RouterExplorer] [39m[32mMapped {/admin/coaches, POST} route[39m[38;5;3m +0ms[39m
[32m[Nest] 284840  - [39m01/05/2026, 2:55:58 AM [32m    LOG[39m [38;5;3m[RouterExplorer] [39m[32mMapped {/admin/coaches/:id, PUT} route[39m[38;5;3m +0ms[39m
[32m[Nest] 284840  - [39m01/05/2026, 2:55:58 AM [32m    LOG[39m [38;5;3m[RouterExplorer] [39m[32mMapped {/admin/coaches/:id, DELETE} route[39m[38;5;3m +0ms[39m
[32m[Nest] 284840  - [39m01/05/2026, 2:55:58 AM [32m    LOG[39m [38;5;3m[RoutesResolver] [39m[32mSeatsController {/admin/seats}:[39m[38;5;3m +0ms[39m
[32m[Nest] 284840  - [39m01/05/2026, 2:55:58 AM [32m    LOG[39m [38;5;3m[RouterExplorer] [39m[32mMapped {/admin/seats, GET} route[39m[38;5;3m +0ms[39m
[32m[Nest] 284840  - [39m01/05/2026, 2:55:58 AM [32m    LOG[39m [38;5;3m[RouterExplorer] [39m[32mMapped {/admin/seats/:id, GET} route[39m[38;5;3m +0ms[39m
[32m[Nest] 284840  - [39m01/05/2026, 2:55:58 AM [32m    LOG[39m [38;5;3m[RouterExplorer] [39m[32mMapped {/admin/seats, POST} route[39m[38;5;3m +0ms[39m
[32m[Nest] 284840  - [39m01/05/2026, 2:55:58 AM [32m    LOG[39m [38;5;3m[RouterExplorer] [39m[32mMapped {/admin/seats/bulk, POST} route[39m[38;5;3m +1ms[39m
[32m[Nest] 284840  - [39m01/05/2026, 2:55:58 AM [32m    LOG[39m [38;5;3m[RouterExplorer] [39m[32mMapped {/admin/seats/:id, PUT} route[39m[38;5;3m +0ms[39m
[32m[Nest] 284840  - [39m01/05/2026, 2:55:58 AM [32m    LOG[39m [38;5;3m[RouterExplorer] [39m[32mMapped {/admin/seats/:id, DELETE} route[39m[38;5;3m +0ms[39m
[32m[Nest] 284840  - [39m01/05/2026, 2:55:58 AM [32m    LOG[39m [38;5;3m[RoutesResolver] [39m[32mSettingsController {/admin/settings}:[39m[38;5;3m +0ms[39m
[32m[Nest] 284840  - [39m01/05/2026, 2:55:58 AM [32m    LOG[39m [38;5;3m[RouterExplorer] [39m[32mMapped {/admin/settings, GET} route[39m[38;5;3m +0ms[39m
[32m[Nest] 284840  - [39m01/05/2026, 2:55:58 AM [32m    LOG[39m [38;5;3m[RouterExplorer] [39m[32mMapped {/admin/settings/:key, GET} route[39m[38;5;3m +0ms[39m
[32m[Nest] 284840  - [39m01/05/2026, 2:55:58 AM [32m    LOG[39m [38;5;3m[RouterExplorer] [39m[32mMapped {/admin/settings, POST} route[39m[38;5;3m +0ms[39m
[32m[Nest] 284840  - [39m01/05/2026, 2:55:58 AM [32m    LOG[39m [38;5;3m[RouterExplorer] [39m[32mMapped {/admin/settings/:key, PUT} route[39m[38;5;3m +0ms[39m
[32m[Nest] 284840  - [39m01/05/2026, 2:55:58 AM [32m    LOG[39m [38;5;3m[RouterExplorer] [39m[32mMapped {/admin/settings/:key, DELETE} route[39m[38;5;3m +0ms[39m
[32m[Nest] 284840  - [39m01/05/2026, 2:55:58 AM [32m    LOG[39m [38;5;3m[RoutesResolver] [39m[32mPaymentsController {/admin/payments}:[39m[38;5;3m +0ms[39m
[32m[Nest] 284840  - [39m01/05/2026, 2:55:58 AM [32m    LOG[39m [38;5;3m[RouterExplorer] [39m[32mMapped {/admin/payments/stats, GET} route[39m[38;5;3m +0ms[39m
[32m[Nest] 284840  - [39m01/05/2026, 2:55:58 AM [32m    LOG[39m [38;5;3m[RouterExplorer] [39m[32mMapped {/admin/payments, GET} route[39m[38;5;3m +0ms[39m
[32m[Nest] 284840  - [39m01/05/2026, 2:55:58 AM [32m    LOG[39m [38;5;3m[RouterExplorer] [39m[32mMapped {/admin/payments/:id, GET} route[39m[38;5;3m +0ms[39m
[32m[Nest] 284840  - [39m01/05/2026, 2:55:58 AM [32m    LOG[39m [38;5;3m[NestApplication] [39m[32mNest application successfully started[39m[38;5;3m +46ms[39m
🚀 Admin Service is running on: http://localhost:3010
📚 Swagger documentation: http://localhost:3010/api/docs
🔐 Admin operations - requires ADMIN role
[INFO] 02:56:18 Restarting: /home/bayajidswe/My-files/my-projects/jatra-railway/apps/admin-service/src/trains/trains.service.ts has been modified
[32m[Nest] 285225  - [39m01/05/2026, 2:56:18 AM [32m    LOG[39m [38;5;3m[NestFactory] [39m[32mStarting Nest application...[39m
[32m[Nest] 285225  - [39m01/05/2026, 2:56:18 AM [32m    LOG[39m [38;5;3m[InstanceLoader] [39m[32mAppModule dependencies initialized[39m[38;5;3m +10ms[39m
[32m[Nest] 285225  - [39m01/05/2026, 2:56:18 AM [32m    LOG[39m [38;5;3m[InstanceLoader] [39m[32mPrismaModule dependencies initialized[39m[38;5;3m +0ms[39m
[32m[Nest] 285225  - [39m01/05/2026, 2:56:18 AM [32m    LOG[39m [38;5;3m[InstanceLoader] [39m[32mConfigHostModule dependencies initialized[39m[38;5;3m +0ms[39m
[32m[Nest] 285225  - [39m01/05/2026, 2:56:18 AM [32m    LOG[39m [38;5;3m[InstanceLoader] [39m[32mTrainsModule dependencies initialized[39m[38;5;3m +1ms[39m
[32m[Nest] 285225  - [39m01/05/2026, 2:56:18 AM [32m    LOG[39m [38;5;3m[InstanceLoader] [39m[32mRoutesModule dependencies initialized[39m[38;5;3m +0ms[39m
[32m[Nest] 285225  - [39m01/05/2026, 2:56:18 AM [32m    LOG[39m [38;5;3m[InstanceLoader] [39m[32mJourneysModule dependencies initialized[39m[38;5;3m +0ms[39m
[32m[Nest] 285225  - [39m01/05/2026, 2:56:18 AM [32m    LOG[39m [38;5;3m[InstanceLoader] [39m[32mStationsModule dependencies initialized[39m[38;5;3m +0ms[39m
[32m[Nest] 285225  - [39m01/05/2026, 2:56:18 AM [32m    LOG[39m [38;5;3m[InstanceLoader] [39m[32mUsersModule dependencies initialized[39m[38;5;3m +0ms[39m
[32m[Nest] 285225  - [39m01/05/2026, 2:56:18 AM [32m    LOG[39m [38;5;3m[InstanceLoader] [39m[32mBookingsModule dependencies initialized[39m[38;5;3m +0ms[39m
[32m[Nest] 285225  - [39m01/05/2026, 2:56:18 AM [32m    LOG[39m [38;5;3m[InstanceLoader] [39m[32mStatsModule dependencies initialized[39m[38;5;3m +0ms[39m
[32m[Nest] 285225  - [39m01/05/2026, 2:56:18 AM [32m    LOG[39m [38;5;3m[InstanceLoader] [39m[32mConfigModule dependencies initialized[39m[38;5;3m +0ms[39m
[32m[Nest] 285225  - [39m01/05/2026, 2:56:18 AM [32m    LOG[39m [38;5;3m[InstanceLoader] [39m[32mCoachesModule dependencies initialized[39m[38;5;3m +0ms[39m
[32m[Nest] 285225  - [39m01/05/2026, 2:56:18 AM [32m    LOG[39m [38;5;3m[InstanceLoader] [39m[32mSeatsModule dependencies initialized[39m[38;5;3m +0ms[39m
[32m[Nest] 285225  - [39m01/05/2026, 2:56:18 AM [32m    LOG[39m [38;5;3m[InstanceLoader] [39m[32mSettingsModule dependencies initialized[39m[38;5;3m +0ms[39m
[32m[Nest] 285225  - [39m01/05/2026, 2:56:18 AM [32m    LOG[39m [38;5;3m[InstanceLoader] [39m[32mPaymentsModule dependencies initialized[39m[38;5;3m +0ms[39m
[32m[Nest] 285225  - [39m01/05/2026, 2:56:19 AM [32m    LOG[39m [38;5;3m[RoutesResolver] [39m[32mTrainsController {/admin/trains}:[39m[38;5;3m +25ms[39m
[32m[Nest] 285225  - [39m01/05/2026, 2:56:19 AM [32m    LOG[39m [38;5;3m[RouterExplorer] [39m[32mMapped {/admin/trains, GET} route[39m[38;5;3m +2ms[39m
[32m[Nest] 285225  - [39m01/05/2026, 2:56:19 AM [32m    LOG[39m [38;5;3m[RouterExplorer] [39m[32mMapped {/admin/trains/:id, GET} route[39m[38;5;3m +0ms[39m
[32m[Nest] 285225  - [39m01/05/2026, 2:56:19 AM [32m    LOG[39m [38;5;3m[RouterExplorer] [39m[32mMapped {/admin/trains, POST} route[39m[38;5;3m +0ms[39m
[32m[Nest] 285225  - [39m01/05/2026, 2:56:19 AM [32m    LOG[39m [38;5;3m[RouterExplorer] [39m[32mMapped {/admin/trains/:id, PUT} route[39m[38;5;3m +0ms[39m
[32m[Nest] 285225  - [39m01/05/2026, 2:56:19 AM [32m    LOG[39m [38;5;3m[RouterExplorer] [39m[32mMapped {/admin/trains/:id, DELETE} route[39m[38;5;3m +0ms[39m
[32m[Nest] 285225  - [39m01/05/2026, 2:56:19 AM [32m    LOG[39m [38;5;3m[RoutesResolver] [39m[32mRoutesController {/admin/routes}:[39m[38;5;3m +0ms[39m
[32m[Nest] 285225  - [39m01/05/2026, 2:56:19 AM [32m    LOG[39m [38;5;3m[RouterExplorer] [39m[32mMapped {/admin/routes, GET} route[39m[38;5;3m +1ms[39m
[32m[Nest] 285225  - [39m01/05/2026, 2:56:19 AM [32m    LOG[39m [38;5;3m[RouterExplorer] [39m[32mMapped {/admin/routes/:id, GET} route[39m[38;5;3m +0ms[39m
[32m[Nest] 285225  - [39m01/05/2026, 2:56:19 AM [32m    LOG[39m [38;5;3m[RouterExplorer] [39m[32mMapped {/admin/routes, POST} route[39m[38;5;3m +0ms[39m
[32m[Nest] 285225  - [39m01/05/2026, 2:56:19 AM [32m    LOG[39m [38;5;3m[RouterExplorer] [39m[32mMapped {/admin/routes/:id, PATCH} route[39m[38;5;3m +0ms[39m
[32m[Nest] 285225  - [39m01/05/2026, 2:56:19 AM [32m    LOG[39m [38;5;3m[RouterExplorer] [39m[32mMapped {/admin/routes/:id, DELETE} route[39m[38;5;3m +0ms[39m
[32m[Nest] 285225  - [39m01/05/2026, 2:56:19 AM [32m    LOG[39m [38;5;3m[RoutesResolver] [39m[32mJourneysController {/admin/journeys}:[39m[38;5;3m +0ms[39m
[32m[Nest] 285225  - [39m01/05/2026, 2:56:19 AM [32m    LOG[39m [38;5;3m[RouterExplorer] [39m[32mMapped {/admin/journeys, GET} route[39m[38;5;3m +0ms[39m
[32m[Nest] 285225  - [39m01/05/2026, 2:56:19 AM [32m    LOG[39m [38;5;3m[RouterExplorer] [39m[32mMapped {/admin/journeys/:id, GET} route[39m[38;5;3m +0ms[39m
[32m[Nest] 285225  - [39m01/05/2026, 2:56:19 AM [32m    LOG[39m [38;5;3m[RouterExplorer] [39m[32mMapped {/admin/journeys, POST} route[39m[38;5;3m +0ms[39m
[32m[Nest] 285225  - [39m01/05/2026, 2:56:19 AM [32m    LOG[39m [38;5;3m[RouterExplorer] [39m[32mMapped {/admin/journeys/:id, PATCH} route[39m[38;5;3m +1ms[39m
[32m[Nest] 285225  - [39m01/05/2026, 2:56:19 AM [32m    LOG[39m [38;5;3m[RouterExplorer] [39m[32mMapped {/admin/journeys/:id, DELETE} route[39m[38;5;3m +0ms[39m
[32m[Nest] 285225  - [39m01/05/2026, 2:56:19 AM [32m    LOG[39m [38;5;3m[RoutesResolver] [39m[32mStationsController {/admin/stations}:[39m[38;5;3m +0ms[39m
[32m[Nest] 285225  - [39m01/05/2026, 2:56:19 AM [32m    LOG[39m [38;5;3m[RouterExplorer] [39m[32mMapped {/admin/stations, GET} route[39m[38;5;3m +0ms[39m
[32m[Nest] 285225  - [39m01/05/2026, 2:56:19 AM [32m    LOG[39m [38;5;3m[RouterExplorer] [39m[32mMapped {/admin/stations/:id, GET} route[39m[38;5;3m +0ms[39m
[32m[Nest] 285225  - [39m01/05/2026, 2:56:19 AM [32m    LOG[39m [38;5;3m[RouterExplorer] [39m[32mMapped {/admin/stations, POST} route[39m[38;5;3m +0ms[39m
[32m[Nest] 285225  - [39m01/05/2026, 2:56:19 AM [32m    LOG[39m [38;5;3m[RouterExplorer] [39m[32mMapped {/admin/stations/:id, PATCH} route[39m[38;5;3m +0ms[39m
[32m[Nest] 285225  - [39m01/05/2026, 2:56:19 AM [32m    LOG[39m [38;5;3m[RouterExplorer] [39m[32mMapped {/admin/stations/:id, DELETE} route[39m[38;5;3m +0ms[39m
[32m[Nest] 285225  - [39m01/05/2026, 2:56:19 AM [32m    LOG[39m [38;5;3m[RoutesResolver] [39m[32mUsersController {/admin/users}:[39m[38;5;3m +0ms[39m
[32m[Nest] 285225  - [39m01/05/2026, 2:56:19 AM [32m    LOG[39m [38;5;3m[RouterExplorer] [39m[32mMapped {/admin/users, GET} route[39m[38;5;3m +0ms[39m
[32m[Nest] 285225  - [39m01/05/2026, 2:56:19 AM [32m    LOG[39m [38;5;3m[RouterExplorer] [39m[32mMapped {/admin/users/:id, GET} route[39m[38;5;3m +0ms[39m
[32m[Nest] 285225  - [39m01/05/2026, 2:56:19 AM [32m    LOG[39m [38;5;3m[RoutesResolver] [39m[32mBookingsController {/admin/bookings}:[39m[38;5;3m +0ms[39m
[32m[Nest] 285225  - [39m01/05/2026, 2:56:19 AM [32m    LOG[39m [38;5;3m[RouterExplorer] [39m[32mMapped {/admin/bookings, GET} route[39m[38;5;3m +0ms[39m
[32m[Nest] 285225  - [39m01/05/2026, 2:56:19 AM [32m    LOG[39m [38;5;3m[RouterExplorer] [39m[32mMapped {/admin/bookings/:id, GET} route[39m[38;5;3m +0ms[39m
[32m[Nest] 285225  - [39m01/05/2026, 2:56:19 AM [32m    LOG[39m [38;5;3m[RoutesResolver] [39m[32mStatsController {/admin/stats}:[39m[38;5;3m +0ms[39m
[32m[Nest] 285225  - [39m01/05/2026, 2:56:19 AM [32m    LOG[39m [38;5;3m[RouterExplorer] [39m[32mMapped {/admin/stats/dashboard, GET} route[39m[38;5;3m +0ms[39m
[32m[Nest] 285225  - [39m01/05/2026, 2:56:19 AM [32m    LOG[39m [38;5;3m[RoutesResolver] [39m[32mCoachesController {/admin/coaches}:[39m[38;5;3m +0ms[39m
[32m[Nest] 285225  - [39m01/05/2026, 2:56:19 AM [32m    LOG[39m [38;5;3m[RouterExplorer] [39m[32mMapped {/admin/coaches, GET} route[39m[38;5;3m +0ms[39m
[32m[Nest] 285225  - [39m01/05/2026, 2:56:19 AM [32m    LOG[39m [38;5;3m[RouterExplorer] [39m[32mMapped {/admin/coaches/:id, GET} route[39m[38;5;3m +0ms[39m
[32m[Nest] 285225  - [39m01/05/2026, 2:56:19 AM [32m    LOG[39m [38;5;3m[RouterExplorer] [39m[32mMapped {/admin/coaches, POST} route[39m[38;5;3m +0ms[39m
[32m[Nest] 285225  - [39m01/05/2026, 2:56:19 AM [32m    LOG[39m [38;5;3m[RouterExplorer] [39m[32mMapped {/admin/coaches/:id, PUT} route[39m[38;5;3m +0ms[39m
[32m[Nest] 285225  - [39m01/05/2026, 2:56:19 AM [32m    LOG[39m [38;5;3m[RouterExplorer] [39m[32mMapped {/admin/coaches/:id, DELETE} route[39m[38;5;3m +0ms[39m
[32m[Nest] 285225  - [39m01/05/2026, 2:56:19 AM [32m    LOG[39m [38;5;3m[RoutesResolver] [39m[32mSeatsController {/admin/seats}:[39m[38;5;3m +0ms[39m
[32m[Nest] 285225  - [39m01/05/2026, 2:56:19 AM [32m    LOG[39m [38;5;3m[RouterExplorer] [39m[32mMapped {/admin/seats, GET} route[39m[38;5;3m +1ms[39m
[32m[Nest] 285225  - [39m01/05/2026, 2:56:19 AM [32m    LOG[39m [38;5;3m[RouterExplorer] [39m[32mMapped {/admin/seats/:id, GET} route[39m[38;5;3m +0ms[39m
[32m[Nest] 285225  - [39m01/05/2026, 2:56:19 AM [32m    LOG[39m [38;5;3m[RouterExplorer] [39m[32mMapped {/admin/seats, POST} route[39m[38;5;3m +0ms[39m
[32m[Nest] 285225  - [39m01/05/2026, 2:56:19 AM [32m    LOG[39m [38;5;3m[RouterExplorer] [39m[32mMapped {/admin/seats/bulk, POST} route[39m[38;5;3m +0ms[39m
[32m[Nest] 285225  - [39m01/05/2026, 2:56:19 AM [32m    LOG[39m [38;5;3m[RouterExplorer] [39m[32mMapped {/admin/seats/:id, PUT} route[39m[38;5;3m +0ms[39m
[32m[Nest] 285225  - [39m01/05/2026, 2:56:19 AM [32m    LOG[39m [38;5;3m[RouterExplorer] [39m[32mMapped {/admin/seats/:id, DELETE} route[39m[38;5;3m +0ms[39m
[32m[Nest] 285225  - [39m01/05/2026, 2:56:19 AM [32m    LOG[39m [38;5;3m[RoutesResolver] [39m[32mSettingsController {/admin/settings}:[39m[38;5;3m +0ms[39m
[32m[Nest] 285225  - [39m01/05/2026, 2:56:19 AM [32m    LOG[39m [38;5;3m[RouterExplorer] [39m[32mMapped {/admin/settings, GET} route[39m[38;5;3m +0ms[39m
[32m[Nest] 285225  - [39m01/05/2026, 2:56:19 AM [32m    LOG[39m [38;5;3m[RouterExplorer] [39m[32mMapped {/admin/settings/:key, GET} route[39m[38;5;3m +0ms[39m
[32m[Nest] 285225  - [39m01/05/2026, 2:56:19 AM [32m    LOG[39m [38;5;3m[RouterExplorer] [39m[32mMapped {/admin/settings, POST} route[39m[38;5;3m +0ms[39m
[32m[Nest] 285225  - [39m01/05/2026, 2:56:19 AM [32m    LOG[39m [38;5;3m[RouterExplorer] [39m[32mMapped {/admin/settings/:key, PUT} route[39m[38;5;3m +0ms[39m
[32m[Nest] 285225  - [39m01/05/2026, 2:56:19 AM [32m    LOG[39m [38;5;3m[RouterExplorer] [39m[32mMapped {/admin/settings/:key, DELETE} route[39m[38;5;3m +0ms[39m
[32m[Nest] 285225  - [39m01/05/2026, 2:56:19 AM [32m    LOG[39m [38;5;3m[RoutesResolver] [39m[32mPaymentsController {/admin/payments}:[39m[38;5;3m +0ms[39m
[32m[Nest] 285225  - [39m01/05/2026, 2:56:19 AM [32m    LOG[39m [38;5;3m[RouterExplorer] [39m[32mMapped {/admin/payments/stats, GET} route[39m[38;5;3m +0ms[39m
[32m[Nest] 285225  - [39m01/05/2026, 2:56:19 AM [32m    LOG[39m [38;5;3m[RouterExplorer] [39m[32mMapped {/admin/payments, GET} route[39m[38;5;3m +0ms[39m
[32m[Nest] 285225  - [39m01/05/2026, 2:56:19 AM [32m    LOG[39m [38;5;3m[RouterExplorer] [39m[32mMapped {/admin/payments/:id, GET} route[39m[38;5;3m +0ms[39m
[32m[Nest] 285225  - [39m01/05/2026, 2:56:19 AM [32m    LOG[39m [38;5;3m[NestApplication] [39m[32mNest application successfully started[39m[38;5;3m +47ms[39m
[31m[Nest] 285225  - [39m01/05/2026, 2:56:19 AM [31m  ERROR[39m [38;5;3m[NestApplication] [39m[31mError: listen EADDRINUSE: address already in use :::3010[39m[38;5;3m +1ms[39m
Error: listen EADDRINUSE: address already in use :::3010
    at Server.setupListenHandle [as _listen2] (node:net:1908:16)
    at listenInCluster (node:net:1965:12)
    at Server.listen (node:net:2067:7)
    at ExpressAdapter.listen (/home/bayajidswe/My-files/my-projects/jatra-railway/node_modules/.pnpm/@nestjs+platform-express@10.4.20_@nestjs+common@10.4.20_class-transformer@0.5.1_class-v_bd7e093f0b2f45f3454d4c6bd5ff4f44/node_modules/@nestjs/platform-express/adapters/express-adapter.js:95:32)
    at /home/bayajidswe/My-files/my-projects/jatra-railway/node_modules/.pnpm/@nestjs+core@10.4.20_@nestjs+common@10.4.20_class-transformer@0.5.1_class-validator@0.1_6ee324c1921a1c6c0e69db7d70d61af1/node_modules/@nestjs/core/nest-application.js:183:30
    at new Promise (<anonymous>)
    at NestApplication.listen (/home/bayajidswe/My-files/my-projects/jatra-railway/node_modules/.pnpm/@nestjs+core@10.4.20_@nestjs+common@10.4.20_class-transformer@0.5.1_class-validator@0.1_6ee324c1921a1c6c0e69db7d70d61af1/node_modules/@nestjs/core/nest-application.js:173:16)
    at bootstrap (/home/bayajidswe/My-files/my-projects/jatra-railway/apps/admin-service/src/main.ts:45:3)
[ERROR] 02:56:19 Error: listen EADDRINUSE: address already in use :::3010
[INFO] 02:56:44 Restarting: /home/bayajidswe/My-files/my-projects/jatra-railway/apps/admin-service/src/coaches/coaches.service.ts has been modified
[32m[Nest] 285655  - [39m01/05/2026, 2:56:44 AM [32m    LOG[39m [38;5;3m[NestFactory] [39m[32mStarting Nest application...[39m
[32m[Nest] 285655  - [39m01/05/2026, 2:56:44 AM [32m    LOG[39m [38;5;3m[InstanceLoader] [39m[32mAppModule dependencies initialized[39m[38;5;3m +11ms[39m
[32m[Nest] 285655  - [39m01/05/2026, 2:56:44 AM [32m    LOG[39m [38;5;3m[InstanceLoader] [39m[32mPrismaModule dependencies initialized[39m[38;5;3m +1ms[39m
[32m[Nest] 285655  - [39m01/05/2026, 2:56:44 AM [32m    LOG[39m [38;5;3m[InstanceLoader] [39m[32mConfigHostModule dependencies initialized[39m[38;5;3m +0ms[39m
[32m[Nest] 285655  - [39m01/05/2026, 2:56:44 AM [32m    LOG[39m [38;5;3m[InstanceLoader] [39m[32mTrainsModule dependencies initialized[39m[38;5;3m +0ms[39m
[32m[Nest] 285655  - [39m01/05/2026, 2:56:44 AM [32m    LOG[39m [38;5;3m[InstanceLoader] [39m[32mRoutesModule dependencies initialized[39m[38;5;3m +0ms[39m
[32m[Nest] 285655  - [39m01/05/2026, 2:56:44 AM [32m    LOG[39m [38;5;3m[InstanceLoader] [39m[32mJourneysModule dependencies initialized[39m[38;5;3m +1ms[39m
[32m[Nest] 285655  - [39m01/05/2026, 2:56:44 AM [32m    LOG[39m [38;5;3m[InstanceLoader] [39m[32mStationsModule dependencies initialized[39m[38;5;3m +0ms[39m
[32m[Nest] 285655  - [39m01/05/2026, 2:56:44 AM [32m    LOG[39m [38;5;3m[InstanceLoader] [39m[32mUsersModule dependencies initialized[39m[38;5;3m +0ms[39m
[32m[Nest] 285655  - [39m01/05/2026, 2:56:44 AM [32m    LOG[39m [38;5;3m[InstanceLoader] [39m[32mBookingsModule dependencies initialized[39m[38;5;3m +0ms[39m
[32m[Nest] 285655  - [39m01/05/2026, 2:56:44 AM [32m    LOG[39m [38;5;3m[InstanceLoader] [39m[32mStatsModule dependencies initialized[39m[38;5;3m +0ms[39m
[32m[Nest] 285655  - [39m01/05/2026, 2:56:44 AM [32m    LOG[39m [38;5;3m[InstanceLoader] [39m[32mConfigModule dependencies initialized[39m[38;5;3m +0ms[39m
[32m[Nest] 285655  - [39m01/05/2026, 2:56:44 AM [32m    LOG[39m [38;5;3m[InstanceLoader] [39m[32mCoachesModule dependencies initialized[39m[38;5;3m +0ms[39m
[32m[Nest] 285655  - [39m01/05/2026, 2:56:44 AM [32m    LOG[39m [38;5;3m[InstanceLoader] [39m[32mSeatsModule dependencies initialized[39m[38;5;3m +0ms[39m
[32m[Nest] 285655  - [39m01/05/2026, 2:56:44 AM [32m    LOG[39m [38;5;3m[InstanceLoader] [39m[32mSettingsModule dependencies initialized[39m[38;5;3m +0ms[39m
[32m[Nest] 285655  - [39m01/05/2026, 2:56:44 AM [32m    LOG[39m [38;5;3m[InstanceLoader] [39m[32mPaymentsModule dependencies initialized[39m[38;5;3m +0ms[39m
[32m[Nest] 285655  - [39m01/05/2026, 2:56:45 AM [32m    LOG[39m [38;5;3m[RoutesResolver] [39m[32mTrainsController {/admin/trains}:[39m[38;5;3m +28ms[39m
[32m[Nest] 285655  - [39m01/05/2026, 2:56:45 AM [32m    LOG[39m [38;5;3m[RouterExplorer] [39m[32mMapped {/admin/trains, GET} route[39m[38;5;3m +1ms[39m
[32m[Nest] 285655  - [39m01/05/2026, 2:56:45 AM [32m    LOG[39m [38;5;3m[RouterExplorer] [39m[32mMapped {/admin/trains/:id, GET} route[39m[38;5;3m +1ms[39m
[32m[Nest] 285655  - [39m01/05/2026, 2:56:45 AM [32m    LOG[39m [38;5;3m[RouterExplorer] [39m[32mMapped {/admin/trains, POST} route[39m[38;5;3m +0ms[39m
[32m[Nest] 285655  - [39m01/05/2026, 2:56:45 AM [32m    LOG[39m [38;5;3m[RouterExplorer] [39m[32mMapped {/admin/trains/:id, PUT} route[39m[38;5;3m +0ms[39m
[32m[Nest] 285655  - [39m01/05/2026, 2:56:45 AM [32m    LOG[39m [38;5;3m[RouterExplorer] [39m[32mMapped {/admin/trains/:id, DELETE} route[39m[38;5;3m +0ms[39m
[32m[Nest] 285655  - [39m01/05/2026, 2:56:45 AM [32m    LOG[39m [38;5;3m[RoutesResolver] [39m[32mRoutesController {/admin/routes}:[39m[38;5;3m +0ms[39m
[32m[Nest] 285655  - [39m01/05/2026, 2:56:45 AM [32m    LOG[39m [38;5;3m[RouterExplorer] [39m[32mMapped {/admin/routes, GET} route[39m[38;5;3m +0ms[39m
[32m[Nest] 285655  - [39m01/05/2026, 2:56:45 AM [32m    LOG[39m [38;5;3m[RouterExplorer] [39m[32mMapped {/admin/routes/:id, GET} route[39m[38;5;3m +1ms[39m
[32m[Nest] 285655  - [39m01/05/2026, 2:56:45 AM [32m    LOG[39m [38;5;3m[RouterExplorer] [39m[32mMapped {/admin/routes, POST} route[39m[38;5;3m +0ms[39m
[32m[Nest] 285655  - [39m01/05/2026, 2:56:45 AM [32m    LOG[39m [38;5;3m[RouterExplorer] [39m[32mMapped {/admin/routes/:id, PATCH} route[39m[38;5;3m +0ms[39m
[32m[Nest] 285655  - [39m01/05/2026, 2:56:45 AM [32m    LOG[39m [38;5;3m[RouterExplorer] [39m[32mMapped {/admin/routes/:id, DELETE} route[39m[38;5;3m +0ms[39m
[32m[Nest] 285655  - [39m01/05/2026, 2:56:45 AM [32m    LOG[39m [38;5;3m[RoutesResolver] [39m[32mJourneysController {/admin/journeys}:[39m[38;5;3m +0ms[39m
[32m[Nest] 285655  - [39m01/05/2026, 2:56:45 AM [32m    LOG[39m [38;5;3m[RouterExplorer] [39m[32mMapped {/admin/journeys, GET} route[39m[38;5;3m +0ms[39m
[32m[Nest] 285655  - [39m01/05/2026, 2:56:45 AM [32m    LOG[39m [38;5;3m[RouterExplorer] [39m[32mMapped {/admin/journeys/:id, GET} route[39m[38;5;3m +0ms[39m
[32m[Nest] 285655  - [39m01/05/2026, 2:56:45 AM [32m    LOG[39m [38;5;3m[RouterExplorer] [39m[32mMapped {/admin/journeys, POST} route[39m[38;5;3m +0ms[39m
[32m[Nest] 285655  - [39m01/05/2026, 2:56:45 AM [32m    LOG[39m [38;5;3m[RouterExplorer] [39m[32mMapped {/admin/journeys/:id, PATCH} route[39m[38;5;3m +1ms[39m
[32m[Nest] 285655  - [39m01/05/2026, 2:56:45 AM [32m    LOG[39m [38;5;3m[RouterExplorer] [39m[32mMapped {/admin/journeys/:id, DELETE} route[39m[38;5;3m +0ms[39m
[32m[Nest] 285655  - [39m01/05/2026, 2:56:45 AM [32m    LOG[39m [38;5;3m[RoutesResolver] [39m[32mStationsController {/admin/stations}:[39m[38;5;3m +0ms[39m
[32m[Nest] 285655  - [39m01/05/2026, 2:56:45 AM [32m    LOG[39m [38;5;3m[RouterExplorer] [39m[32mMapped {/admin/stations, GET} route[39m[38;5;3m +0ms[39m
[32m[Nest] 285655  - [39m01/05/2026, 2:56:45 AM [32m    LOG[39m [38;5;3m[RouterExplorer] [39m[32mMapped {/admin/stations/:id, GET} route[39m[38;5;3m +0ms[39m
[32m[Nest] 285655  - [39m01/05/2026, 2:56:45 AM [32m    LOG[39m [38;5;3m[RouterExplorer] [39m[32mMapped {/admin/stations, POST} route[39m[38;5;3m +0ms[39m
[32m[Nest] 285655  - [39m01/05/2026, 2:56:45 AM [32m    LOG[39m [38;5;3m[RouterExplorer] [39m[32mMapped {/admin/stations/:id, PATCH} route[39m[38;5;3m +0ms[39m
[32m[Nest] 285655  - [39m01/05/2026, 2:56:45 AM [32m    LOG[39m [38;5;3m[RouterExplorer] [39m[32mMapped {/admin/stations/:id, DELETE} route[39m[38;5;3m +0ms[39m
[32m[Nest] 285655  - [39m01/05/2026, 2:56:45 AM [32m    LOG[39m [38;5;3m[RoutesResolver] [39m[32mUsersController {/admin/users}:[39m[38;5;3m +0ms[39m
[32m[Nest] 285655  - [39m01/05/2026, 2:56:45 AM [32m    LOG[39m [38;5;3m[RouterExplorer] [39m[32mMapped {/admin/users, GET} route[39m[38;5;3m +0ms[39m
[32m[Nest] 285655  - [39m01/05/2026, 2:56:45 AM [32m    LOG[39m [38;5;3m[RouterExplorer] [39m[32mMapped {/admin/users/:id, GET} route[39m[38;5;3m +0ms[39m
[32m[Nest] 285655  - [39m01/05/2026, 2:56:45 AM [32m    LOG[39m [38;5;3m[RoutesResolver] [39m[32mBookingsController {/admin/bookings}:[39m[38;5;3m +0ms[39m
[32m[Nest] 285655  - [39m01/05/2026, 2:56:45 AM [32m    LOG[39m [38;5;3m[RouterExplorer] [39m[32mMapped {/admin/bookings, GET} route[39m[38;5;3m +0ms[39m
[32m[Nest] 285655  - [39m01/05/2026, 2:56:45 AM [32m    LOG[39m [38;5;3m[RouterExplorer] [39m[32mMapped {/admin/bookings/:id, GET} route[39m[38;5;3m +0ms[39m
[32m[Nest] 285655  - [39m01/05/2026, 2:56:45 AM [32m    LOG[39m [38;5;3m[RoutesResolver] [39m[32mStatsController {/admin/stats}:[39m[38;5;3m +1ms[39m
[32m[Nest] 285655  - [39m01/05/2026, 2:56:45 AM [32m    LOG[39m [38;5;3m[RouterExplorer] [39m[32mMapped {/admin/stats/dashboard, GET} route[39m[38;5;3m +0ms[39m
[32m[Nest] 285655  - [39m01/05/2026, 2:56:45 AM [32m    LOG[39m [38;5;3m[RoutesResolver] [39m[32mCoachesController {/admin/coaches}:[39m[38;5;3m +0ms[39m
[32m[Nest] 285655  - [39m01/05/2026, 2:56:45 AM [32m    LOG[39m [38;5;3m[RouterExplorer] [39m[32mMapped {/admin/coaches, GET} route[39m[38;5;3m +0ms[39m
[32m[Nest] 285655  - [39m01/05/2026, 2:56:45 AM [32m    LOG[39m [38;5;3m[RouterExplorer] [39m[32mMapped {/admin/coaches/:id, GET} route[39m[38;5;3m +0ms[39m
[32m[Nest] 285655  - [39m01/05/2026, 2:56:45 AM [32m    LOG[39m [38;5;3m[RouterExplorer] [39m[32mMapped {/admin/coaches, POST} route[39m[38;5;3m +0ms[39m
[32m[Nest] 285655  - [39m01/05/2026, 2:56:45 AM [32m    LOG[39m [38;5;3m[RouterExplorer] [39m[32mMapped {/admin/coaches/:id, PUT} route[39m[38;5;3m +0ms[39m
[32m[Nest] 285655  - [39m01/05/2026, 2:56:45 AM [32m    LOG[39m [38;5;3m[RouterExplorer] [39m[32mMapped {/admin/coaches/:id, DELETE} route[39m[38;5;3m +0ms[39m
[32m[Nest] 285655  - [39m01/05/2026, 2:56:45 AM [32m    LOG[39m [38;5;3m[RoutesResolver] [39m[32mSeatsController {/admin/seats}:[39m[38;5;3m +0ms[39m
[32m[Nest] 285655  - [39m01/05/2026, 2:56:45 AM [32m    LOG[39m [38;5;3m[RouterExplorer] [39m[32mMapped {/admin/seats, GET} route[39m[38;5;3m +0ms[39m
[32m[Nest] 285655  - [39m01/05/2026, 2:56:45 AM [32m    LOG[39m [38;5;3m[RouterExplorer] [39m[32mMapped {/admin/seats/:id, GET} route[39m[38;5;3m +0ms[39m
[32m[Nest] 285655  - [39m01/05/2026, 2:56:45 AM [32m    LOG[39m [38;5;3m[RouterExplorer] [39m[32mMapped {/admin/seats, POST} route[39m[38;5;3m +0ms[39m
[32m[Nest] 285655  - [39m01/05/2026, 2:56:45 AM [32m    LOG[39m [38;5;3m[RouterExplorer] [39m[32mMapped {/admin/seats/bulk, POST} route[39m[38;5;3m +0ms[39m
[32m[Nest] 285655  - [39m01/05/2026, 2:56:45 AM [32m    LOG[39m [38;5;3m[RouterExplorer] [39m[32mMapped {/admin/seats/:id, PUT} route[39m[38;5;3m +0ms[39m
[32m[Nest] 285655  - [39m01/05/2026, 2:56:45 AM [32m    LOG[39m [38;5;3m[RouterExplorer] [39m[32mMapped {/admin/seats/:id, DELETE} route[39m[38;5;3m +0ms[39m
[32m[Nest] 285655  - [39m01/05/2026, 2:56:45 AM [32m    LOG[39m [38;5;3m[RoutesResolver] [39m[32mSettingsController {/admin/settings}:[39m[38;5;3m +0ms[39m
[32m[Nest] 285655  - [39m01/05/2026, 2:56:45 AM [32m    LOG[39m [38;5;3m[RouterExplorer] [39m[32mMapped {/admin/settings, GET} route[39m[38;5;3m +0ms[39m
[32m[Nest] 285655  - [39m01/05/2026, 2:56:45 AM [32m    LOG[39m [38;5;3m[RouterExplorer] [39m[32mMapped {/admin/settings/:key, GET} route[39m[38;5;3m +0ms[39m
[32m[Nest] 285655  - [39m01/05/2026, 2:56:45 AM [32m    LOG[39m [38;5;3m[RouterExplorer] [39m[32mMapped {/admin/settings, POST} route[39m[38;5;3m +0ms[39m
[32m[Nest] 285655  - [39m01/05/2026, 2:56:45 AM [32m    LOG[39m [38;5;3m[RouterExplorer] [39m[32mMapped {/admin/settings/:key, PUT} route[39m[38;5;3m +0ms[39m
[32m[Nest] 285655  - [39m01/05/2026, 2:56:45 AM [32m    LOG[39m [38;5;3m[RouterExplorer] [39m[32mMapped {/admin/settings/:key, DELETE} route[39m[38;5;3m +0ms[39m
[32m[Nest] 285655  - [39m01/05/2026, 2:56:45 AM [32m    LOG[39m [38;5;3m[RoutesResolver] [39m[32mPaymentsController {/admin/payments}:[39m[38;5;3m +0ms[39m
[32m[Nest] 285655  - [39m01/05/2026, 2:56:45 AM [32m    LOG[39m [38;5;3m[RouterExplorer] [39m[32mMapped {/admin/payments/stats, GET} route[39m[38;5;3m +0ms[39m
[32m[Nest] 285655  - [39m01/05/2026, 2:56:45 AM [32m    LOG[39m [38;5;3m[RouterExplorer] [39m[32mMapped {/admin/payments, GET} route[39m[38;5;3m +1ms[39m
[32m[Nest] 285655  - [39m01/05/2026, 2:56:45 AM [32m    LOG[39m [38;5;3m[RouterExplorer] [39m[32mMapped {/admin/payments/:id, GET} route[39m[38;5;3m +0ms[39m
[32m[Nest] 285655  - [39m01/05/2026, 2:56:45 AM [32m    LOG[39m [38;5;3m[NestApplication] [39m[32mNest application successfully started[39m[38;5;3m +58ms[39m
🚀 Admin Service is running on: http://localhost:3010
📚 Swagger documentation: http://localhost:3010/api/docs
🔐 Admin operations - requires ADMIN role
[INFO] 02:57:29 Restarting: /home/bayajidswe/My-files/my-projects/jatra-railway/apps/admin-service/src/coaches/coaches.service.ts has been modified
[32m[Nest] 286451  - [39m01/05/2026, 2:57:30 AM [32m    LOG[39m [38;5;3m[NestFactory] [39m[32mStarting Nest application...[39m
[32m[Nest] 286451  - [39m01/05/2026, 2:57:30 AM [32m    LOG[39m [38;5;3m[InstanceLoader] [39m[32mAppModule dependencies initialized[39m[38;5;3m +10ms[39m
[32m[Nest] 286451  - [39m01/05/2026, 2:57:30 AM [32m    LOG[39m [38;5;3m[InstanceLoader] [39m[32mPrismaModule dependencies initialized[39m[38;5;3m +0ms[39m
[32m[Nest] 286451  - [39m01/05/2026, 2:57:30 AM [32m    LOG[39m [38;5;3m[InstanceLoader] [39m[32mConfigHostModule dependencies initialized[39m[38;5;3m +1ms[39m
[32m[Nest] 286451  - [39m01/05/2026, 2:57:30 AM [32m    LOG[39m [38;5;3m[InstanceLoader] [39m[32mTrainsModule dependencies initialized[39m[38;5;3m +0ms[39m
[32m[Nest] 286451  - [39m01/05/2026, 2:57:30 AM [32m    LOG[39m [38;5;3m[InstanceLoader] [39m[32mRoutesModule dependencies initialized[39m[38;5;3m +0ms[39m
[32m[Nest] 286451  - [39m01/05/2026, 2:57:30 AM [32m    LOG[39m [38;5;3m[InstanceLoader] [39m[32mJourneysModule dependencies initialized[39m[38;5;3m +0ms[39m
[32m[Nest] 286451  - [39m01/05/2026, 2:57:30 AM [32m    LOG[39m [38;5;3m[InstanceLoader] [39m[32mStationsModule dependencies initialized[39m[38;5;3m +0ms[39m
[32m[Nest] 286451  - [39m01/05/2026, 2:57:30 AM [32m    LOG[39m [38;5;3m[InstanceLoader] [39m[32mUsersModule dependencies initialized[39m[38;5;3m +0ms[39m
[32m[Nest] 286451  - [39m01/05/2026, 2:57:30 AM [32m    LOG[39m [38;5;3m[InstanceLoader] [39m[32mBookingsModule dependencies initialized[39m[38;5;3m +0ms[39m
[32m[Nest] 286451  - [39m01/05/2026, 2:57:30 AM [32m    LOG[39m [38;5;3m[InstanceLoader] [39m[32mStatsModule dependencies initialized[39m[38;5;3m +0ms[39m
[32m[Nest] 286451  - [39m01/05/2026, 2:57:30 AM [32m    LOG[39m [38;5;3m[InstanceLoader] [39m[32mConfigModule dependencies initialized[39m[38;5;3m +0ms[39m
[32m[Nest] 286451  - [39m01/05/2026, 2:57:30 AM [32m    LOG[39m [38;5;3m[InstanceLoader] [39m[32mCoachesModule dependencies initialized[39m[38;5;3m +0ms[39m
[32m[Nest] 286451  - [39m01/05/2026, 2:57:30 AM [32m    LOG[39m [38;5;3m[InstanceLoader] [39m[32mSeatsModule dependencies initialized[39m[38;5;3m +0ms[39m
[32m[Nest] 286451  - [39m01/05/2026, 2:57:30 AM [32m    LOG[39m [38;5;3m[InstanceLoader] [39m[32mSettingsModule dependencies initialized[39m[38;5;3m +0ms[39m
[32m[Nest] 286451  - [39m01/05/2026, 2:57:30 AM [32m    LOG[39m [38;5;3m[InstanceLoader] [39m[32mPaymentsModule dependencies initialized[39m[38;5;3m +0ms[39m
[32m[Nest] 286451  - [39m01/05/2026, 2:57:30 AM [32m    LOG[39m [38;5;3m[RoutesResolver] [39m[32mTrainsController {/admin/trains}:[39m[38;5;3m +23ms[39m
[32m[Nest] 286451  - [39m01/05/2026, 2:57:30 AM [32m    LOG[39m [38;5;3m[RouterExplorer] [39m[32mMapped {/admin/trains, GET} route[39m[38;5;3m +1ms[39m
[32m[Nest] 286451  - [39m01/05/2026, 2:57:30 AM [32m    LOG[39m [38;5;3m[RouterExplorer] [39m[32mMapped {/admin/trains/:id, GET} route[39m[38;5;3m +0ms[39m
[32m[Nest] 286451  - [39m01/05/2026, 2:57:30 AM [32m    LOG[39m [38;5;3m[RouterExplorer] [39m[32mMapped {/admin/trains, POST} route[39m[38;5;3m +0ms[39m
[32m[Nest] 286451  - [39m01/05/2026, 2:57:30 AM [32m    LOG[39m [38;5;3m[RouterExplorer] [39m[32mMapped {/admin/trains/:id, PUT} route[39m[38;5;3m +1ms[39m
[32m[Nest] 286451  - [39m01/05/2026, 2:57:30 AM [32m    LOG[39m [38;5;3m[RouterExplorer] [39m[32mMapped {/admin/trains/:id, DELETE} route[39m[38;5;3m +0ms[39m
[32m[Nest] 286451  - [39m01/05/2026, 2:57:30 AM [32m    LOG[39m [38;5;3m[RoutesResolver] [39m[32mRoutesController {/admin/routes}:[39m[38;5;3m +0ms[39m
[32m[Nest] 286451  - [39m01/05/2026, 2:57:30 AM [32m    LOG[39m [38;5;3m[RouterExplorer] [39m[32mMapped {/admin/routes, GET} route[39m[38;5;3m +0ms[39m
[32m[Nest] 286451  - [39m01/05/2026, 2:57:30 AM [32m    LOG[39m [38;5;3m[RouterExplorer] [39m[32mMapped {/admin/routes/:id, GET} route[39m[38;5;3m +0ms[39m
[32m[Nest] 286451  - [39m01/05/2026, 2:57:30 AM [32m    LOG[39m [38;5;3m[RouterExplorer] [39m[32mMapped {/admin/routes, POST} route[39m[38;5;3m +0ms[39m
[32m[Nest] 286451  - [39m01/05/2026, 2:57:30 AM [32m    LOG[39m [38;5;3m[RouterExplorer] [39m[32mMapped {/admin/routes/:id, PATCH} route[39m[38;5;3m +1ms[39m
[32m[Nest] 286451  - [39m01/05/2026, 2:57:30 AM [32m    LOG[39m [38;5;3m[RouterExplorer] [39m[32mMapped {/admin/routes/:id, DELETE} route[39m[38;5;3m +0ms[39m
[32m[Nest] 286451  - [39m01/05/2026, 2:57:30 AM [32m    LOG[39m [38;5;3m[RoutesResolver] [39m[32mJourneysController {/admin/journeys}:[39m[38;5;3m +0ms[39m
[32m[Nest] 286451  - [39m01/05/2026, 2:57:30 AM [32m    LOG[39m [38;5;3m[RouterExplorer] [39m[32mMapped {/admin/journeys, GET} route[39m[38;5;3m +0ms[39m
[32m[Nest] 286451  - [39m01/05/2026, 2:57:30 AM [32m    LOG[39m [38;5;3m[RouterExplorer] [39m[32mMapped {/admin/journeys/:id, GET} route[39m[38;5;3m +0ms[39m
[32m[Nest] 286451  - [39m01/05/2026, 2:57:30 AM [32m    LOG[39m [38;5;3m[RouterExplorer] [39m[32mMapped {/admin/journeys, POST} route[39m[38;5;3m +0ms[39m
[32m[Nest] 286451  - [39m01/05/2026, 2:57:30 AM [32m    LOG[39m [38;5;3m[RouterExplorer] [39m[32mMapped {/admin/journeys/:id, PATCH} route[39m[38;5;3m +0ms[39m
[32m[Nest] 286451  - [39m01/05/2026, 2:57:30 AM [32m    LOG[39m [38;5;3m[RouterExplorer] [39m[32mMapped {/admin/journeys/:id, DELETE} route[39m[38;5;3m +0ms[39m
[32m[Nest] 286451  - [39m01/05/2026, 2:57:30 AM [32m    LOG[39m [38;5;3m[RoutesResolver] [39m[32mStationsController {/admin/stations}:[39m[38;5;3m +0ms[39m
[32m[Nest] 286451  - [39m01/05/2026, 2:57:30 AM [32m    LOG[39m [38;5;3m[RouterExplorer] [39m[32mMapped {/admin/stations, GET} route[39m[38;5;3m +1ms[39m
[32m[Nest] 286451  - [39m01/05/2026, 2:57:30 AM [32m    LOG[39m [38;5;3m[RouterExplorer] [39m[32mMapped {/admin/stations/:id, GET} route[39m[38;5;3m +0ms[39m
[32m[Nest] 286451  - [39m01/05/2026, 2:57:30 AM [32m    LOG[39m [38;5;3m[RouterExplorer] [39m[32mMapped {/admin/stations, POST} route[39m[38;5;3m +0ms[39m
[32m[Nest] 286451  - [39m01/05/2026, 2:57:30 AM [32m    LOG[39m [38;5;3m[RouterExplorer] [39m[32mMapped {/admin/stations/:id, PATCH} route[39m[38;5;3m +0ms[39m
[32m[Nest] 286451  - [39m01/05/2026, 2:57:30 AM [32m    LOG[39m [38;5;3m[RouterExplorer] [39m[32mMapped {/admin/stations/:id, DELETE} route[39m[38;5;3m +0ms[39m
[32m[Nest] 286451  - [39m01/05/2026, 2:57:30 AM [32m    LOG[39m [38;5;3m[RoutesResolver] [39m[32mUsersController {/admin/users}:[39m[38;5;3m +0ms[39m
[32m[Nest] 286451  - [39m01/05/2026, 2:57:30 AM [32m    LOG[39m [38;5;3m[RouterExplorer] [39m[32mMapped {/admin/users, GET} route[39m[38;5;3m +0ms[39m
[32m[Nest] 286451  - [39m01/05/2026, 2:57:30 AM [32m    LOG[39m [38;5;3m[RouterExplorer] [39m[32mMapped {/admin/users/:id, GET} route[39m[38;5;3m +0ms[39m
[32m[Nest] 286451  - [39m01/05/2026, 2:57:30 AM [32m    LOG[39m [38;5;3m[RoutesResolver] [39m[32mBookingsController {/admin/bookings}:[39m[38;5;3m +0ms[39m
[32m[Nest] 286451  - [39m01/05/2026, 2:57:30 AM [32m    LOG[39m [38;5;3m[RouterExplorer] [39m[32mMapped {/admin/bookings, GET} route[39m[38;5;3m +0ms[39m
[32m[Nest] 286451  - [39m01/05/2026, 2:57:30 AM [32m    LOG[39m [38;5;3m[RouterExplorer] [39m[32mMapped {/admin/bookings/:id, GET} route[39m[38;5;3m +0ms[39m
[32m[Nest] 286451  - [39m01/05/2026, 2:57:30 AM [32m    LOG[39m [38;5;3m[RoutesResolver] [39m[32mStatsController {/admin/stats}:[39m[38;5;3m +0ms[39m
[32m[Nest] 286451  - [39m01/05/2026, 2:57:30 AM [32m    LOG[39m [38;5;3m[RouterExplorer] [39m[32mMapped {/admin/stats/dashboard, GET} route[39m[38;5;3m +0ms[39m
[32m[Nest] 286451  - [39m01/05/2026, 2:57:30 AM [32m    LOG[39m [38;5;3m[RoutesResolver] [39m[32mCoachesController {/admin/coaches}:[39m[38;5;3m +0ms[39m
[32m[Nest] 286451  - [39m01/05/2026, 2:57:30 AM [32m    LOG[39m [38;5;3m[RouterExplorer] [39m[32mMapped {/admin/coaches, GET} route[39m[38;5;3m +0ms[39m
[32m[Nest] 286451  - [39m01/05/2026, 2:57:30 AM [32m    LOG[39m [38;5;3m[RouterExplorer] [39m[32mMapped {/admin/coaches/:id, GET} route[39m[38;5;3m +0ms[39m
[32m[Nest] 286451  - [39m01/05/2026, 2:57:30 AM [32m    LOG[39m [38;5;3m[RouterExplorer] [39m[32mMapped {/admin/coaches, POST} route[39m[38;5;3m +0ms[39m
[32m[Nest] 286451  - [39m01/05/2026, 2:57:30 AM [32m    LOG[39m [38;5;3m[RouterExplorer] [39m[32mMapped {/admin/coaches/:id, PUT} route[39m[38;5;3m +0ms[39m
[32m[Nest] 286451  - [39m01/05/2026, 2:57:30 AM [32m    LOG[39m [38;5;3m[RouterExplorer] [39m[32mMapped {/admin/coaches/:id, DELETE} route[39m[38;5;3m +0ms[39m
[32m[Nest] 286451  - [39m01/05/2026, 2:57:30 AM [32m    LOG[39m [38;5;3m[RoutesResolver] [39m[32mSeatsController {/admin/seats}:[39m[38;5;3m +0ms[39m
[32m[Nest] 286451  - [39m01/05/2026, 2:57:30 AM [32m    LOG[39m [38;5;3m[RouterExplorer] [39m[32mMapped {/admin/seats, GET} route[39m[38;5;3m +0ms[39m
[32m[Nest] 286451  - [39m01/05/2026, 2:57:30 AM [32m    LOG[39m [38;5;3m[RouterExplorer] [39m[32mMapped {/admin/seats/:id, GET} route[39m[38;5;3m +1ms[39m
[32m[Nest] 286451  - [39m01/05/2026, 2:57:30 AM [32m    LOG[39m [38;5;3m[RouterExplorer] [39m[32mMapped {/admin/seats, POST} route[39m[38;5;3m +0ms[39m
[32m[Nest] 286451  - [39m01/05/2026, 2:57:30 AM [32m    LOG[39m [38;5;3m[RouterExplorer] [39m[32mMapped {/admin/seats/bulk, POST} route[39m[38;5;3m +0ms[39m
[32m[Nest] 286451  - [39m01/05/2026, 2:57:30 AM [32m    LOG[39m [38;5;3m[RouterExplorer] [39m[32mMapped {/admin/seats/:id, PUT} route[39m[38;5;3m +0ms[39m
[32m[Nest] 286451  - [39m01/05/2026, 2:57:30 AM [32m    LOG[39m [38;5;3m[RouterExplorer] [39m[32mMapped {/admin/seats/:id, DELETE} route[39m[38;5;3m +0ms[39m
[32m[Nest] 286451  - [39m01/05/2026, 2:57:30 AM [32m    LOG[39m [38;5;3m[RoutesResolver] [39m[32mSettingsController {/admin/settings}:[39m[38;5;3m +0ms[39m
[32m[Nest] 286451  - [39m01/05/2026, 2:57:30 AM [32m    LOG[39m [38;5;3m[RouterExplorer] [39m[32mMapped {/admin/settings, GET} route[39m[38;5;3m +0ms[39m
[32m[Nest] 286451  - [39m01/05/2026, 2:57:30 AM [32m    LOG[39m [38;5;3m[RouterExplorer] [39m[32mMapped {/admin/settings/:key, GET} route[39m[38;5;3m +0ms[39m
[32m[Nest] 286451  - [39m01/05/2026, 2:57:30 AM [32m    LOG[39m [38;5;3m[RouterExplorer] [39m[32mMapped {/admin/settings, POST} route[39m[38;5;3m +0ms[39m
[32m[Nest] 286451  - [39m01/05/2026, 2:57:30 AM [32m    LOG[39m [38;5;3m[RouterExplorer] [39m[32mMapped {/admin/settings/:key, PUT} route[39m[38;5;3m +0ms[39m
[32m[Nest] 286451  - [39m01/05/2026, 2:57:30 AM [32m    LOG[39m [38;5;3m[RouterExplorer] [39m[32mMapped {/admin/settings/:key, DELETE} route[39m[38;5;3m +0ms[39m
[32m[Nest] 286451  - [39m01/05/2026, 2:57:30 AM [32m    LOG[39m [38;5;3m[RoutesResolver] [39m[32mPaymentsController {/admin/payments}:[39m[38;5;3m +0ms[39m
[32m[Nest] 286451  - [39m01/05/2026, 2:57:30 AM [32m    LOG[39m [38;5;3m[RouterExplorer] [39m[32mMapped {/admin/payments/stats, GET} route[39m[38;5;3m +0ms[39m
[32m[Nest] 286451  - [39m01/05/2026, 2:57:30 AM [32m    LOG[39m [38;5;3m[RouterExplorer] [39m[32mMapped {/admin/payments, GET} route[39m[38;5;3m +0ms[39m
[32m[Nest] 286451  - [39m01/05/2026, 2:57:30 AM [32m    LOG[39m [38;5;3m[RouterExplorer] [39m[32mMapped {/admin/payments/:id, GET} route[39m[38;5;3m +0ms[39m
[32m[Nest] 286451  - [39m01/05/2026, 2:57:30 AM [32m    LOG[39m [38;5;3m[NestApplication] [39m[32mNest application successfully started[39m[38;5;3m +52ms[39m
[31m[Nest] 286451  - [39m01/05/2026, 2:57:30 AM [31m  ERROR[39m [38;5;3m[NestApplication] [39m[31mError: listen EADDRINUSE: address already in use :::3010[39m[38;5;3m +1ms[39m
Error: listen EADDRINUSE: address already in use :::3010
    at Server.setupListenHandle [as _listen2] (node:net:1908:16)
    at listenInCluster (node:net:1965:12)
    at Server.listen (node:net:2067:7)
    at ExpressAdapter.listen (/home/bayajidswe/My-files/my-projects/jatra-railway/node_modules/.pnpm/@nestjs+platform-express@10.4.20_@nestjs+common@10.4.20_class-transformer@0.5.1_class-v_bd7e093f0b2f45f3454d4c6bd5ff4f44/node_modules/@nestjs/platform-express/adapters/express-adapter.js:95:32)
    at /home/bayajidswe/My-files/my-projects/jatra-railway/node_modules/.pnpm/@nestjs+core@10.4.20_@nestjs+common@10.4.20_class-transformer@0.5.1_class-validator@0.1_6ee324c1921a1c6c0e69db7d70d61af1/node_modules/@nestjs/core/nest-application.js:183:30
    at new Promise (<anonymous>)
    at NestApplication.listen (/home/bayajidswe/My-files/my-projects/jatra-railway/node_modules/.pnpm/@nestjs+core@10.4.20_@nestjs+common@10.4.20_class-transformer@0.5.1_class-validator@0.1_6ee324c1921a1c6c0e69db7d70d61af1/node_modules/@nestjs/core/nest-application.js:173:16)
    at bootstrap (/home/bayajidswe/My-files/my-projects/jatra-railway/apps/admin-service/src/main.ts:45:3)
[ERROR] 02:57:30 Error: listen EADDRINUSE: address already in use :::3010
[INFO] 02:58:18 Restarting: /home/bayajidswe/My-files/my-projects/jatra-railway/apps/admin-service/src/trains/trains.service.ts has been modified
[32m[Nest] 287258  - [39m01/05/2026, 2:58:19 AM [32m    LOG[39m [38;5;3m[NestFactory] [39m[32mStarting Nest application...[39m
[32m[Nest] 287258  - [39m01/05/2026, 2:58:19 AM [32m    LOG[39m [38;5;3m[InstanceLoader] [39m[32mAppModule dependencies initialized[39m[38;5;3m +11ms[39m
[32m[Nest] 287258  - [39m01/05/2026, 2:58:19 AM [32m    LOG[39m [38;5;3m[InstanceLoader] [39m[32mPrismaModule dependencies initialized[39m[38;5;3m +0ms[39m
[32m[Nest] 287258  - [39m01/05/2026, 2:58:19 AM [32m    LOG[39m [38;5;3m[InstanceLoader] [39m[32mConfigHostModule dependencies initialized[39m[38;5;3m +0ms[39m
[32m[Nest] 287258  - [39m01/05/2026, 2:58:19 AM [32m    LOG[39m [38;5;3m[InstanceLoader] [39m[32mTrainsModule dependencies initialized[39m[38;5;3m +1ms[39m
[32m[Nest] 287258  - [39m01/05/2026, 2:58:19 AM [32m    LOG[39m [38;5;3m[InstanceLoader] [39m[32mRoutesModule dependencies initialized[39m[38;5;3m +0ms[39m
[32m[Nest] 287258  - [39m01/05/2026, 2:58:19 AM [32m    LOG[39m [38;5;3m[InstanceLoader] [39m[32mJourneysModule dependencies initialized[39m[38;5;3m +0ms[39m
[32m[Nest] 287258  - [39m01/05/2026, 2:58:19 AM [32m    LOG[39m [38;5;3m[InstanceLoader] [39m[32mStationsModule dependencies initialized[39m[38;5;3m +0ms[39m
[32m[Nest] 287258  - [39m01/05/2026, 2:58:19 AM [32m    LOG[39m [38;5;3m[InstanceLoader] [39m[32mUsersModule dependencies initialized[39m[38;5;3m +0ms[39m
[32m[Nest] 287258  - [39m01/05/2026, 2:58:19 AM [32m    LOG[39m [38;5;3m[InstanceLoader] [39m[32mBookingsModule dependencies initialized[39m[38;5;3m +0ms[39m
[32m[Nest] 287258  - [39m01/05/2026, 2:58:19 AM [32m    LOG[39m [38;5;3m[InstanceLoader] [39m[32mStatsModule dependencies initialized[39m[38;5;3m +0ms[39m
[32m[Nest] 287258  - [39m01/05/2026, 2:58:19 AM [32m    LOG[39m [38;5;3m[InstanceLoader] [39m[32mConfigModule dependencies initialized[39m[38;5;3m +0ms[39m
[32m[Nest] 287258  - [39m01/05/2026, 2:58:19 AM [32m    LOG[39m [38;5;3m[InstanceLoader] [39m[32mCoachesModule dependencies initialized[39m[38;5;3m +0ms[39m
[32m[Nest] 287258  - [39m01/05/2026, 2:58:19 AM [32m    LOG[39m [38;5;3m[InstanceLoader] [39m[32mSeatsModule dependencies initialized[39m[38;5;3m +0ms[39m
[32m[Nest] 287258  - [39m01/05/2026, 2:58:19 AM [32m    LOG[39m [38;5;3m[InstanceLoader] [39m[32mSettingsModule dependencies initialized[39m[38;5;3m +0ms[39m
[32m[Nest] 287258  - [39m01/05/2026, 2:58:19 AM [32m    LOG[39m [38;5;3m[InstanceLoader] [39m[32mPaymentsModule dependencies initialized[39m[38;5;3m +0ms[39m
[32m[Nest] 287258  - [39m01/05/2026, 2:58:19 AM [32m    LOG[39m [38;5;3m[RoutesResolver] [39m[32mTrainsController {/admin/trains}:[39m[38;5;3m +30ms[39m
[32m[Nest] 287258  - [39m01/05/2026, 2:58:19 AM [32m    LOG[39m [38;5;3m[RouterExplorer] [39m[32mMapped {/admin/trains, GET} route[39m[38;5;3m +2ms[39m
[32m[Nest] 287258  - [39m01/05/2026, 2:58:19 AM [32m    LOG[39m [38;5;3m[RouterExplorer] [39m[32mMapped {/admin/trains/:id, GET} route[39m[38;5;3m +0ms[39m
[32m[Nest] 287258  - [39m01/05/2026, 2:58:19 AM [32m    LOG[39m [38;5;3m[RouterExplorer] [39m[32mMapped {/admin/trains, POST} route[39m[38;5;3m +0ms[39m
[32m[Nest] 287258  - [39m01/05/2026, 2:58:19 AM [32m    LOG[39m [38;5;3m[RouterExplorer] [39m[32mMapped {/admin/trains/:id, PUT} route[39m[38;5;3m +0ms[39m
[32m[Nest] 287258  - [39m01/05/2026, 2:58:19 AM [32m    LOG[39m [38;5;3m[RouterExplorer] [39m[32mMapped {/admin/trains/:id, DELETE} route[39m[38;5;3m +1ms[39m
[32m[Nest] 287258  - [39m01/05/2026, 2:58:19 AM [32m    LOG[39m [38;5;3m[RoutesResolver] [39m[32mRoutesController {/admin/routes}:[39m[38;5;3m +0ms[39m
[32m[Nest] 287258  - [39m01/05/2026, 2:58:19 AM [32m    LOG[39m [38;5;3m[RouterExplorer] [39m[32mMapped {/admin/routes, GET} route[39m[38;5;3m +0ms[39m
[32m[Nest] 287258  - [39m01/05/2026, 2:58:19 AM [32m    LOG[39m [38;5;3m[RouterExplorer] [39m[32mMapped {/admin/routes/:id, GET} route[39m[38;5;3m +0ms[39m
[32m[Nest] 287258  - [39m01/05/2026, 2:58:19 AM [32m    LOG[39m [38;5;3m[RouterExplorer] [39m[32mMapped {/admin/routes, POST} route[39m[38;5;3m +0ms[39m
[32m[Nest] 287258  - [39m01/05/2026, 2:58:19 AM [32m    LOG[39m [38;5;3m[RouterExplorer] [39m[32mMapped {/admin/routes/:id, PATCH} route[39m[38;5;3m +0ms[39m
[32m[Nest] 287258  - [39m01/05/2026, 2:58:19 AM [32m    LOG[39m [38;5;3m[RouterExplorer] [39m[32mMapped {/admin/routes/:id, DELETE} route[39m[38;5;3m +1ms[39m
[32m[Nest] 287258  - [39m01/05/2026, 2:58:19 AM [32m    LOG[39m [38;5;3m[RoutesResolver] [39m[32mJourneysController {/admin/journeys}:[39m[38;5;3m +0ms[39m
[32m[Nest] 287258  - [39m01/05/2026, 2:58:19 AM [32m    LOG[39m [38;5;3m[RouterExplorer] [39m[32mMapped {/admin/journeys, GET} route[39m[38;5;3m +0ms[39m
[32m[Nest] 287258  - [39m01/05/2026, 2:58:19 AM [32m    LOG[39m [38;5;3m[RouterExplorer] [39m[32mMapped {/admin/journeys/:id, GET} route[39m[38;5;3m +0ms[39m
[32m[Nest] 287258  - [39m01/05/2026, 2:58:19 AM [32m    LOG[39m [38;5;3m[RouterExplorer] [39m[32mMapped {/admin/journeys, POST} route[39m[38;5;3m +0ms[39m
[32m[Nest] 287258  - [39m01/05/2026, 2:58:19 AM [32m    LOG[39m [38;5;3m[RouterExplorer] [39m[32mMapped {/admin/journeys/:id, PATCH} route[39m[38;5;3m +0ms[39m
[32m[Nest] 287258  - [39m01/05/2026, 2:58:19 AM [32m    LOG[39m [38;5;3m[RouterExplorer] [39m[32mMapped {/admin/journeys/:id, DELETE} route[39m[38;5;3m +0ms[39m
[32m[Nest] 287258  - [39m01/05/2026, 2:58:19 AM [32m    LOG[39m [38;5;3m[RoutesResolver] [39m[32mStationsController {/admin/stations}:[39m[38;5;3m +0ms[39m
[32m[Nest] 287258  - [39m01/05/2026, 2:58:19 AM [32m    LOG[39m [38;5;3m[RouterExplorer] [39m[32mMapped {/admin/stations, GET} route[39m[38;5;3m +0ms[39m
[32m[Nest] 287258  - [39m01/05/2026, 2:58:19 AM [32m    LOG[39m [38;5;3m[RouterExplorer] [39m[32mMapped {/admin/stations/:id, GET} route[39m[38;5;3m +0ms[39m
[32m[Nest] 287258  - [39m01/05/2026, 2:58:19 AM [32m    LOG[39m [38;5;3m[RouterExplorer] [39m[32mMapped {/admin/stations, POST} route[39m[38;5;3m +1ms[39m
[32m[Nest] 287258  - [39m01/05/2026, 2:58:19 AM [32m    LOG[39m [38;5;3m[RouterExplorer] [39m[32mMapped {/admin/stations/:id, PATCH} route[39m[38;5;3m +0ms[39m
[32m[Nest] 287258  - [39m01/05/2026, 2:58:19 AM [32m    LOG[39m [38;5;3m[RouterExplorer] [39m[32mMapped {/admin/stations/:id, DELETE} route[39m[38;5;3m +0ms[39m
[32m[Nest] 287258  - [39m01/05/2026, 2:58:19 AM [32m    LOG[39m [38;5;3m[RoutesResolver] [39m[32mUsersController {/admin/users}:[39m[38;5;3m +0ms[39m
[32m[Nest] 287258  - [39m01/05/2026, 2:58:19 AM [32m    LOG[39m [38;5;3m[RouterExplorer] [39m[32mMapped {/admin/users, GET} route[39m[38;5;3m +0ms[39m
[32m[Nest] 287258  - [39m01/05/2026, 2:58:19 AM [32m    LOG[39m [38;5;3m[RouterExplorer] [39m[32mMapped {/admin/users/:id, GET} route[39m[38;5;3m +0ms[39m
[32m[Nest] 287258  - [39m01/05/2026, 2:58:19 AM [32m    LOG[39m [38;5;3m[RoutesResolver] [39m[32mBookingsController {/admin/bookings}:[39m[38;5;3m +0ms[39m
[32m[Nest] 287258  - [39m01/05/2026, 2:58:19 AM [32m    LOG[39m [38;5;3m[RouterExplorer] [39m[32mMapped {/admin/bookings, GET} route[39m[38;5;3m +0ms[39m
[32m[Nest] 287258  - [39m01/05/2026, 2:58:19 AM [32m    LOG[39m [38;5;3m[RouterExplorer] [39m[32mMapped {/admin/bookings/:id, GET} route[39m[38;5;3m +0ms[39m
[32m[Nest] 287258  - [39m01/05/2026, 2:58:19 AM [32m    LOG[39m [38;5;3m[RoutesResolver] [39m[32mStatsController {/admin/stats}:[39m[38;5;3m +0ms[39m
[32m[Nest] 287258  - [39m01/05/2026, 2:58:19 AM [32m    LOG[39m [38;5;3m[RouterExplorer] [39m[32mMapped {/admin/stats/dashboard, GET} route[39m[38;5;3m +0ms[39m
[32m[Nest] 287258  - [39m01/05/2026, 2:58:19 AM [32m    LOG[39m [38;5;3m[RoutesResolver] [39m[32mCoachesController {/admin/coaches}:[39m[38;5;3m +0ms[39m
[32m[Nest] 287258  - [39m01/05/2026, 2:58:19 AM [32m    LOG[39m [38;5;3m[RouterExplorer] [39m[32mMapped {/admin/coaches, GET} route[39m[38;5;3m +0ms[39m
[32m[Nest] 287258  - [39m01/05/2026, 2:58:19 AM [32m    LOG[39m [38;5;3m[RouterExplorer] [39m[32mMapped {/admin/coaches/:id, GET} route[39m[38;5;3m +0ms[39m
[32m[Nest] 287258  - [39m01/05/2026, 2:58:19 AM [32m    LOG[39m [38;5;3m[RouterExplorer] [39m[32mMapped {/admin/coaches, POST} route[39m[38;5;3m +0ms[39m
[32m[Nest] 287258  - [39m01/05/2026, 2:58:19 AM [32m    LOG[39m [38;5;3m[RouterExplorer] [39m[32mMapped {/admin/coaches/:id, PUT} route[39m[38;5;3m +0ms[39m
[32m[Nest] 287258  - [39m01/05/2026, 2:58:19 AM [32m    LOG[39m [38;5;3m[RouterExplorer] [39m[32mMapped {/admin/coaches/:id, DELETE} route[39m[38;5;3m +0ms[39m
[32m[Nest] 287258  - [39m01/05/2026, 2:58:19 AM [32m    LOG[39m [38;5;3m[RoutesResolver] [39m[32mSeatsController {/admin/seats}:[39m[38;5;3m +0ms[39m
[32m[Nest] 287258  - [39m01/05/2026, 2:58:19 AM [32m    LOG[39m [38;5;3m[RouterExplorer] [39m[32mMapped {/admin/seats, GET} route[39m[38;5;3m +1ms[39m
[32m[Nest] 287258  - [39m01/05/2026, 2:58:19 AM [32m    LOG[39m [38;5;3m[RouterExplorer] [39m[32mMapped {/admin/seats/:id, GET} route[39m[38;5;3m +0ms[39m
[32m[Nest] 287258  - [39m01/05/2026, 2:58:19 AM [32m    LOG[39m [38;5;3m[RouterExplorer] [39m[32mMapped {/admin/seats, POST} route[39m[38;5;3m +0ms[39m
[32m[Nest] 287258  - [39m01/05/2026, 2:58:19 AM [32m    LOG[39m [38;5;3m[RouterExplorer] [39m[32mMapped {/admin/seats/bulk, POST} route[39m[38;5;3m +0ms[39m
[32m[Nest] 287258  - [39m01/05/2026, 2:58:19 AM [32m    LOG[39m [38;5;3m[RouterExplorer] [39m[32mMapped {/admin/seats/:id, PUT} route[39m[38;5;3m +0ms[39m
[32m[Nest] 287258  - [39m01/05/2026, 2:58:19 AM [32m    LOG[39m [38;5;3m[RouterExplorer] [39m[32mMapped {/admin/seats/:id, DELETE} route[39m[38;5;3m +0ms[39m
[32m[Nest] 287258  - [39m01/05/2026, 2:58:19 AM [32m    LOG[39m [38;5;3m[RoutesResolver] [39m[32mSettingsController {/admin/settings}:[39m[38;5;3m +0ms[39m
[32m[Nest] 287258  - [39m01/05/2026, 2:58:19 AM [32m    LOG[39m [38;5;3m[RouterExplorer] [39m[32mMapped {/admin/settings, GET} route[39m[38;5;3m +0ms[39m
[32m[Nest] 287258  - [39m01/05/2026, 2:58:19 AM [32m    LOG[39m [38;5;3m[RouterExplorer] [39m[32mMapped {/admin/settings/:key, GET} route[39m[38;5;3m +0ms[39m
[32m[Nest] 287258  - [39m01/05/2026, 2:58:19 AM [32m    LOG[39m [38;5;3m[RouterExplorer] [39m[32mMapped {/admin/settings, POST} route[39m[38;5;3m +0ms[39m
[32m[Nest] 287258  - [39m01/05/2026, 2:58:19 AM [32m    LOG[39m [38;5;3m[RouterExplorer] [39m[32mMapped {/admin/settings/:key, PUT} route[39m[38;5;3m +0ms[39m
[32m[Nest] 287258  - [39m01/05/2026, 2:58:19 AM [32m    LOG[39m [38;5;3m[RouterExplorer] [39m[32mMapped {/admin/settings/:key, DELETE} route[39m[38;5;3m +0ms[39m
[32m[Nest] 287258  - [39m01/05/2026, 2:58:19 AM [32m    LOG[39m [38;5;3m[RoutesResolver] [39m[32mPaymentsController {/admin/payments}:[39m[38;5;3m +0ms[39m
[32m[Nest] 287258  - [39m01/05/2026, 2:58:19 AM [32m    LOG[39m [38;5;3m[RouterExplorer] [39m[32mMapped {/admin/payments/stats, GET} route[39m[38;5;3m +0ms[39m
[32m[Nest] 287258  - [39m01/05/2026, 2:58:19 AM [32m    LOG[39m [38;5;3m[RouterExplorer] [39m[32mMapped {/admin/payments, GET} route[39m[38;5;3m +0ms[39m
[32m[Nest] 287258  - [39m01/05/2026, 2:58:19 AM [32m    LOG[39m [38;5;3m[RouterExplorer] [39m[32mMapped {/admin/payments/:id, GET} route[39m[38;5;3m +0ms[39m
[32m[Nest] 287258  - [39m01/05/2026, 2:58:19 AM [32m    LOG[39m [38;5;3m[NestApplication] [39m[32mNest application successfully started[39m[38;5;3m +51ms[39m
[31m[Nest] 287258  - [39m01/05/2026, 2:58:19 AM [31m  ERROR[39m [38;5;3m[NestApplication] [39m[31mError: listen EADDRINUSE: address already in use :::3010[39m[38;5;3m +2ms[39m
Error: listen EADDRINUSE: address already in use :::3010
    at Server.setupListenHandle [as _listen2] (node:net:1908:16)
    at listenInCluster (node:net:1965:12)
    at Server.listen (node:net:2067:7)
    at ExpressAdapter.listen (/home/bayajidswe/My-files/my-projects/jatra-railway/node_modules/.pnpm/@nestjs+platform-express@10.4.20_@nestjs+common@10.4.20_class-transformer@0.5.1_class-v_bd7e093f0b2f45f3454d4c6bd5ff4f44/node_modules/@nestjs/platform-express/adapters/express-adapter.js:95:32)
    at /home/bayajidswe/My-files/my-projects/jatra-railway/node_modules/.pnpm/@nestjs+core@10.4.20_@nestjs+common@10.4.20_class-transformer@0.5.1_class-validator@0.1_6ee324c1921a1c6c0e69db7d70d61af1/node_modules/@nestjs/core/nest-application.js:183:30
    at new Promise (<anonymous>)
    at NestApplication.listen (/home/bayajidswe/My-files/my-projects/jatra-railway/node_modules/.pnpm/@nestjs+core@10.4.20_@nestjs+common@10.4.20_class-transformer@0.5.1_class-validator@0.1_6ee324c1921a1c6c0e69db7d70d61af1/node_modules/@nestjs/core/nest-application.js:173:16)
    at bootstrap (/home/bayajidswe/My-files/my-projects/jatra-railway/apps/admin-service/src/main.ts:45:3)
[ERROR] 02:58:19 Error: listen EADDRINUSE: address already in use :::3010
[INFO] 02:59:46 Restarting: /home/bayajidswe/My-files/my-projects/jatra-railway/apps/admin-service/src/trains/trains.controller.ts has been modified
ReferenceError: Patch is not defined
    at Object.<anonymous> (/home/bayajidswe/My-files/my-projects/jatra-railway/apps/admin-service/src/trains/trains.controller.ts:47:9)
    at Module._compile (node:internal/modules/cjs/loader:1529:14)
    at Module._compile (/home/bayajidswe/My-files/my-projects/jatra-railway/node_modules/.pnpm/source-map-support@0.5.21/node_modules/source-map-support/source-map-support.js:568:25)
    at Module.m._compile (/tmp/ts-node-dev-hook-2914869903142008.js:69:33)
    at Module._extensions..js (node:internal/modules/cjs/loader:1613:10)
    at require.extensions..jsx.require.extensions..js (/tmp/ts-node-dev-hook-2914869903142008.js:114:20)
    at require.extensions.<computed> (/tmp/ts-node-dev-hook-2914869903142008.js:71:20)
    at Object.nodeDevHook [as .ts] (/home/bayajidswe/My-files/my-projects/jatra-railway/node_modules/.pnpm/ts-node-dev@2.0.0_@types+node@20.19.25_typescript@5.9.3/node_modules/ts-node-dev/lib/hook.js:63:13)
    at Module.load (node:internal/modules/cjs/loader:1275:32)
    at Function.Module._load (node:internal/modules/cjs/loader:1096:12)
[ERROR] 02:59:46 ReferenceError: Patch is not defined
[INFO] 02:59:47 Restarting: /home/bayajidswe/My-files/my-projects/jatra-railway/apps/admin-service/src/trains/trains.controller.ts has been modified
[32m[Nest] 288832  - [39m01/05/2026, 2:59:48 AM [32m    LOG[39m [38;5;3m[NestFactory] [39m[32mStarting Nest application...[39m
[32m[Nest] 288832  - [39m01/05/2026, 2:59:48 AM [32m    LOG[39m [38;5;3m[InstanceLoader] [39m[32mAppModule dependencies initialized[39m[38;5;3m +29ms[39m
[32m[Nest] 288832  - [39m01/05/2026, 2:59:48 AM [32m    LOG[39m [38;5;3m[InstanceLoader] [39m[32mPrismaModule dependencies initialized[39m[38;5;3m +0ms[39m
[32m[Nest] 288832  - [39m01/05/2026, 2:59:48 AM [32m    LOG[39m [38;5;3m[InstanceLoader] [39m[32mConfigHostModule dependencies initialized[39m[38;5;3m +1ms[39m
[32m[Nest] 288832  - [39m01/05/2026, 2:59:48 AM [32m    LOG[39m [38;5;3m[InstanceLoader] [39m[32mTrainsModule dependencies initialized[39m[38;5;3m +1ms[39m
[32m[Nest] 288832  - [39m01/05/2026, 2:59:48 AM [32m    LOG[39m [38;5;3m[InstanceLoader] [39m[32mRoutesModule dependencies initialized[39m[38;5;3m +0ms[39m
[32m[Nest] 288832  - [39m01/05/2026, 2:59:48 AM [32m    LOG[39m [38;5;3m[InstanceLoader] [39m[32mJourneysModule dependencies initialized[39m[38;5;3m +0ms[39m
[32m[Nest] 288832  - [39m01/05/2026, 2:59:48 AM [32m    LOG[39m [38;5;3m[InstanceLoader] [39m[32mStationsModule dependencies initialized[39m[38;5;3m +0ms[39m
[32m[Nest] 288832  - [39m01/05/2026, 2:59:48 AM [32m    LOG[39m [38;5;3m[InstanceLoader] [39m[32mUsersModule dependencies initialized[39m[38;5;3m +0ms[39m
[32m[Nest] 288832  - [39m01/05/2026, 2:59:48 AM [32m    LOG[39m [38;5;3m[InstanceLoader] [39m[32mBookingsModule dependencies initialized[39m[38;5;3m +0ms[39m
[32m[Nest] 288832  - [39m01/05/2026, 2:59:48 AM [32m    LOG[39m [38;5;3m[InstanceLoader] [39m[32mStatsModule dependencies initialized[39m[38;5;3m +0ms[39m
[32m[Nest] 288832  - [39m01/05/2026, 2:59:48 AM [32m    LOG[39m [38;5;3m[InstanceLoader] [39m[32mConfigModule dependencies initialized[39m[38;5;3m +0ms[39m
[32m[Nest] 288832  - [39m01/05/2026, 2:59:48 AM [32m    LOG[39m [38;5;3m[InstanceLoader] [39m[32mCoachesModule dependencies initialized[39m[38;5;3m +0ms[39m
[32m[Nest] 288832  - [39m01/05/2026, 2:59:48 AM [32m    LOG[39m [38;5;3m[InstanceLoader] [39m[32mSeatsModule dependencies initialized[39m[38;5;3m +0ms[39m
[32m[Nest] 288832  - [39m01/05/2026, 2:59:48 AM [32m    LOG[39m [38;5;3m[InstanceLoader] [39m[32mSettingsModule dependencies initialized[39m[38;5;3m +0ms[39m
[32m[Nest] 288832  - [39m01/05/2026, 2:59:48 AM [32m    LOG[39m [38;5;3m[InstanceLoader] [39m[32mPaymentsModule dependencies initialized[39m[38;5;3m +0ms[39m
[32m[Nest] 288832  - [39m01/05/2026, 2:59:48 AM [32m    LOG[39m [38;5;3m[RoutesResolver] [39m[32mTrainsController {/admin/trains}:[39m[38;5;3m +38ms[39m
[32m[Nest] 288832  - [39m01/05/2026, 2:59:48 AM [32m    LOG[39m [38;5;3m[RouterExplorer] [39m[32mMapped {/admin/trains, GET} route[39m[38;5;3m +3ms[39m
[32m[Nest] 288832  - [39m01/05/2026, 2:59:48 AM [32m    LOG[39m [38;5;3m[RouterExplorer] [39m[32mMapped {/admin/trains/:id, GET} route[39m[38;5;3m +1ms[39m
[32m[Nest] 288832  - [39m01/05/2026, 2:59:48 AM [32m    LOG[39m [38;5;3m[RouterExplorer] [39m[32mMapped {/admin/trains, POST} route[39m[38;5;3m +0ms[39m
[32m[Nest] 288832  - [39m01/05/2026, 2:59:48 AM [32m    LOG[39m [38;5;3m[RouterExplorer] [39m[32mMapped {/admin/trains/:id, PATCH} route[39m[38;5;3m +1ms[39m
[32m[Nest] 288832  - [39m01/05/2026, 2:59:48 AM [32m    LOG[39m [38;5;3m[RouterExplorer] [39m[32mMapped {/admin/trains/:id, DELETE} route[39m[38;5;3m +0ms[39m
[32m[Nest] 288832  - [39m01/05/2026, 2:59:48 AM [32m    LOG[39m [38;5;3m[RoutesResolver] [39m[32mRoutesController {/admin/routes}:[39m[38;5;3m +0ms[39m
[32m[Nest] 288832  - [39m01/05/2026, 2:59:48 AM [32m    LOG[39m [38;5;3m[RouterExplorer] [39m[32mMapped {/admin/routes, GET} route[39m[38;5;3m +0ms[39m
[32m[Nest] 288832  - [39m01/05/2026, 2:59:48 AM [32m    LOG[39m [38;5;3m[RouterExplorer] [39m[32mMapped {/admin/routes/:id, GET} route[39m[38;5;3m +1ms[39m
[32m[Nest] 288832  - [39m01/05/2026, 2:59:48 AM [32m    LOG[39m [38;5;3m[RouterExplorer] [39m[32mMapped {/admin/routes, POST} route[39m[38;5;3m +0ms[39m
[32m[Nest] 288832  - [39m01/05/2026, 2:59:48 AM [32m    LOG[39m [38;5;3m[RouterExplorer] [39m[32mMapped {/admin/routes/:id, PATCH} route[39m[38;5;3m +1ms[39m
[32m[Nest] 288832  - [39m01/05/2026, 2:59:48 AM [32m    LOG[39m [38;5;3m[RouterExplorer] [39m[32mMapped {/admin/routes/:id, DELETE} route[39m[38;5;3m +0ms[39m
[32m[Nest] 288832  - [39m01/05/2026, 2:59:48 AM [32m    LOG[39m [38;5;3m[RoutesResolver] [39m[32mJourneysController {/admin/journeys}:[39m[38;5;3m +0ms[39m
[32m[Nest] 288832  - [39m01/05/2026, 2:59:48 AM [32m    LOG[39m [38;5;3m[RouterExplorer] [39m[32mMapped {/admin/journeys, GET} route[39m[38;5;3m +0ms[39m
[32m[Nest] 288832  - [39m01/05/2026, 2:59:48 AM [32m    LOG[39m [38;5;3m[RouterExplorer] [39m[32mMapped {/admin/journeys/:id, GET} route[39m[38;5;3m +1ms[39m
[32m[Nest] 288832  - [39m01/05/2026, 2:59:48 AM [32m    LOG[39m [38;5;3m[RouterExplorer] [39m[32mMapped {/admin/journeys, POST} route[39m[38;5;3m +0ms[39m
[32m[Nest] 288832  - [39m01/05/2026, 2:59:48 AM [32m    LOG[39m [38;5;3m[RouterExplorer] [39m[32mMapped {/admin/journeys/:id, PATCH} route[39m[38;5;3m +0ms[39m
[32m[Nest] 288832  - [39m01/05/2026, 2:59:48 AM [32m    LOG[39m [38;5;3m[RouterExplorer] [39m[32mMapped {/admin/journeys/:id, DELETE} route[39m[38;5;3m +0ms[39m
[32m[Nest] 288832  - [39m01/05/2026, 2:59:48 AM [32m    LOG[39m [38;5;3m[RoutesResolver] [39m[32mStationsController {/admin/stations}:[39m[38;5;3m +0ms[39m
[32m[Nest] 288832  - [39m01/05/2026, 2:59:48 AM [32m    LOG[39m [38;5;3m[RouterExplorer] [39m[32mMapped {/admin/stations, GET} route[39m[38;5;3m +0ms[39m
[32m[Nest] 288832  - [39m01/05/2026, 2:59:48 AM [32m    LOG[39m [38;5;3m[RouterExplorer] [39m[32mMapped {/admin/stations/:id, GET} route[39m[38;5;3m +1ms[39m
[32m[Nest] 288832  - [39m01/05/2026, 2:59:48 AM [32m    LOG[39m [38;5;3m[RouterExplorer] [39m[32mMapped {/admin/stations, POST} route[39m[38;5;3m +0ms[39m
[32m[Nest] 288832  - [39m01/05/2026, 2:59:48 AM [32m    LOG[39m [38;5;3m[RouterExplorer] [39m[32mMapped {/admin/stations/:id, PATCH} route[39m[38;5;3m +0ms[39m
[32m[Nest] 288832  - [39m01/05/2026, 2:59:48 AM [32m    LOG[39m [38;5;3m[RouterExplorer] [39m[32mMapped {/admin/stations/:id, DELETE} route[39m[38;5;3m +0ms[39m
[32m[Nest] 288832  - [39m01/05/2026, 2:59:48 AM [32m    LOG[39m [38;5;3m[RoutesResolver] [39m[32mUsersController {/admin/users}:[39m[38;5;3m +0ms[39m
[32m[Nest] 288832  - [39m01/05/2026, 2:59:48 AM [32m    LOG[39m [38;5;3m[RouterExplorer] [39m[32mMapped {/admin/users, GET} route[39m[38;5;3m +0ms[39m
[32m[Nest] 288832  - [39m01/05/2026, 2:59:48 AM [32m    LOG[39m [38;5;3m[RouterExplorer] [39m[32mMapped {/admin/users/:id, GET} route[39m[38;5;3m +1ms[39m
[32m[Nest] 288832  - [39m01/05/2026, 2:59:48 AM [32m    LOG[39m [38;5;3m[RoutesResolver] [39m[32mBookingsController {/admin/bookings}:[39m[38;5;3m +0ms[39m
[32m[Nest] 288832  - [39m01/05/2026, 2:59:48 AM [32m    LOG[39m [38;5;3m[RouterExplorer] [39m[32mMapped {/admin/bookings, GET} route[39m[38;5;3m +0ms[39m
[32m[Nest] 288832  - [39m01/05/2026, 2:59:48 AM [32m    LOG[39m [38;5;3m[RouterExplorer] [39m[32mMapped {/admin/bookings/:id, GET} route[39m[38;5;3m +0ms[39m
[32m[Nest] 288832  - [39m01/05/2026, 2:59:48 AM [32m    LOG[39m [38;5;3m[RoutesResolver] [39m[32mStatsController {/admin/stats}:[39m[38;5;3m +0ms[39m
[32m[Nest] 288832  - [39m01/05/2026, 2:59:48 AM [32m    LOG[39m [38;5;3m[RouterExplorer] [39m[32mMapped {/admin/stats/dashboard, GET} route[39m[38;5;3m +0ms[39m
[32m[Nest] 288832  - [39m01/05/2026, 2:59:48 AM [32m    LOG[39m [38;5;3m[RoutesResolver] [39m[32mCoachesController {/admin/coaches}:[39m[38;5;3m +0ms[39m
[32m[Nest] 288832  - [39m01/05/2026, 2:59:48 AM [32m    LOG[39m [38;5;3m[RouterExplorer] [39m[32mMapped {/admin/coaches, GET} route[39m[38;5;3m +0ms[39m
[32m[Nest] 288832  - [39m01/05/2026, 2:59:48 AM [32m    LOG[39m [38;5;3m[RouterExplorer] [39m[32mMapped {/admin/coaches/:id, GET} route[39m[38;5;3m +0ms[39m
[32m[Nest] 288832  - [39m01/05/2026, 2:59:48 AM [32m    LOG[39m [38;5;3m[RouterExplorer] [39m[32mMapped {/admin/coaches, POST} route[39m[38;5;3m +1ms[39m
[32m[Nest] 288832  - [39m01/05/2026, 2:59:48 AM [32m    LOG[39m [38;5;3m[RouterExplorer] [39m[32mMapped {/admin/coaches/:id, PUT} route[39m[38;5;3m +0ms[39m
[32m[Nest] 288832  - [39m01/05/2026, 2:59:48 AM [32m    LOG[39m [38;5;3m[RouterExplorer] [39m[32mMapped {/admin/coaches/:id, DELETE} route[39m[38;5;3m +0ms[39m
[32m[Nest] 288832  - [39m01/05/2026, 2:59:48 AM [32m    LOG[39m [38;5;3m[RoutesResolver] [39m[32mSeatsController {/admin/seats}:[39m[38;5;3m +0ms[39m
[32m[Nest] 288832  - [39m01/05/2026, 2:59:48 AM [32m    LOG[39m [38;5;3m[RouterExplorer] [39m[32mMapped {/admin/seats, GET} route[39m[38;5;3m +0ms[39m
[32m[Nest] 288832  - [39m01/05/2026, 2:59:48 AM [32m    LOG[39m [38;5;3m[RouterExplorer] [39m[32mMapped {/admin/seats/:id, GET} route[39m[38;5;3m +0ms[39m
[32m[Nest] 288832  - [39m01/05/2026, 2:59:48 AM [32m    LOG[39m [38;5;3m[RouterExplorer] [39m[32mMapped {/admin/seats, POST} route[39m[38;5;3m +0ms[39m
[32m[Nest] 288832  - [39m01/05/2026, 2:59:48 AM [32m    LOG[39m [38;5;3m[RouterExplorer] [39m[32mMapped {/admin/seats/bulk, POST} route[39m[38;5;3m +0ms[39m
[32m[Nest] 288832  - [39m01/05/2026, 2:59:48 AM [32m    LOG[39m [38;5;3m[RouterExplorer] [39m[32mMapped {/admin/seats/:id, PUT} route[39m[38;5;3m +0ms[39m
[32m[Nest] 288832  - [39m01/05/2026, 2:59:48 AM [32m    LOG[39m [38;5;3m[RouterExplorer] [39m[32mMapped {/admin/seats/:id, DELETE} route[39m[38;5;3m +0ms[39m
[32m[Nest] 288832  - [39m01/05/2026, 2:59:48 AM [32m    LOG[39m [38;5;3m[RoutesResolver] [39m[32mSettingsController {/admin/settings}:[39m[38;5;3m +1ms[39m
[32m[Nest] 288832  - [39m01/05/2026, 2:59:48 AM [32m    LOG[39m [38;5;3m[RouterExplorer] [39m[32mMapped {/admin/settings, GET} route[39m[38;5;3m +0ms[39m
[32m[Nest] 288832  - [39m01/05/2026, 2:59:48 AM [32m    LOG[39m [38;5;3m[RouterExplorer] [39m[32mMapped {/admin/settings/:key, GET} route[39m[38;5;3m +0ms[39m
[32m[Nest] 288832  - [39m01/05/2026, 2:59:48 AM [32m    LOG[39m [38;5;3m[RouterExplorer] [39m[32mMapped {/admin/settings, POST} route[39m[38;5;3m +0ms[39m
[32m[Nest] 288832  - [39m01/05/2026, 2:59:48 AM [32m    LOG[39m [38;5;3m[RouterExplorer] [39m[32mMapped {/admin/settings/:key, PUT} route[39m[38;5;3m +0ms[39m
[32m[Nest] 288832  - [39m01/05/2026, 2:59:48 AM [32m    LOG[39m [38;5;3m[RouterExplorer] [39m[32mMapped {/admin/settings/:key, DELETE} route[39m[38;5;3m +0ms[39m
[32m[Nest] 288832  - [39m01/05/2026, 2:59:48 AM [32m    LOG[39m [38;5;3m[RoutesResolver] [39m[32mPaymentsController {/admin/payments}:[39m[38;5;3m +0ms[39m
[32m[Nest] 288832  - [39m01/05/2026, 2:59:48 AM [32m    LOG[39m [38;5;3m[RouterExplorer] [39m[32mMapped {/admin/payments/stats, GET} route[39m[38;5;3m +0ms[39m
[32m[Nest] 288832  - [39m01/05/2026, 2:59:48 AM [32m    LOG[39m [38;5;3m[RouterExplorer] [39m[32mMapped {/admin/payments, GET} route[39m[38;5;3m +0ms[39m
[32m[Nest] 288832  - [39m01/05/2026, 2:59:48 AM [32m    LOG[39m [38;5;3m[RouterExplorer] [39m[32mMapped {/admin/payments/:id, GET} route[39m[38;5;3m +0ms[39m
[32m[Nest] 288832  - [39m01/05/2026, 2:59:48 AM [32m    LOG[39m [38;5;3m[NestApplication] [39m[32mNest application successfully started[39m[38;5;3m +61ms[39m
[31m[Nest] 288832  - [39m01/05/2026, 2:59:48 AM [31m  ERROR[39m [38;5;3m[NestApplication] [39m[31mError: listen EADDRINUSE: address already in use :::3010[39m[38;5;3m +1ms[39m
Error: listen EADDRINUSE: address already in use :::3010
    at Server.setupListenHandle [as _listen2] (node:net:1908:16)
    at listenInCluster (node:net:1965:12)
    at Server.listen (node:net:2067:7)
    at ExpressAdapter.listen (/home/bayajidswe/My-files/my-projects/jatra-railway/node_modules/.pnpm/@nestjs+platform-express@10.4.20_@nestjs+common@10.4.20_class-transformer@0.5.1_class-v_bd7e093f0b2f45f3454d4c6bd5ff4f44/node_modules/@nestjs/platform-express/adapters/express-adapter.js:95:32)
    at /home/bayajidswe/My-files/my-projects/jatra-railway/node_modules/.pnpm/@nestjs+core@10.4.20_@nestjs+common@10.4.20_class-transformer@0.5.1_class-validator@0.1_6ee324c1921a1c6c0e69db7d70d61af1/node_modules/@nestjs/core/nest-application.js:183:30
    at new Promise (<anonymous>)
    at NestApplication.listen (/home/bayajidswe/My-files/my-projects/jatra-railway/node_modules/.pnpm/@nestjs+core@10.4.20_@nestjs+common@10.4.20_class-transformer@0.5.1_class-validator@0.1_6ee324c1921a1c6c0e69db7d70d61af1/node_modules/@nestjs/core/nest-application.js:173:16)
    at bootstrap (/home/bayajidswe/My-files/my-projects/jatra-railway/apps/admin-service/src/main.ts:45:3)
[ERROR] 02:59:48 Error: listen EADDRINUSE: address already in use :::3010
[INFO] 02:59:49 Restarting: /home/bayajidswe/My-files/my-projects/jatra-railway/apps/admin-service/src/coaches/coaches.controller.ts has been modified
ReferenceError: Patch is not defined
    at Object.<anonymous> (/home/bayajidswe/My-files/my-projects/jatra-railway/apps/admin-service/src/coaches/coaches.controller.ts:52:9)
    at Module._compile (node:internal/modules/cjs/loader:1529:14)
    at Module._compile (/home/bayajidswe/My-files/my-projects/jatra-railway/node_modules/.pnpm/source-map-support@0.5.21/node_modules/source-map-support/source-map-support.js:568:25)
    at Module.m._compile (/tmp/ts-node-dev-hook-2914869903142008.js:69:33)
    at Module._extensions..js (node:internal/modules/cjs/loader:1613:10)
    at require.extensions..jsx.require.extensions..js (/tmp/ts-node-dev-hook-2914869903142008.js:114:20)
    at require.extensions.<computed> (/tmp/ts-node-dev-hook-2914869903142008.js:71:20)
    at Object.nodeDevHook [as .ts] (/home/bayajidswe/My-files/my-projects/jatra-railway/node_modules/.pnpm/ts-node-dev@2.0.0_@types+node@20.19.25_typescript@5.9.3/node_modules/ts-node-dev/lib/hook.js:63:13)
    at Module.load (node:internal/modules/cjs/loader:1275:32)
    at Function.Module._load (node:internal/modules/cjs/loader:1096:12)
[ERROR] 02:59:49 ReferenceError: Patch is not defined
[INFO] 02:59:50 Restarting: /home/bayajidswe/My-files/my-projects/jatra-railway/apps/admin-service/src/coaches/coaches.controller.ts has been modified
[32m[Nest] 288917  - [39m01/05/2026, 2:59:50 AM [32m    LOG[39m [38;5;3m[NestFactory] [39m[32mStarting Nest application...[39m
[32m[Nest] 288917  - [39m01/05/2026, 2:59:50 AM [32m    LOG[39m [38;5;3m[InstanceLoader] [39m[32mAppModule dependencies initialized[39m[38;5;3m +10ms[39m
[32m[Nest] 288917  - [39m01/05/2026, 2:59:50 AM [32m    LOG[39m [38;5;3m[InstanceLoader] [39m[32mPrismaModule dependencies initialized[39m[38;5;3m +0ms[39m
[32m[Nest] 288917  - [39m01/05/2026, 2:59:50 AM [32m    LOG[39m [38;5;3m[InstanceLoader] [39m[32mConfigHostModule dependencies initialized[39m[38;5;3m +1ms[39m
[32m[Nest] 288917  - [39m01/05/2026, 2:59:50 AM [32m    LOG[39m [38;5;3m[InstanceLoader] [39m[32mTrainsModule dependencies initialized[39m[38;5;3m +0ms[39m
[32m[Nest] 288917  - [39m01/05/2026, 2:59:50 AM [32m    LOG[39m [38;5;3m[InstanceLoader] [39m[32mRoutesModule dependencies initialized[39m[38;5;3m +0ms[39m
[32m[Nest] 288917  - [39m01/05/2026, 2:59:50 AM [32m    LOG[39m [38;5;3m[InstanceLoader] [39m[32mJourneysModule dependencies initialized[39m[38;5;3m +0ms[39m
[32m[Nest] 288917  - [39m01/05/2026, 2:59:50 AM [32m    LOG[39m [38;5;3m[InstanceLoader] [39m[32mStationsModule dependencies initialized[39m[38;5;3m +0ms[39m
[32m[Nest] 288917  - [39m01/05/2026, 2:59:50 AM [32m    LOG[39m [38;5;3m[InstanceLoader] [39m[32mUsersModule dependencies initialized[39m[38;5;3m +0ms[39m
[32m[Nest] 288917  - [39m01/05/2026, 2:59:50 AM [32m    LOG[39m [38;5;3m[InstanceLoader] [39m[32mBookingsModule dependencies initialized[39m[38;5;3m +0ms[39m
[32m[Nest] 288917  - [39m01/05/2026, 2:59:50 AM [32m    LOG[39m [38;5;3m[InstanceLoader] [39m[32mStatsModule dependencies initialized[39m[38;5;3m +0ms[39m
[32m[Nest] 288917  - [39m01/05/2026, 2:59:50 AM [32m    LOG[39m [38;5;3m[InstanceLoader] [39m[32mConfigModule dependencies initialized[39m[38;5;3m +0ms[39m
[32m[Nest] 288917  - [39m01/05/2026, 2:59:50 AM [32m    LOG[39m [38;5;3m[InstanceLoader] [39m[32mCoachesModule dependencies initialized[39m[38;5;3m +0ms[39m
[32m[Nest] 288917  - [39m01/05/2026, 2:59:50 AM [32m    LOG[39m [38;5;3m[InstanceLoader] [39m[32mSeatsModule dependencies initialized[39m[38;5;3m +0ms[39m
[32m[Nest] 288917  - [39m01/05/2026, 2:59:50 AM [32m    LOG[39m [38;5;3m[InstanceLoader] [39m[32mSettingsModule dependencies initialized[39m[38;5;3m +0ms[39m
[32m[Nest] 288917  - [39m01/05/2026, 2:59:50 AM [32m    LOG[39m [38;5;3m[InstanceLoader] [39m[32mPaymentsModule dependencies initialized[39m[38;5;3m +0ms[39m
[32m[Nest] 288917  - [39m01/05/2026, 2:59:50 AM [32m    LOG[39m [38;5;3m[RoutesResolver] [39m[32mTrainsController {/admin/trains}:[39m[38;5;3m +24ms[39m
[32m[Nest] 288917  - [39m01/05/2026, 2:59:50 AM [32m    LOG[39m [38;5;3m[RouterExplorer] [39m[32mMapped {/admin/trains, GET} route[39m[38;5;3m +1ms[39m
[32m[Nest] 288917  - [39m01/05/2026, 2:59:50 AM [32m    LOG[39m [38;5;3m[RouterExplorer] [39m[32mMapped {/admin/trains/:id, GET} route[39m[38;5;3m +0ms[39m
[32m[Nest] 288917  - [39m01/05/2026, 2:59:50 AM [32m    LOG[39m [38;5;3m[RouterExplorer] [39m[32mMapped {/admin/trains, POST} route[39m[38;5;3m +1ms[39m
[32m[Nest] 288917  - [39m01/05/2026, 2:59:50 AM [32m    LOG[39m [38;5;3m[RouterExplorer] [39m[32mMapped {/admin/trains/:id, PATCH} route[39m[38;5;3m +0ms[39m
[32m[Nest] 288917  - [39m01/05/2026, 2:59:50 AM [32m    LOG[39m [38;5;3m[RouterExplorer] [39m[32mMapped {/admin/trains/:id, DELETE} route[39m[38;5;3m +0ms[39m
[32m[Nest] 288917  - [39m01/05/2026, 2:59:50 AM [32m    LOG[39m [38;5;3m[RoutesResolver] [39m[32mRoutesController {/admin/routes}:[39m[38;5;3m +0ms[39m
[32m[Nest] 288917  - [39m01/05/2026, 2:59:50 AM [32m    LOG[39m [38;5;3m[RouterExplorer] [39m[32mMapped {/admin/routes, GET} route[39m[38;5;3m +0ms[39m
[32m[Nest] 288917  - [39m01/05/2026, 2:59:50 AM [32m    LOG[39m [38;5;3m[RouterExplorer] [39m[32mMapped {/admin/routes/:id, GET} route[39m[38;5;3m +0ms[39m
[32m[Nest] 288917  - [39m01/05/2026, 2:59:50 AM [32m    LOG[39m [38;5;3m[RouterExplorer] [39m[32mMapped {/admin/routes, POST} route[39m[38;5;3m +0ms[39m
[32m[Nest] 288917  - [39m01/05/2026, 2:59:50 AM [32m    LOG[39m [38;5;3m[RouterExplorer] [39m[32mMapped {/admin/routes/:id, PATCH} route[39m[38;5;3m +1ms[39m
[32m[Nest] 288917  - [39m01/05/2026, 2:59:50 AM [32m    LOG[39m [38;5;3m[RouterExplorer] [39m[32mMapped {/admin/routes/:id, DELETE} route[39m[38;5;3m +0ms[39m
[32m[Nest] 288917  - [39m01/05/2026, 2:59:50 AM [32m    LOG[39m [38;5;3m[RoutesResolver] [39m[32mJourneysController {/admin/journeys}:[39m[38;5;3m +0ms[39m
[32m[Nest] 288917  - [39m01/05/2026, 2:59:50 AM [32m    LOG[39m [38;5;3m[RouterExplorer] [39m[32mMapped {/admin/journeys, GET} route[39m[38;5;3m +0ms[39m
[32m[Nest] 288917  - [39m01/05/2026, 2:59:50 AM [32m    LOG[39m [38;5;3m[RouterExplorer] [39m[32mMapped {/admin/journeys/:id, GET} route[39m[38;5;3m +0ms[39m
[32m[Nest] 288917  - [39m01/05/2026, 2:59:50 AM [32m    LOG[39m [38;5;3m[RouterExplorer] [39m[32mMapped {/admin/journeys, POST} route[39m[38;5;3m +0ms[39m
[32m[Nest] 288917  - [39m01/05/2026, 2:59:50 AM [32m    LOG[39m [38;5;3m[RouterExplorer] [39m[32mMapped {/admin/journeys/:id, PATCH} route[39m[38;5;3m +0ms[39m
[32m[Nest] 288917  - [39m01/05/2026, 2:59:50 AM [32m    LOG[39m [38;5;3m[RouterExplorer] [39m[32mMapped {/admin/journeys/:id, DELETE} route[39m[38;5;3m +0ms[39m
[32m[Nest] 288917  - [39m01/05/2026, 2:59:50 AM [32m    LOG[39m [38;5;3m[RoutesResolver] [39m[32mStationsController {/admin/stations}:[39m[38;5;3m +0ms[39m
[32m[Nest] 288917  - [39m01/05/2026, 2:59:50 AM [32m    LOG[39m [38;5;3m[RouterExplorer] [39m[32mMapped {/admin/stations, GET} route[39m[38;5;3m +0ms[39m
[32m[Nest] 288917  - [39m01/05/2026, 2:59:50 AM [32m    LOG[39m [38;5;3m[RouterExplorer] [39m[32mMapped {/admin/stations/:id, GET} route[39m[38;5;3m +0ms[39m
[32m[Nest] 288917  - [39m01/05/2026, 2:59:50 AM [32m    LOG[39m [38;5;3m[RouterExplorer] [39m[32mMapped {/admin/stations, POST} route[39m[38;5;3m +0ms[39m
[32m[Nest] 288917  - [39m01/05/2026, 2:59:50 AM [32m    LOG[39m [38;5;3m[RouterExplorer] [39m[32mMapped {/admin/stations/:id, PATCH} route[39m[38;5;3m +0ms[39m
[32m[Nest] 288917  - [39m01/05/2026, 2:59:50 AM [32m    LOG[39m [38;5;3m[RouterExplorer] [39m[32mMapped {/admin/stations/:id, DELETE} route[39m[38;5;3m +0ms[39m
[32m[Nest] 288917  - [39m01/05/2026, 2:59:50 AM [32m    LOG[39m [38;5;3m[RoutesResolver] [39m[32mUsersController {/admin/users}:[39m[38;5;3m +0ms[39m
[32m[Nest] 288917  - [39m01/05/2026, 2:59:50 AM [32m    LOG[39m [38;5;3m[RouterExplorer] [39m[32mMapped {/admin/users, GET} route[39m[38;5;3m +1ms[39m
[32m[Nest] 288917  - [39m01/05/2026, 2:59:50 AM [32m    LOG[39m [38;5;3m[RouterExplorer] [39m[32mMapped {/admin/users/:id, GET} route[39m[38;5;3m +0ms[39m
[32m[Nest] 288917  - [39m01/05/2026, 2:59:50 AM [32m    LOG[39m [38;5;3m[RoutesResolver] [39m[32mBookingsController {/admin/bookings}:[39m[38;5;3m +0ms[39m
[32m[Nest] 288917  - [39m01/05/2026, 2:59:50 AM [32m    LOG[39m [38;5;3m[RouterExplorer] [39m[32mMapped {/admin/bookings, GET} route[39m[38;5;3m +0ms[39m
[32m[Nest] 288917  - [39m01/05/2026, 2:59:50 AM [32m    LOG[39m [38;5;3m[RouterExplorer] [39m[32mMapped {/admin/bookings/:id, GET} route[39m[38;5;3m +0ms[39m
[32m[Nest] 288917  - [39m01/05/2026, 2:59:50 AM [32m    LOG[39m [38;5;3m[RoutesResolver] [39m[32mStatsController {/admin/stats}:[39m[38;5;3m +0ms[39m
[32m[Nest] 288917  - [39m01/05/2026, 2:59:50 AM [32m    LOG[39m [38;5;3m[RouterExplorer] [39m[32mMapped {/admin/stats/dashboard, GET} route[39m[38;5;3m +0ms[39m
[32m[Nest] 288917  - [39m01/05/2026, 2:59:50 AM [32m    LOG[39m [38;5;3m[RoutesResolver] [39m[32mCoachesController {/admin/coaches}:[39m[38;5;3m +0ms[39m
[32m[Nest] 288917  - [39m01/05/2026, 2:59:50 AM [32m    LOG[39m [38;5;3m[RouterExplorer] [39m[32mMapped {/admin/coaches, GET} route[39m[38;5;3m +0ms[39m
[32m[Nest] 288917  - [39m01/05/2026, 2:59:50 AM [32m    LOG[39m [38;5;3m[RouterExplorer] [39m[32mMapped {/admin/coaches/:id, GET} route[39m[38;5;3m +0ms[39m
[32m[Nest] 288917  - [39m01/05/2026, 2:59:50 AM [32m    LOG[39m [38;5;3m[RouterExplorer] [39m[32mMapped {/admin/coaches, POST} route[39m[38;5;3m +0ms[39m
[32m[Nest] 288917  - [39m01/05/2026, 2:59:50 AM [32m    LOG[39m [38;5;3m[RouterExplorer] [39m[32mMapped {/admin/coaches/:id, PATCH} route[39m[38;5;3m +0ms[39m
[32m[Nest] 288917  - [39m01/05/2026, 2:59:50 AM [32m    LOG[39m [38;5;3m[RouterExplorer] [39m[32mMapped {/admin/coaches/:id, DELETE} route[39m[38;5;3m +0ms[39m
[32m[Nest] 288917  - [39m01/05/2026, 2:59:50 AM [32m    LOG[39m [38;5;3m[RoutesResolver] [39m[32mSeatsController {/admin/seats}:[39m[38;5;3m +0ms[39m
[32m[Nest] 288917  - [39m01/05/2026, 2:59:50 AM [32m    LOG[39m [38;5;3m[RouterExplorer] [39m[32mMapped {/admin/seats, GET} route[39m[38;5;3m +0ms[39m
[32m[Nest] 288917  - [39m01/05/2026, 2:59:50 AM [32m    LOG[39m [38;5;3m[RouterExplorer] [39m[32mMapped {/admin/seats/:id, GET} route[39m[38;5;3m +0ms[39m
[32m[Nest] 288917  - [39m01/05/2026, 2:59:50 AM [32m    LOG[39m [38;5;3m[RouterExplorer] [39m[32mMapped {/admin/seats, POST} route[39m[38;5;3m +0ms[39m
[32m[Nest] 288917  - [39m01/05/2026, 2:59:50 AM [32m    LOG[39m [38;5;3m[RouterExplorer] [39m[32mMapped {/admin/seats/bulk, POST} route[39m[38;5;3m +0ms[39m
[32m[Nest] 288917  - [39m01/05/2026, 2:59:50 AM [32m    LOG[39m [38;5;3m[RouterExplorer] [39m[32mMapped {/admin/seats/:id, PUT} route[39m[38;5;3m +0ms[39m
[32m[Nest] 288917  - [39m01/05/2026, 2:59:50 AM [32m    LOG[39m [38;5;3m[RouterExplorer] [39m[32mMapped {/admin/seats/:id, DELETE} route[39m[38;5;3m +0ms[39m
[32m[Nest] 288917  - [39m01/05/2026, 2:59:50 AM [32m    LOG[39m [38;5;3m[RoutesResolver] [39m[32mSettingsController {/admin/settings}:[39m[38;5;3m +0ms[39m
[32m[Nest] 288917  - [39m01/05/2026, 2:59:50 AM [32m    LOG[39m [38;5;3m[RouterExplorer] [39m[32mMapped {/admin/settings, GET} route[39m[38;5;3m +0ms[39m
[32m[Nest] 288917  - [39m01/05/2026, 2:59:50 AM [32m    LOG[39m [38;5;3m[RouterExplorer] [39m[32mMapped {/admin/settings/:key, GET} route[39m[38;5;3m +0ms[39m
[32m[Nest] 288917  - [39m01/05/2026, 2:59:50 AM [32m    LOG[39m [38;5;3m[RouterExplorer] [39m[32mMapped {/admin/settings, POST} route[39m[38;5;3m +1ms[39m
[32m[Nest] 288917  - [39m01/05/2026, 2:59:50 AM [32m    LOG[39m [38;5;3m[RouterExplorer] [39m[32mMapped {/admin/settings/:key, PUT} route[39m[38;5;3m +0ms[39m
[32m[Nest] 288917  - [39m01/05/2026, 2:59:50 AM [32m    LOG[39m [38;5;3m[RouterExplorer] [39m[32mMapped {/admin/settings/:key, DELETE} route[39m[38;5;3m +0ms[39m
[32m[Nest] 288917  - [39m01/05/2026, 2:59:50 AM [32m    LOG[39m [38;5;3m[RoutesResolver] [39m[32mPaymentsController {/admin/payments}:[39m[38;5;3m +0ms[39m
[32m[Nest] 288917  - [39m01/05/2026, 2:59:50 AM [32m    LOG[39m [38;5;3m[RouterExplorer] [39m[32mMapped {/admin/payments/stats, GET} route[39m[38;5;3m +0ms[39m
[32m[Nest] 288917  - [39m01/05/2026, 2:59:50 AM [32m    LOG[39m [38;5;3m[RouterExplorer] [39m[32mMapped {/admin/payments, GET} route[39m[38;5;3m +0ms[39m
[32m[Nest] 288917  - [39m01/05/2026, 2:59:50 AM [32m    LOG[39m [38;5;3m[RouterExplorer] [39m[32mMapped {/admin/payments/:id, GET} route[39m[38;5;3m +0ms[39m
[32m[Nest] 288917  - [39m01/05/2026, 2:59:51 AM [32m    LOG[39m [38;5;3m[NestApplication] [39m[32mNest application successfully started[39m[38;5;3m +58ms[39m
🚀 Admin Service is running on: http://localhost:3010
📚 Swagger documentation: http://localhost:3010/api/docs
🔐 Admin operations - requires ADMIN role
[INFO] 02:59:51 Restarting: /home/bayajidswe/My-files/my-projects/jatra-railway/apps/admin-service/src/seats/seats.controller.ts has been modified
ReferenceError: Patch is not defined
    at Object.<anonymous> (/home/bayajidswe/My-files/my-projects/jatra-railway/apps/admin-service/src/seats/seats.controller.ts:59:9)
    at Module._compile (node:internal/modules/cjs/loader:1529:14)
    at Module._compile (/home/bayajidswe/My-files/my-projects/jatra-railway/node_modules/.pnpm/source-map-support@0.5.21/node_modules/source-map-support/source-map-support.js:568:25)
    at Module.m._compile (/tmp/ts-node-dev-hook-2914869903142008.js:69:33)
    at Module._extensions..js (node:internal/modules/cjs/loader:1613:10)
    at require.extensions..jsx.require.extensions..js (/tmp/ts-node-dev-hook-2914869903142008.js:114:20)
    at require.extensions.<computed> (/tmp/ts-node-dev-hook-2914869903142008.js:71:20)
    at Object.nodeDevHook [as .ts] (/home/bayajidswe/My-files/my-projects/jatra-railway/node_modules/.pnpm/ts-node-dev@2.0.0_@types+node@20.19.25_typescript@5.9.3/node_modules/ts-node-dev/lib/hook.js:63:13)
    at Module.load (node:internal/modules/cjs/loader:1275:32)
    at Function.Module._load (node:internal/modules/cjs/loader:1096:12)
[ERROR] 02:59:52 ReferenceError: Patch is not defined
[INFO] 02:59:53 Restarting: /home/bayajidswe/My-files/my-projects/jatra-railway/apps/admin-service/src/seats/seats.controller.ts has been modified
[32m[Nest] 289118  - [39m01/05/2026, 2:59:53 AM [32m    LOG[39m [38;5;3m[NestFactory] [39m[32mStarting Nest application...[39m
[32m[Nest] 289118  - [39m01/05/2026, 2:59:53 AM [32m    LOG[39m [38;5;3m[InstanceLoader] [39m[32mAppModule dependencies initialized[39m[38;5;3m +12ms[39m
[32m[Nest] 289118  - [39m01/05/2026, 2:59:53 AM [32m    LOG[39m [38;5;3m[InstanceLoader] [39m[32mPrismaModule dependencies initialized[39m[38;5;3m +0ms[39m
[32m[Nest] 289118  - [39m01/05/2026, 2:59:53 AM [32m    LOG[39m [38;5;3m[InstanceLoader] [39m[32mConfigHostModule dependencies initialized[39m[38;5;3m +1ms[39m
[32m[Nest] 289118  - [39m01/05/2026, 2:59:53 AM [32m    LOG[39m [38;5;3m[InstanceLoader] [39m[32mTrainsModule dependencies initialized[39m[38;5;3m +0ms[39m
[32m[Nest] 289118  - [39m01/05/2026, 2:59:53 AM [32m    LOG[39m [38;5;3m[InstanceLoader] [39m[32mRoutesModule dependencies initialized[39m[38;5;3m +0ms[39m
[32m[Nest] 289118  - [39m01/05/2026, 2:59:53 AM [32m    LOG[39m [38;5;3m[InstanceLoader] [39m[32mJourneysModule dependencies initialized[39m[38;5;3m +0ms[39m
[32m[Nest] 289118  - [39m01/05/2026, 2:59:53 AM [32m    LOG[39m [38;5;3m[InstanceLoader] [39m[32mStationsModule dependencies initialized[39m[38;5;3m +0ms[39m
[32m[Nest] 289118  - [39m01/05/2026, 2:59:53 AM [32m    LOG[39m [38;5;3m[InstanceLoader] [39m[32mUsersModule dependencies initialized[39m[38;5;3m +0ms[39m
[32m[Nest] 289118  - [39m01/05/2026, 2:59:53 AM [32m    LOG[39m [38;5;3m[InstanceLoader] [39m[32mBookingsModule dependencies initialized[39m[38;5;3m +0ms[39m
[32m[Nest] 289118  - [39m01/05/2026, 2:59:53 AM [32m    LOG[39m [38;5;3m[InstanceLoader] [39m[32mStatsModule dependencies initialized[39m[38;5;3m +1ms[39m
[32m[Nest] 289118  - [39m01/05/2026, 2:59:53 AM [32m    LOG[39m [38;5;3m[InstanceLoader] [39m[32mConfigModule dependencies initialized[39m[38;5;3m +0ms[39m
[32m[Nest] 289118  - [39m01/05/2026, 2:59:53 AM [32m    LOG[39m [38;5;3m[InstanceLoader] [39m[32mCoachesModule dependencies initialized[39m[38;5;3m +0ms[39m
[32m[Nest] 289118  - [39m01/05/2026, 2:59:53 AM [32m    LOG[39m [38;5;3m[InstanceLoader] [39m[32mSeatsModule dependencies initialized[39m[38;5;3m +0ms[39m
[32m[Nest] 289118  - [39m01/05/2026, 2:59:53 AM [32m    LOG[39m [38;5;3m[InstanceLoader] [39m[32mSettingsModule dependencies initialized[39m[38;5;3m +0ms[39m
[32m[Nest] 289118  - [39m01/05/2026, 2:59:53 AM [32m    LOG[39m [38;5;3m[InstanceLoader] [39m[32mPaymentsModule dependencies initialized[39m[38;5;3m +0ms[39m
[32m[Nest] 289118  - [39m01/05/2026, 2:59:53 AM [32m    LOG[39m [38;5;3m[RoutesResolver] [39m[32mTrainsController {/admin/trains}:[39m[38;5;3m +27ms[39m
[32m[Nest] 289118  - [39m01/05/2026, 2:59:53 AM [32m    LOG[39m [38;5;3m[RouterExplorer] [39m[32mMapped {/admin/trains, GET} route[39m[38;5;3m +3ms[39m
[32m[Nest] 289118  - [39m01/05/2026, 2:59:53 AM [32m    LOG[39m [38;5;3m[RouterExplorer] [39m[32mMapped {/admin/trains/:id, GET} route[39m[38;5;3m +0ms[39m
[32m[Nest] 289118  - [39m01/05/2026, 2:59:53 AM [32m    LOG[39m [38;5;3m[RouterExplorer] [39m[32mMapped {/admin/trains, POST} route[39m[38;5;3m +1ms[39m
[32m[Nest] 289118  - [39m01/05/2026, 2:59:53 AM [32m    LOG[39m [38;5;3m[RouterExplorer] [39m[32mMapped {/admin/trains/:id, PATCH} route[39m[38;5;3m +0ms[39m
[32m[Nest] 289118  - [39m01/05/2026, 2:59:53 AM [32m    LOG[39m [38;5;3m[RouterExplorer] [39m[32mMapped {/admin/trains/:id, DELETE} route[39m[38;5;3m +0ms[39m
[32m[Nest] 289118  - [39m01/05/2026, 2:59:53 AM [32m    LOG[39m [38;5;3m[RoutesResolver] [39m[32mRoutesController {/admin/routes}:[39m[38;5;3m +0ms[39m
[32m[Nest] 289118  - [39m01/05/2026, 2:59:53 AM [32m    LOG[39m [38;5;3m[RouterExplorer] [39m[32mMapped {/admin/routes, GET} route[39m[38;5;3m +1ms[39m
[32m[Nest] 289118  - [39m01/05/2026, 2:59:53 AM [32m    LOG[39m [38;5;3m[RouterExplorer] [39m[32mMapped {/admin/routes/:id, GET} route[39m[38;5;3m +0ms[39m
[32m[Nest] 289118  - [39m01/05/2026, 2:59:53 AM [32m    LOG[39m [38;5;3m[RouterExplorer] [39m[32mMapped {/admin/routes, POST} route[39m[38;5;3m +0ms[39m
[32m[Nest] 289118  - [39m01/05/2026, 2:59:53 AM [32m    LOG[39m [38;5;3m[RouterExplorer] [39m[32mMapped {/admin/routes/:id, PATCH} route[39m[38;5;3m +0ms[39m
[32m[Nest] 289118  - [39m01/05/2026, 2:59:53 AM [32m    LOG[39m [38;5;3m[RouterExplorer] [39m[32mMapped {/admin/routes/:id, DELETE} route[39m[38;5;3m +1ms[39m
[32m[Nest] 289118  - [39m01/05/2026, 2:59:53 AM [32m    LOG[39m [38;5;3m[RoutesResolver] [39m[32mJourneysController {/admin/journeys}:[39m[38;5;3m +0ms[39m
[32m[Nest] 289118  - [39m01/05/2026, 2:59:53 AM [32m    LOG[39m [38;5;3m[RouterExplorer] [39m[32mMapped {/admin/journeys, GET} route[39m[38;5;3m +0ms[39m
[32m[Nest] 289118  - [39m01/05/2026, 2:59:53 AM [32m    LOG[39m [38;5;3m[RouterExplorer] [39m[32mMapped {/admin/journeys/:id, GET} route[39m[38;5;3m +0ms[39m
[32m[Nest] 289118  - [39m01/05/2026, 2:59:53 AM [32m    LOG[39m [38;5;3m[RouterExplorer] [39m[32mMapped {/admin/journeys, POST} route[39m[38;5;3m +0ms[39m
[32m[Nest] 289118  - [39m01/05/2026, 2:59:53 AM [32m    LOG[39m [38;5;3m[RouterExplorer] [39m[32mMapped {/admin/journeys/:id, PATCH} route[39m[38;5;3m +0ms[39m
[32m[Nest] 289118  - [39m01/05/2026, 2:59:53 AM [32m    LOG[39m [38;5;3m[RouterExplorer] [39m[32mMapped {/admin/journeys/:id, DELETE} route[39m[38;5;3m +0ms[39m
[32m[Nest] 289118  - [39m01/05/2026, 2:59:53 AM [32m    LOG[39m [38;5;3m[RoutesResolver] [39m[32mStationsController {/admin/stations}:[39m[38;5;3m +0ms[39m
[32m[Nest] 289118  - [39m01/05/2026, 2:59:53 AM [32m    LOG[39m [38;5;3m[RouterExplorer] [39m[32mMapped {/admin/stations, GET} route[39m[38;5;3m +0ms[39m
[32m[Nest] 289118  - [39m01/05/2026, 2:59:53 AM [32m    LOG[39m [38;5;3m[RouterExplorer] [39m[32mMapped {/admin/stations/:id, GET} route[39m[38;5;3m +0ms[39m
[32m[Nest] 289118  - [39m01/05/2026, 2:59:53 AM [32m    LOG[39m [38;5;3m[RouterExplorer] [39m[32mMapped {/admin/stations, POST} route[39m[38;5;3m +0ms[39m
[32m[Nest] 289118  - [39m01/05/2026, 2:59:53 AM [32m    LOG[39m [38;5;3m[RouterExplorer] [39m[32mMapped {/admin/stations/:id, PATCH} route[39m[38;5;3m +0ms[39m
[32m[Nest] 289118  - [39m01/05/2026, 2:59:53 AM [32m    LOG[39m [38;5;3m[RouterExplorer] [39m[32mMapped {/admin/stations/:id, DELETE} route[39m[38;5;3m +1ms[39m
[32m[Nest] 289118  - [39m01/05/2026, 2:59:53 AM [32m    LOG[39m [38;5;3m[RoutesResolver] [39m[32mUsersController {/admin/users}:[39m[38;5;3m +0ms[39m
[32m[Nest] 289118  - [39m01/05/2026, 2:59:53 AM [32m    LOG[39m [38;5;3m[RouterExplorer] [39m[32mMapped {/admin/users, GET} route[39m[38;5;3m +0ms[39m
[32m[Nest] 289118  - [39m01/05/2026, 2:59:53 AM [32m    LOG[39m [38;5;3m[RouterExplorer] [39m[32mMapped {/admin/users/:id, GET} route[39m[38;5;3m +0ms[39m
[32m[Nest] 289118  - [39m01/05/2026, 2:59:53 AM [32m    LOG[39m [38;5;3m[RoutesResolver] [39m[32mBookingsController {/admin/bookings}:[39m[38;5;3m +0ms[39m
[32m[Nest] 289118  - [39m01/05/2026, 2:59:53 AM [32m    LOG[39m [38;5;3m[RouterExplorer] [39m[32mMapped {/admin/bookings, GET} route[39m[38;5;3m +0ms[39m
[32m[Nest] 289118  - [39m01/05/2026, 2:59:53 AM [32m    LOG[39m [38;5;3m[RouterExplorer] [39m[32mMapped {/admin/bookings/:id, GET} route[39m[38;5;3m +0ms[39m
[32m[Nest] 289118  - [39m01/05/2026, 2:59:53 AM [32m    LOG[39m [38;5;3m[RoutesResolver] [39m[32mStatsController {/admin/stats}:[39m[38;5;3m +0ms[39m
[32m[Nest] 289118  - [39m01/05/2026, 2:59:53 AM [32m    LOG[39m [38;5;3m[RouterExplorer] [39m[32mMapped {/admin/stats/dashboard, GET} route[39m[38;5;3m +0ms[39m
[32m[Nest] 289118  - [39m01/05/2026, 2:59:53 AM [32m    LOG[39m [38;5;3m[RoutesResolver] [39m[32mCoachesController {/admin/coaches}:[39m[38;5;3m +0ms[39m
[32m[Nest] 289118  - [39m01/05/2026, 2:59:53 AM [32m    LOG[39m [38;5;3m[RouterExplorer] [39m[32mMapped {/admin/coaches, GET} route[39m[38;5;3m +0ms[39m
[32m[Nest] 289118  - [39m01/05/2026, 2:59:53 AM [32m    LOG[39m [38;5;3m[RouterExplorer] [39m[32mMapped {/admin/coaches/:id, GET} route[39m[38;5;3m +0ms[39m
[32m[Nest] 289118  - [39m01/05/2026, 2:59:53 AM [32m    LOG[39m [38;5;3m[RouterExplorer] [39m[32mMapped {/admin/coaches, POST} route[39m[38;5;3m +0ms[39m
[32m[Nest] 289118  - [39m01/05/2026, 2:59:53 AM [32m    LOG[39m [38;5;3m[RouterExplorer] [39m[32mMapped {/admin/coaches/:id, PATCH} route[39m[38;5;3m +0ms[39m
[32m[Nest] 289118  - [39m01/05/2026, 2:59:53 AM [32m    LOG[39m [38;5;3m[RouterExplorer] [39m[32mMapped {/admin/coaches/:id, DELETE} route[39m[38;5;3m +0ms[39m
[32m[Nest] 289118  - [39m01/05/2026, 2:59:53 AM [32m    LOG[39m [38;5;3m[RoutesResolver] [39m[32mSeatsController {/admin/seats}:[39m[38;5;3m +0ms[39m
[32m[Nest] 289118  - [39m01/05/2026, 2:59:53 AM [32m    LOG[39m [38;5;3m[RouterExplorer] [39m[32mMapped {/admin/seats, GET} route[39m[38;5;3m +1ms[39m
[32m[Nest] 289118  - [39m01/05/2026, 2:59:53 AM [32m    LOG[39m [38;5;3m[RouterExplorer] [39m[32mMapped {/admin/seats/:id, GET} route[39m[38;5;3m +0ms[39m
[32m[Nest] 289118  - [39m01/05/2026, 2:59:53 AM [32m    LOG[39m [38;5;3m[RouterExplorer] [39m[32mMapped {/admin/seats, POST} route[39m[38;5;3m +0ms[39m
[32m[Nest] 289118  - [39m01/05/2026, 2:59:53 AM [32m    LOG[39m [38;5;3m[RouterExplorer] [39m[32mMapped {/admin/seats/bulk, POST} route[39m[38;5;3m +0ms[39m
[32m[Nest] 289118  - [39m01/05/2026, 2:59:53 AM [32m    LOG[39m [38;5;3m[RouterExplorer] [39m[32mMapped {/admin/seats/:id, PATCH} route[39m[38;5;3m +0ms[39m
[32m[Nest] 289118  - [39m01/05/2026, 2:59:53 AM [32m    LOG[39m [38;5;3m[RouterExplorer] [39m[32mMapped {/admin/seats/:id, DELETE} route[39m[38;5;3m +0ms[39m
[32m[Nest] 289118  - [39m01/05/2026, 2:59:53 AM [32m    LOG[39m [38;5;3m[RoutesResolver] [39m[32mSettingsController {/admin/settings}:[39m[38;5;3m +1ms[39m
[32m[Nest] 289118  - [39m01/05/2026, 2:59:53 AM [32m    LOG[39m [38;5;3m[RouterExplorer] [39m[32mMapped {/admin/settings, GET} route[39m[38;5;3m +0ms[39m
[32m[Nest] 289118  - [39m01/05/2026, 2:59:53 AM [32m    LOG[39m [38;5;3m[RouterExplorer] [39m[32mMapped {/admin/settings/:key, GET} route[39m[38;5;3m +0ms[39m
[32m[Nest] 289118  - [39m01/05/2026, 2:59:53 AM [32m    LOG[39m [38;5;3m[RouterExplorer] [39m[32mMapped {/admin/settings, POST} route[39m[38;5;3m +0ms[39m
[32m[Nest] 289118  - [39m01/05/2026, 2:59:53 AM [32m    LOG[39m [38;5;3m[RouterExplorer] [39m[32mMapped {/admin/settings/:key, PUT} route[39m[38;5;3m +1ms[39m
[32m[Nest] 289118  - [39m01/05/2026, 2:59:53 AM [32m    LOG[39m [38;5;3m[RouterExplorer] [39m[32mMapped {/admin/settings/:key, DELETE} route[39m[38;5;3m +0ms[39m
[32m[Nest] 289118  - [39m01/05/2026, 2:59:53 AM [32m    LOG[39m [38;5;3m[RoutesResolver] [39m[32mPaymentsController {/admin/payments}:[39m[38;5;3m +0ms[39m
[32m[Nest] 289118  - [39m01/05/2026, 2:59:53 AM [32m    LOG[39m [38;5;3m[RouterExplorer] [39m[32mMapped {/admin/payments/stats, GET} route[39m[38;5;3m +0ms[39m
[32m[Nest] 289118  - [39m01/05/2026, 2:59:53 AM [32m    LOG[39m [38;5;3m[RouterExplorer] [39m[32mMapped {/admin/payments, GET} route[39m[38;5;3m +0ms[39m
[32m[Nest] 289118  - [39m01/05/2026, 2:59:53 AM [32m    LOG[39m [38;5;3m[RouterExplorer] [39m[32mMapped {/admin/payments/:id, GET} route[39m[38;5;3m +0ms[39m
[32m[Nest] 289118  - [39m01/05/2026, 2:59:53 AM [32m    LOG[39m [38;5;3m[NestApplication] [39m[32mNest application successfully started[39m[38;5;3m +60ms[39m
🚀 Admin Service is running on: http://localhost:3010
📚 Swagger documentation: http://localhost:3010/api/docs
🔐 Admin operations - requires ADMIN role
[INFO] 03:00:15 Restarting: /home/bayajidswe/My-files/my-projects/jatra-railway/apps/admin-service/src/users/users.service.ts has been modified
[32m[Nest] 289499  - [39m01/05/2026, 3:00:16 AM [32m    LOG[39m [38;5;3m[NestFactory] [39m[32mStarting Nest application...[39m
[32m[Nest] 289499  - [39m01/05/2026, 3:00:16 AM [32m    LOG[39m [38;5;3m[InstanceLoader] [39m[32mAppModule dependencies initialized[39m[38;5;3m +11ms[39m
[32m[Nest] 289499  - [39m01/05/2026, 3:00:16 AM [32m    LOG[39m [38;5;3m[InstanceLoader] [39m[32mPrismaModule dependencies initialized[39m[38;5;3m +0ms[39m
[32m[Nest] 289499  - [39m01/05/2026, 3:00:16 AM [32m    LOG[39m [38;5;3m[InstanceLoader] [39m[32mConfigHostModule dependencies initialized[39m[38;5;3m +1ms[39m
[32m[Nest] 289499  - [39m01/05/2026, 3:00:16 AM [32m    LOG[39m [38;5;3m[InstanceLoader] [39m[32mTrainsModule dependencies initialized[39m[38;5;3m +0ms[39m
[32m[Nest] 289499  - [39m01/05/2026, 3:00:16 AM [32m    LOG[39m [38;5;3m[InstanceLoader] [39m[32mRoutesModule dependencies initialized[39m[38;5;3m +0ms[39m
[32m[Nest] 289499  - [39m01/05/2026, 3:00:16 AM [32m    LOG[39m [38;5;3m[InstanceLoader] [39m[32mJourneysModule dependencies initialized[39m[38;5;3m +0ms[39m
[32m[Nest] 289499  - [39m01/05/2026, 3:00:16 AM [32m    LOG[39m [38;5;3m[InstanceLoader] [39m[32mStationsModule dependencies initialized[39m[38;5;3m +0ms[39m
[32m[Nest] 289499  - [39m01/05/2026, 3:00:16 AM [32m    LOG[39m [38;5;3m[InstanceLoader] [39m[32mUsersModule dependencies initialized[39m[38;5;3m +1ms[39m
[32m[Nest] 289499  - [39m01/05/2026, 3:00:16 AM [32m    LOG[39m [38;5;3m[InstanceLoader] [39m[32mBookingsModule dependencies initialized[39m[38;5;3m +0ms[39m
[32m[Nest] 289499  - [39m01/05/2026, 3:00:16 AM [32m    LOG[39m [38;5;3m[InstanceLoader] [39m[32mStatsModule dependencies initialized[39m[38;5;3m +0ms[39m
[32m[Nest] 289499  - [39m01/05/2026, 3:00:16 AM [32m    LOG[39m [38;5;3m[InstanceLoader] [39m[32mConfigModule dependencies initialized[39m[38;5;3m +0ms[39m
[32m[Nest] 289499  - [39m01/05/2026, 3:00:16 AM [32m    LOG[39m [38;5;3m[InstanceLoader] [39m[32mCoachesModule dependencies initialized[39m[38;5;3m +0ms[39m
[32m[Nest] 289499  - [39m01/05/2026, 3:00:16 AM [32m    LOG[39m [38;5;3m[InstanceLoader] [39m[32mSeatsModule dependencies initialized[39m[38;5;3m +0ms[39m
[32m[Nest] 289499  - [39m01/05/2026, 3:00:16 AM [32m    LOG[39m [38;5;3m[InstanceLoader] [39m[32mSettingsModule dependencies initialized[39m[38;5;3m +0ms[39m
[32m[Nest] 289499  - [39m01/05/2026, 3:00:16 AM [32m    LOG[39m [38;5;3m[InstanceLoader] [39m[32mPaymentsModule dependencies initialized[39m[38;5;3m +0ms[39m
[32m[Nest] 289499  - [39m01/05/2026, 3:00:16 AM [32m    LOG[39m [38;5;3m[RoutesResolver] [39m[32mTrainsController {/admin/trains}:[39m[38;5;3m +24ms[39m
[32m[Nest] 289499  - [39m01/05/2026, 3:00:16 AM [32m    LOG[39m [38;5;3m[RouterExplorer] [39m[32mMapped {/admin/trains, GET} route[39m[38;5;3m +1ms[39m
[32m[Nest] 289499  - [39m01/05/2026, 3:00:16 AM [32m    LOG[39m [38;5;3m[RouterExplorer] [39m[32mMapped {/admin/trains/:id, GET} route[39m[38;5;3m +1ms[39m
[32m[Nest] 289499  - [39m01/05/2026, 3:00:16 AM [32m    LOG[39m [38;5;3m[RouterExplorer] [39m[32mMapped {/admin/trains, POST} route[39m[38;5;3m +0ms[39m
[32m[Nest] 289499  - [39m01/05/2026, 3:00:16 AM [32m    LOG[39m [38;5;3m[RouterExplorer] [39m[32mMapped {/admin/trains/:id, PATCH} route[39m[38;5;3m +0ms[39m
[32m[Nest] 289499  - [39m01/05/2026, 3:00:16 AM [32m    LOG[39m [38;5;3m[RouterExplorer] [39m[32mMapped {/admin/trains/:id, DELETE} route[39m[38;5;3m +0ms[39m
[32m[Nest] 289499  - [39m01/05/2026, 3:00:16 AM [32m    LOG[39m [38;5;3m[RoutesResolver] [39m[32mRoutesController {/admin/routes}:[39m[38;5;3m +0ms[39m
[32m[Nest] 289499  - [39m01/05/2026, 3:00:16 AM [32m    LOG[39m [38;5;3m[RouterExplorer] [39m[32mMapped {/admin/routes, GET} route[39m[38;5;3m +0ms[39m
[32m[Nest] 289499  - [39m01/05/2026, 3:00:16 AM [32m    LOG[39m [38;5;3m[RouterExplorer] [39m[32mMapped {/admin/routes/:id, GET} route[39m[38;5;3m +0ms[39m
[32m[Nest] 289499  - [39m01/05/2026, 3:00:16 AM [32m    LOG[39m [38;5;3m[RouterExplorer] [39m[32mMapped {/admin/routes, POST} route[39m[38;5;3m +1ms[39m
[32m[Nest] 289499  - [39m01/05/2026, 3:00:16 AM [32m    LOG[39m [38;5;3m[RouterExplorer] [39m[32mMapped {/admin/routes/:id, PATCH} route[39m[38;5;3m +0ms[39m
[32m[Nest] 289499  - [39m01/05/2026, 3:00:16 AM [32m    LOG[39m [38;5;3m[RouterExplorer] [39m[32mMapped {/admin/routes/:id, DELETE} route[39m[38;5;3m +0ms[39m
[32m[Nest] 289499  - [39m01/05/2026, 3:00:16 AM [32m    LOG[39m [38;5;3m[RoutesResolver] [39m[32mJourneysController {/admin/journeys}:[39m[38;5;3m +0ms[39m
[32m[Nest] 289499  - [39m01/05/2026, 3:00:16 AM [32m    LOG[39m [38;5;3m[RouterExplorer] [39m[32mMapped {/admin/journeys, GET} route[39m[38;5;3m +0ms[39m
[32m[Nest] 289499  - [39m01/05/2026, 3:00:16 AM [32m    LOG[39m [38;5;3m[RouterExplorer] [39m[32mMapped {/admin/journeys/:id, GET} route[39m[38;5;3m +0ms[39m
[32m[Nest] 289499  - [39m01/05/2026, 3:00:16 AM [32m    LOG[39m [38;5;3m[RouterExplorer] [39m[32mMapped {/admin/journeys, POST} route[39m[38;5;3m +0ms[39m
[32m[Nest] 289499  - [39m01/05/2026, 3:00:16 AM [32m    LOG[39m [38;5;3m[RouterExplorer] [39m[32mMapped {/admin/journeys/:id, PATCH} route[39m[38;5;3m +0ms[39m
[32m[Nest] 289499  - [39m01/05/2026, 3:00:16 AM [32m    LOG[39m [38;5;3m[RouterExplorer] [39m[32mMapped {/admin/journeys/:id, DELETE} route[39m[38;5;3m +0ms[39m
[32m[Nest] 289499  - [39m01/05/2026, 3:00:16 AM [32m    LOG[39m [38;5;3m[RoutesResolver] [39m[32mStationsController {/admin/stations}:[39m[38;5;3m +1ms[39m
[32m[Nest] 289499  - [39m01/05/2026, 3:00:16 AM [32m    LOG[39m [38;5;3m[RouterExplorer] [39m[32mMapped {/admin/stations, GET} route[39m[38;5;3m +0ms[39m
[32m[Nest] 289499  - [39m01/05/2026, 3:00:16 AM [32m    LOG[39m [38;5;3m[RouterExplorer] [39m[32mMapped {/admin/stations/:id, GET} route[39m[38;5;3m +0ms[39m
[32m[Nest] 289499  - [39m01/05/2026, 3:00:16 AM [32m    LOG[39m [38;5;3m[RouterExplorer] [39m[32mMapped {/admin/stations, POST} route[39m[38;5;3m +0ms[39m
[32m[Nest] 289499  - [39m01/05/2026, 3:00:16 AM [32m    LOG[39m [38;5;3m[RouterExplorer] [39m[32mMapped {/admin/stations/:id, PATCH} route[39m[38;5;3m +0ms[39m
[32m[Nest] 289499  - [39m01/05/2026, 3:00:16 AM [32m    LOG[39m [38;5;3m[RouterExplorer] [39m[32mMapped {/admin/stations/:id, DELETE} route[39m[38;5;3m +0ms[39m
[32m[Nest] 289499  - [39m01/05/2026, 3:00:16 AM [32m    LOG[39m [38;5;3m[RoutesResolver] [39m[32mUsersController {/admin/users}:[39m[38;5;3m +0ms[39m
[32m[Nest] 289499  - [39m01/05/2026, 3:00:16 AM [32m    LOG[39m [38;5;3m[RouterExplorer] [39m[32mMapped {/admin/users, GET} route[39m[38;5;3m +0ms[39m
[32m[Nest] 289499  - [39m01/05/2026, 3:00:16 AM [32m    LOG[39m [38;5;3m[RouterExplorer] [39m[32mMapped {/admin/users/:id, GET} route[39m[38;5;3m +0ms[39m
[32m[Nest] 289499  - [39m01/05/2026, 3:00:16 AM [32m    LOG[39m [38;5;3m[RoutesResolver] [39m[32mBookingsController {/admin/bookings}:[39m[38;5;3m +0ms[39m
[32m[Nest] 289499  - [39m01/05/2026, 3:00:16 AM [32m    LOG[39m [38;5;3m[RouterExplorer] [39m[32mMapped {/admin/bookings, GET} route[39m[38;5;3m +0ms[39m
[32m[Nest] 289499  - [39m01/05/2026, 3:00:16 AM [32m    LOG[39m [38;5;3m[RouterExplorer] [39m[32mMapped {/admin/bookings/:id, GET} route[39m[38;5;3m +0ms[39m
[32m[Nest] 289499  - [39m01/05/2026, 3:00:16 AM [32m    LOG[39m [38;5;3m[RoutesResolver] [39m[32mStatsController {/admin/stats}:[39m[38;5;3m +0ms[39m
[32m[Nest] 289499  - [39m01/05/2026, 3:00:16 AM [32m    LOG[39m [38;5;3m[RouterExplorer] [39m[32mMapped {/admin/stats/dashboard, GET} route[39m[38;5;3m +0ms[39m
[32m[Nest] 289499  - [39m01/05/2026, 3:00:16 AM [32m    LOG[39m [38;5;3m[RoutesResolver] [39m[32mCoachesController {/admin/coaches}:[39m[38;5;3m +0ms[39m
[32m[Nest] 289499  - [39m01/05/2026, 3:00:16 AM [32m    LOG[39m [38;5;3m[RouterExplorer] [39m[32mMapped {/admin/coaches, GET} route[39m[38;5;3m +0ms[39m
[32m[Nest] 289499  - [39m01/05/2026, 3:00:16 AM [32m    LOG[39m [38;5;3m[RouterExplorer] [39m[32mMapped {/admin/coaches/:id, GET} route[39m[38;5;3m +0ms[39m
[32m[Nest] 289499  - [39m01/05/2026, 3:00:16 AM [32m    LOG[39m [38;5;3m[RouterExplorer] [39m[32mMapped {/admin/coaches, POST} route[39m[38;5;3m +0ms[39m
[32m[Nest] 289499  - [39m01/05/2026, 3:00:16 AM [32m    LOG[39m [38;5;3m[RouterExplorer] [39m[32mMapped {/admin/coaches/:id, PATCH} route[39m[38;5;3m +0ms[39m
[32m[Nest] 289499  - [39m01/05/2026, 3:00:16 AM [32m    LOG[39m [38;5;3m[RouterExplorer] [39m[32mMapped {/admin/coaches/:id, DELETE} route[39m[38;5;3m +1ms[39m
[32m[Nest] 289499  - [39m01/05/2026, 3:00:16 AM [32m    LOG[39m [38;5;3m[RoutesResolver] [39m[32mSeatsController {/admin/seats}:[39m[38;5;3m +0ms[39m
[32m[Nest] 289499  - [39m01/05/2026, 3:00:16 AM [32m    LOG[39m [38;5;3m[RouterExplorer] [39m[32mMapped {/admin/seats, GET} route[39m[38;5;3m +0ms[39m
[32m[Nest] 289499  - [39m01/05/2026, 3:00:16 AM [32m    LOG[39m [38;5;3m[RouterExplorer] [39m[32mMapped {/admin/seats/:id, GET} route[39m[38;5;3m +0ms[39m
[32m[Nest] 289499  - [39m01/05/2026, 3:00:16 AM [32m    LOG[39m [38;5;3m[RouterExplorer] [39m[32mMapped {/admin/seats, POST} route[39m[38;5;3m +0ms[39m
[32m[Nest] 289499  - [39m01/05/2026, 3:00:16 AM [32m    LOG[39m [38;5;3m[RouterExplorer] [39m[32mMapped {/admin/seats/bulk, POST} route[39m[38;5;3m +0ms[39m
[32m[Nest] 289499  - [39m01/05/2026, 3:00:16 AM [32m    LOG[39m [38;5;3m[RouterExplorer] [39m[32mMapped {/admin/seats/:id, PATCH} route[39m[38;5;3m +0ms[39m
[32m[Nest] 289499  - [39m01/05/2026, 3:00:16 AM [32m    LOG[39m [38;5;3m[RouterExplorer] [39m[32mMapped {/admin/seats/:id, DELETE} route[39m[38;5;3m +0ms[39m
[32m[Nest] 289499  - [39m01/05/2026, 3:00:16 AM [32m    LOG[39m [38;5;3m[RoutesResolver] [39m[32mSettingsController {/admin/settings}:[39m[38;5;3m +0ms[39m
[32m[Nest] 289499  - [39m01/05/2026, 3:00:16 AM [32m    LOG[39m [38;5;3m[RouterExplorer] [39m[32mMapped {/admin/settings, GET} route[39m[38;5;3m +0ms[39m
[32m[Nest] 289499  - [39m01/05/2026, 3:00:16 AM [32m    LOG[39m [38;5;3m[RouterExplorer] [39m[32mMapped {/admin/settings/:key, GET} route[39m[38;5;3m +0ms[39m
[32m[Nest] 289499  - [39m01/05/2026, 3:00:16 AM [32m    LOG[39m [38;5;3m[RouterExplorer] [39m[32mMapped {/admin/settings, POST} route[39m[38;5;3m +0ms[39m
[32m[Nest] 289499  - [39m01/05/2026, 3:00:16 AM [32m    LOG[39m [38;5;3m[RouterExplorer] [39m[32mMapped {/admin/settings/:key, PUT} route[39m[38;5;3m +0ms[39m
[32m[Nest] 289499  - [39m01/05/2026, 3:00:16 AM [32m    LOG[39m [38;5;3m[RouterExplorer] [39m[32mMapped {/admin/settings/:key, DELETE} route[39m[38;5;3m +0ms[39m
[32m[Nest] 289499  - [39m01/05/2026, 3:00:16 AM [32m    LOG[39m [38;5;3m[RoutesResolver] [39m[32mPaymentsController {/admin/payments}:[39m[38;5;3m +0ms[39m
[32m[Nest] 289499  - [39m01/05/2026, 3:00:16 AM [32m    LOG[39m [38;5;3m[RouterExplorer] [39m[32mMapped {/admin/payments/stats, GET} route[39m[38;5;3m +0ms[39m
[32m[Nest] 289499  - [39m01/05/2026, 3:00:16 AM [32m    LOG[39m [38;5;3m[RouterExplorer] [39m[32mMapped {/admin/payments, GET} route[39m[38;5;3m +0ms[39m
[32m[Nest] 289499  - [39m01/05/2026, 3:00:16 AM [32m    LOG[39m [38;5;3m[RouterExplorer] [39m[32mMapped {/admin/payments/:id, GET} route[39m[38;5;3m +0ms[39m
[32m[Nest] 289499  - [39m01/05/2026, 3:00:16 AM [32m    LOG[39m [38;5;3m[NestApplication] [39m[32mNest application successfully started[39m[38;5;3m +45ms[39m
[31m[Nest] 289499  - [39m01/05/2026, 3:00:16 AM [31m  ERROR[39m [38;5;3m[NestApplication] [39m[31mError: listen EADDRINUSE: address already in use :::3010[39m[38;5;3m +1ms[39m
Error: listen EADDRINUSE: address already in use :::3010
    at Server.setupListenHandle [as _listen2] (node:net:1908:16)
    at listenInCluster (node:net:1965:12)
    at Server.listen (node:net:2067:7)
    at ExpressAdapter.listen (/home/bayajidswe/My-files/my-projects/jatra-railway/node_modules/.pnpm/@nestjs+platform-express@10.4.20_@nestjs+common@10.4.20_class-transformer@0.5.1_class-v_bd7e093f0b2f45f3454d4c6bd5ff4f44/node_modules/@nestjs/platform-express/adapters/express-adapter.js:95:32)
    at /home/bayajidswe/My-files/my-projects/jatra-railway/node_modules/.pnpm/@nestjs+core@10.4.20_@nestjs+common@10.4.20_class-transformer@0.5.1_class-validator@0.1_6ee324c1921a1c6c0e69db7d70d61af1/node_modules/@nestjs/core/nest-application.js:183:30
    at new Promise (<anonymous>)
    at NestApplication.listen (/home/bayajidswe/My-files/my-projects/jatra-railway/node_modules/.pnpm/@nestjs+core@10.4.20_@nestjs+common@10.4.20_class-transformer@0.5.1_class-validator@0.1_6ee324c1921a1c6c0e69db7d70d61af1/node_modules/@nestjs/core/nest-application.js:173:16)
    at bootstrap (/home/bayajidswe/My-files/my-projects/jatra-railway/apps/admin-service/src/main.ts:45:3)
[ERROR] 03:00:16 Error: listen EADDRINUSE: address already in use :::3010
[INFO] 03:00:17 Restarting: /home/bayajidswe/My-files/my-projects/jatra-railway/apps/admin-service/src/users/users.controller.ts has been modified
ReferenceError: Patch is not defined
    at Object.<anonymous> (/home/bayajidswe/My-files/my-projects/jatra-railway/apps/admin-service/src/users/users.controller.ts:28:9)
    at Module._compile (node:internal/modules/cjs/loader:1529:14)
    at Module._compile (/home/bayajidswe/My-files/my-projects/jatra-railway/node_modules/.pnpm/source-map-support@0.5.21/node_modules/source-map-support/source-map-support.js:568:25)
    at Module.m._compile (/tmp/ts-node-dev-hook-2914869903142008.js:69:33)
    at Module._extensions..js (node:internal/modules/cjs/loader:1613:10)
    at require.extensions..jsx.require.extensions..js (/tmp/ts-node-dev-hook-2914869903142008.js:114:20)
    at require.extensions.<computed> (/tmp/ts-node-dev-hook-2914869903142008.js:71:20)
    at Object.nodeDevHook [as .ts] (/home/bayajidswe/My-files/my-projects/jatra-railway/node_modules/.pnpm/ts-node-dev@2.0.0_@types+node@20.19.25_typescript@5.9.3/node_modules/ts-node-dev/lib/hook.js:63:13)
    at Module.load (node:internal/modules/cjs/loader:1275:32)
    at Function.Module._load (node:internal/modules/cjs/loader:1096:12)
[ERROR] 03:00:18 ReferenceError: Patch is not defined
[INFO] 03:00:19 Restarting: /home/bayajidswe/My-files/my-projects/jatra-railway/apps/admin-service/src/users/users.controller.ts has been modified
[32m[Nest] 289599  - [39m01/05/2026, 3:00:19 AM [32m    LOG[39m [38;5;3m[NestFactory] [39m[32mStarting Nest application...[39m
[32m[Nest] 289599  - [39m01/05/2026, 3:00:19 AM [32m    LOG[39m [38;5;3m[InstanceLoader] [39m[32mAppModule dependencies initialized[39m[38;5;3m +17ms[39m
[32m[Nest] 289599  - [39m01/05/2026, 3:00:19 AM [32m    LOG[39m [38;5;3m[InstanceLoader] [39m[32mPrismaModule dependencies initialized[39m[38;5;3m +1ms[39m
[32m[Nest] 289599  - [39m01/05/2026, 3:00:19 AM [32m    LOG[39m [38;5;3m[InstanceLoader] [39m[32mConfigHostModule dependencies initialized[39m[38;5;3m +0ms[39m
[32m[Nest] 289599  - [39m01/05/2026, 3:00:19 AM [32m    LOG[39m [38;5;3m[InstanceLoader] [39m[32mTrainsModule dependencies initialized[39m[38;5;3m +0ms[39m
[32m[Nest] 289599  - [39m01/05/2026, 3:00:19 AM [32m    LOG[39m [38;5;3m[InstanceLoader] [39m[32mRoutesModule dependencies initialized[39m[38;5;3m +0ms[39m
[32m[Nest] 289599  - [39m01/05/2026, 3:00:19 AM [32m    LOG[39m [38;5;3m[InstanceLoader] [39m[32mJourneysModule dependencies initialized[39m[38;5;3m +0ms[39m
[32m[Nest] 289599  - [39m01/05/2026, 3:00:19 AM [32m    LOG[39m [38;5;3m[InstanceLoader] [39m[32mStationsModule dependencies initialized[39m[38;5;3m +0ms[39m
[32m[Nest] 289599  - [39m01/05/2026, 3:00:19 AM [32m    LOG[39m [38;5;3m[InstanceLoader] [39m[32mUsersModule dependencies initialized[39m[38;5;3m +0ms[39m
[32m[Nest] 289599  - [39m01/05/2026, 3:00:19 AM [32m    LOG[39m [38;5;3m[InstanceLoader] [39m[32mBookingsModule dependencies initialized[39m[38;5;3m +1ms[39m
[32m[Nest] 289599  - [39m01/05/2026, 3:00:19 AM [32m    LOG[39m [38;5;3m[InstanceLoader] [39m[32mStatsModule dependencies initialized[39m[38;5;3m +0ms[39m
[32m[Nest] 289599  - [39m01/05/2026, 3:00:19 AM [32m    LOG[39m [38;5;3m[InstanceLoader] [39m[32mConfigModule dependencies initialized[39m[38;5;3m +0ms[39m
[32m[Nest] 289599  - [39m01/05/2026, 3:00:19 AM [32m    LOG[39m [38;5;3m[InstanceLoader] [39m[32mCoachesModule dependencies initialized[39m[38;5;3m +0ms[39m
[32m[Nest] 289599  - [39m01/05/2026, 3:00:19 AM [32m    LOG[39m [38;5;3m[InstanceLoader] [39m[32mSeatsModule dependencies initialized[39m[38;5;3m +0ms[39m
[32m[Nest] 289599  - [39m01/05/2026, 3:00:19 AM [32m    LOG[39m [38;5;3m[InstanceLoader] [39m[32mSettingsModule dependencies initialized[39m[38;5;3m +0ms[39m
[32m[Nest] 289599  - [39m01/05/2026, 3:00:19 AM [32m    LOG[39m [38;5;3m[InstanceLoader] [39m[32mPaymentsModule dependencies initialized[39m[38;5;3m +0ms[39m
[32m[Nest] 289599  - [39m01/05/2026, 3:00:19 AM [32m    LOG[39m [38;5;3m[RoutesResolver] [39m[32mTrainsController {/admin/trains}:[39m[38;5;3m +18ms[39m
[32m[Nest] 289599  - [39m01/05/2026, 3:00:19 AM [32m    LOG[39m [38;5;3m[RouterExplorer] [39m[32mMapped {/admin/trains, GET} route[39m[38;5;3m +2ms[39m
[32m[Nest] 289599  - [39m01/05/2026, 3:00:19 AM [32m    LOG[39m [38;5;3m[RouterExplorer] [39m[32mMapped {/admin/trains/:id, GET} route[39m[38;5;3m +0ms[39m
[32m[Nest] 289599  - [39m01/05/2026, 3:00:19 AM [32m    LOG[39m [38;5;3m[RouterExplorer] [39m[32mMapped {/admin/trains, POST} route[39m[38;5;3m +0ms[39m
[32m[Nest] 289599  - [39m01/05/2026, 3:00:19 AM [32m    LOG[39m [38;5;3m[RouterExplorer] [39m[32mMapped {/admin/trains/:id, PATCH} route[39m[38;5;3m +0ms[39m
[32m[Nest] 289599  - [39m01/05/2026, 3:00:19 AM [32m    LOG[39m [38;5;3m[RouterExplorer] [39m[32mMapped {/admin/trains/:id, DELETE} route[39m[38;5;3m +1ms[39m
[32m[Nest] 289599  - [39m01/05/2026, 3:00:19 AM [32m    LOG[39m [38;5;3m[RoutesResolver] [39m[32mRoutesController {/admin/routes}:[39m[38;5;3m +0ms[39m
[32m[Nest] 289599  - [39m01/05/2026, 3:00:19 AM [32m    LOG[39m [38;5;3m[RouterExplorer] [39m[32mMapped {/admin/routes, GET} route[39m[38;5;3m +0ms[39m
[32m[Nest] 289599  - [39m01/05/2026, 3:00:19 AM [32m    LOG[39m [38;5;3m[RouterExplorer] [39m[32mMapped {/admin/routes/:id, GET} route[39m[38;5;3m +0ms[39m
[32m[Nest] 289599  - [39m01/05/2026, 3:00:19 AM [32m    LOG[39m [38;5;3m[RouterExplorer] [39m[32mMapped {/admin/routes, POST} route[39m[38;5;3m +0ms[39m
[32m[Nest] 289599  - [39m01/05/2026, 3:00:19 AM [32m    LOG[39m [38;5;3m[RouterExplorer] [39m[32mMapped {/admin/routes/:id, PATCH} route[39m[38;5;3m +0ms[39m
[32m[Nest] 289599  - [39m01/05/2026, 3:00:19 AM [32m    LOG[39m [38;5;3m[RouterExplorer] [39m[32mMapped {/admin/routes/:id, DELETE} route[39m[38;5;3m +1ms[39m
[32m[Nest] 289599  - [39m01/05/2026, 3:00:19 AM [32m    LOG[39m [38;5;3m[RoutesResolver] [39m[32mJourneysController {/admin/journeys}:[39m[38;5;3m +0ms[39m
[32m[Nest] 289599  - [39m01/05/2026, 3:00:19 AM [32m    LOG[39m [38;5;3m[RouterExplorer] [39m[32mMapped {/admin/journeys, GET} route[39m[38;5;3m +0ms[39m
[32m[Nest] 289599  - [39m01/05/2026, 3:00:19 AM [32m    LOG[39m [38;5;3m[RouterExplorer] [39m[32mMapped {/admin/journeys/:id, GET} route[39m[38;5;3m +0ms[39m
[32m[Nest] 289599  - [39m01/05/2026, 3:00:19 AM [32m    LOG[39m [38;5;3m[RouterExplorer] [39m[32mMapped {/admin/journeys, POST} route[39m[38;5;3m +0ms[39m
[32m[Nest] 289599  - [39m01/05/2026, 3:00:19 AM [32m    LOG[39m [38;5;3m[RouterExplorer] [39m[32mMapped {/admin/journeys/:id, PATCH} route[39m[38;5;3m +0ms[39m
[32m[Nest] 289599  - [39m01/05/2026, 3:00:19 AM [32m    LOG[39m [38;5;3m[RouterExplorer] [39m[32mMapped {/admin/journeys/:id, DELETE} route[39m[38;5;3m +1ms[39m
[32m[Nest] 289599  - [39m01/05/2026, 3:00:19 AM [32m    LOG[39m [38;5;3m[RoutesResolver] [39m[32mStationsController {/admin/stations}:[39m[38;5;3m +0ms[39m
[32m[Nest] 289599  - [39m01/05/2026, 3:00:19 AM [32m    LOG[39m [38;5;3m[RouterExplorer] [39m[32mMapped {/admin/stations, GET} route[39m[38;5;3m +0ms[39m
[32m[Nest] 289599  - [39m01/05/2026, 3:00:19 AM [32m    LOG[39m [38;5;3m[RouterExplorer] [39m[32mMapped {/admin/stations/:id, GET} route[39m[38;5;3m +0ms[39m
[32m[Nest] 289599  - [39m01/05/2026, 3:00:19 AM [32m    LOG[39m [38;5;3m[RouterExplorer] [39m[32mMapped {/admin/stations, POST} route[39m[38;5;3m +0ms[39m
[32m[Nest] 289599  - [39m01/05/2026, 3:00:19 AM [32m    LOG[39m [38;5;3m[RouterExplorer] [39m[32mMapped {/admin/stations/:id, PATCH} route[39m[38;5;3m +0ms[39m
[32m[Nest] 289599  - [39m01/05/2026, 3:00:19 AM [32m    LOG[39m [38;5;3m[RouterExplorer] [39m[32mMapped {/admin/stations/:id, DELETE} route[39m[38;5;3m +0ms[39m
[32m[Nest] 289599  - [39m01/05/2026, 3:00:19 AM [32m    LOG[39m [38;5;3m[RoutesResolver] [39m[32mUsersController {/admin/users}:[39m[38;5;3m +0ms[39m
[32m[Nest] 289599  - [39m01/05/2026, 3:00:19 AM [32m    LOG[39m [38;5;3m[RouterExplorer] [39m[32mMapped {/admin/users, GET} route[39m[38;5;3m +0ms[39m
[32m[Nest] 289599  - [39m01/05/2026, 3:00:19 AM [32m    LOG[39m [38;5;3m[RouterExplorer] [39m[32mMapped {/admin/users/:id, GET} route[39m[38;5;3m +1ms[39m
[32m[Nest] 289599  - [39m01/05/2026, 3:00:19 AM [32m    LOG[39m [38;5;3m[RouterExplorer] [39m[32mMapped {/admin/users/:id, PATCH} route[39m[38;5;3m +0ms[39m
[32m[Nest] 289599  - [39m01/05/2026, 3:00:19 AM [32m    LOG[39m [38;5;3m[RoutesResolver] [39m[32mBookingsController {/admin/bookings}:[39m[38;5;3m +0ms[39m
[32m[Nest] 289599  - [39m01/05/2026, 3:00:19 AM [32m    LOG[39m [38;5;3m[RouterExplorer] [39m[32mMapped {/admin/bookings, GET} route[39m[38;5;3m +0ms[39m
[32m[Nest] 289599  - [39m01/05/2026, 3:00:19 AM [32m    LOG[39m [38;5;3m[RouterExplorer] [39m[32mMapped {/admin/bookings/:id, GET} route[39m[38;5;3m +0ms[39m
[32m[Nest] 289599  - [39m01/05/2026, 3:00:19 AM [32m    LOG[39m [38;5;3m[RoutesResolver] [39m[32mStatsController {/admin/stats}:[39m[38;5;3m +0ms[39m
[32m[Nest] 289599  - [39m01/05/2026, 3:00:19 AM [32m    LOG[39m [38;5;3m[RouterExplorer] [39m[32mMapped {/admin/stats/dashboard, GET} route[39m[38;5;3m +0ms[39m
[32m[Nest] 289599  - [39m01/05/2026, 3:00:19 AM [32m    LOG[39m [38;5;3m[RoutesResolver] [39m[32mCoachesController {/admin/coaches}:[39m[38;5;3m +0ms[39m
[32m[Nest] 289599  - [39m01/05/2026, 3:00:19 AM [32m    LOG[39m [38;5;3m[RouterExplorer] [39m[32mMapped {/admin/coaches, GET} route[39m[38;5;3m +0ms[39m
[32m[Nest] 289599  - [39m01/05/2026, 3:00:19 AM [32m    LOG[39m [38;5;3m[RouterExplorer] [39m[32mMapped {/admin/coaches/:id, GET} route[39m[38;5;3m +0ms[39m
[32m[Nest] 289599  - [39m01/05/2026, 3:00:19 AM [32m    LOG[39m [38;5;3m[RouterExplorer] [39m[32mMapped {/admin/coaches, POST} route[39m[38;5;3m +0ms[39m
[32m[Nest] 289599  - [39m01/05/2026, 3:00:19 AM [32m    LOG[39m [38;5;3m[RouterExplorer] [39m[32mMapped {/admin/coaches/:id, PATCH} route[39m[38;5;3m +0ms[39m
[32m[Nest] 289599  - [39m01/05/2026, 3:00:19 AM [32m    LOG[39m [38;5;3m[RouterExplorer] [39m[32mMapped {/admin/coaches/:id, DELETE} route[39m[38;5;3m +0ms[39m
[32m[Nest] 289599  - [39m01/05/2026, 3:00:19 AM [32m    LOG[39m [38;5;3m[RoutesResolver] [39m[32mSeatsController {/admin/seats}:[39m[38;5;3m +0ms[39m
[32m[Nest] 289599  - [39m01/05/2026, 3:00:19 AM [32m    LOG[39m [38;5;3m[RouterExplorer] [39m[32mMapped {/admin/seats, GET} route[39m[38;5;3m +1ms[39m
[32m[Nest] 289599  - [39m01/05/2026, 3:00:19 AM [32m    LOG[39m [38;5;3m[RouterExplorer] [39m[32mMapped {/admin/seats/:id, GET} route[39m[38;5;3m +0ms[39m
[32m[Nest] 289599  - [39m01/05/2026, 3:00:19 AM [32m    LOG[39m [38;5;3m[RouterExplorer] [39m[32mMapped {/admin/seats, POST} route[39m[38;5;3m +0ms[39m
[32m[Nest] 289599  - [39m01/05/2026, 3:00:19 AM [32m    LOG[39m [38;5;3m[RouterExplorer] [39m[32mMapped {/admin/seats/bulk, POST} route[39m[38;5;3m +0ms[39m
[32m[Nest] 289599  - [39m01/05/2026, 3:00:19 AM [32m    LOG[39m [38;5;3m[RouterExplorer] [39m[32mMapped {/admin/seats/:id, PATCH} route[39m[38;5;3m +0ms[39m
[32m[Nest] 289599  - [39m01/05/2026, 3:00:19 AM [32m    LOG[39m [38;5;3m[RouterExplorer] [39m[32mMapped {/admin/seats/:id, DELETE} route[39m[38;5;3m +0ms[39m
[32m[Nest] 289599  - [39m01/05/2026, 3:00:19 AM [32m    LOG[39m [38;5;3m[RoutesResolver] [39m[32mSettingsController {/admin/settings}:[39m[38;5;3m +0ms[39m
[32m[Nest] 289599  - [39m01/05/2026, 3:00:19 AM [32m    LOG[39m [38;5;3m[RouterExplorer] [39m[32mMapped {/admin/settings, GET} route[39m[38;5;3m +0ms[39m
[32m[Nest] 289599  - [39m01/05/2026, 3:00:19 AM [32m    LOG[39m [38;5;3m[RouterExplorer] [39m[32mMapped {/admin/settings/:key, GET} route[39m[38;5;3m +0ms[39m
[32m[Nest] 289599  - [39m01/05/2026, 3:00:19 AM [32m    LOG[39m [38;5;3m[RouterExplorer] [39m[32mMapped {/admin/settings, POST} route[39m[38;5;3m +0ms[39m
[32m[Nest] 289599  - [39m01/05/2026, 3:00:19 AM [32m    LOG[39m [38;5;3m[RouterExplorer] [39m[32mMapped {/admin/settings/:key, PUT} route[39m[38;5;3m +0ms[39m
[32m[Nest] 289599  - [39m01/05/2026, 3:00:19 AM [32m    LOG[39m [38;5;3m[RouterExplorer] [39m[32mMapped {/admin/settings/:key, DELETE} route[39m[38;5;3m +0ms[39m
[32m[Nest] 289599  - [39m01/05/2026, 3:00:19 AM [32m    LOG[39m [38;5;3m[RoutesResolver] [39m[32mPaymentsController {/admin/payments}:[39m[38;5;3m +0ms[39m
[32m[Nest] 289599  - [39m01/05/2026, 3:00:19 AM [32m    LOG[39m [38;5;3m[RouterExplorer] [39m[32mMapped {/admin/payments/stats, GET} route[39m[38;5;3m +0ms[39m
[32m[Nest] 289599  - [39m01/05/2026, 3:00:19 AM [32m    LOG[39m [38;5;3m[RouterExplorer] [39m[32mMapped {/admin/payments, GET} route[39m[38;5;3m +1ms[39m
[32m[Nest] 289599  - [39m01/05/2026, 3:00:19 AM [32m    LOG[39m [38;5;3m[RouterExplorer] [39m[32mMapped {/admin/payments/:id, GET} route[39m[38;5;3m +0ms[39m
[32m[Nest] 289599  - [39m01/05/2026, 3:00:19 AM [32m    LOG[39m [38;5;3m[NestApplication] [39m[32mNest application successfully started[39m[38;5;3m +52ms[39m
🚀 Admin Service is running on: http://localhost:3010
📚 Swagger documentation: http://localhost:3010/api/docs
🔐 Admin operations - requires ADMIN role
[INFO] 03:02:57 Restarting: /home/bayajidswe/My-files/my-projects/jatra-railway/apps/admin-service/src/settings/settings.controller.ts has been modified
ReferenceError: Patch is not defined
    at Object.<anonymous> (/home/bayajidswe/My-files/my-projects/jatra-railway/apps/admin-service/src/settings/settings.controller.ts:45:9)
    at Module._compile (node:internal/modules/cjs/loader:1529:14)
    at Module._compile (/home/bayajidswe/My-files/my-projects/jatra-railway/node_modules/.pnpm/source-map-support@0.5.21/node_modules/source-map-support/source-map-support.js:568:25)
    at Module.m._compile (/tmp/ts-node-dev-hook-2914869903142008.js:69:33)
    at Module._extensions..js (node:internal/modules/cjs/loader:1613:10)
    at require.extensions..jsx.require.extensions..js (/tmp/ts-node-dev-hook-2914869903142008.js:114:20)
    at require.extensions.<computed> (/tmp/ts-node-dev-hook-2914869903142008.js:71:20)
    at Object.nodeDevHook [as .ts] (/home/bayajidswe/My-files/my-projects/jatra-railway/node_modules/.pnpm/ts-node-dev@2.0.0_@types+node@20.19.25_typescript@5.9.3/node_modules/ts-node-dev/lib/hook.js:63:13)
    at Module.load (node:internal/modules/cjs/loader:1275:32)
    at Function.Module._load (node:internal/modules/cjs/loader:1096:12)
[ERROR] 03:02:58 ReferenceError: Patch is not defined
[INFO] 03:03:02 Restarting: /home/bayajidswe/My-files/my-projects/jatra-railway/apps/admin-service/src/settings/settings.controller.ts has been modified
Compilation error in /home/bayajidswe/My-files/my-projects/jatra-railway/apps/admin-service/src/settings/settings.controller.ts
[ERROR] 03:03:02 ⨯ Unable to compile TypeScript:
src/settings/settings.controller.ts(58,1): error TS1160: Unterminated template literal.

[INFO] 03:03:25 Restarting: /home/bayajidswe/My-files/my-projects/jatra-railway/apps/admin-service/src/settings/settings.controller.ts has been modified
[32m[Nest] 292912  - [39m01/05/2026, 3:03:25 AM [32m    LOG[39m [38;5;3m[NestFactory] [39m[32mStarting Nest application...[39m
[32m[Nest] 292912  - [39m01/05/2026, 3:03:25 AM [32m    LOG[39m [38;5;3m[InstanceLoader] [39m[32mAppModule dependencies initialized[39m[38;5;3m +11ms[39m
[32m[Nest] 292912  - [39m01/05/2026, 3:03:25 AM [32m    LOG[39m [38;5;3m[InstanceLoader] [39m[32mPrismaModule dependencies initialized[39m[38;5;3m +0ms[39m
[32m[Nest] 292912  - [39m01/05/2026, 3:03:25 AM [32m    LOG[39m [38;5;3m[InstanceLoader] [39m[32mConfigHostModule dependencies initialized[39m[38;5;3m +0ms[39m
[32m[Nest] 292912  - [39m01/05/2026, 3:03:25 AM [32m    LOG[39m [38;5;3m[InstanceLoader] [39m[32mTrainsModule dependencies initialized[39m[38;5;3m +1ms[39m
[32m[Nest] 292912  - [39m01/05/2026, 3:03:25 AM [32m    LOG[39m [38;5;3m[InstanceLoader] [39m[32mRoutesModule dependencies initialized[39m[38;5;3m +0ms[39m
[32m[Nest] 292912  - [39m01/05/2026, 3:03:25 AM [32m    LOG[39m [38;5;3m[InstanceLoader] [39m[32mJourneysModule dependencies initialized[39m[38;5;3m +0ms[39m
[32m[Nest] 292912  - [39m01/05/2026, 3:03:25 AM [32m    LOG[39m [38;5;3m[InstanceLoader] [39m[32mStationsModule dependencies initialized[39m[38;5;3m +0ms[39m
[32m[Nest] 292912  - [39m01/05/2026, 3:03:25 AM [32m    LOG[39m [38;5;3m[InstanceLoader] [39m[32mUsersModule dependencies initialized[39m[38;5;3m +0ms[39m
[32m[Nest] 292912  - [39m01/05/2026, 3:03:25 AM [32m    LOG[39m [38;5;3m[InstanceLoader] [39m[32mBookingsModule dependencies initialized[39m[38;5;3m +0ms[39m
[32m[Nest] 292912  - [39m01/05/2026, 3:03:25 AM [32m    LOG[39m [38;5;3m[InstanceLoader] [39m[32mStatsModule dependencies initialized[39m[38;5;3m +0ms[39m
[32m[Nest] 292912  - [39m01/05/2026, 3:03:25 AM [32m    LOG[39m [38;5;3m[InstanceLoader] [39m[32mConfigModule dependencies initialized[39m[38;5;3m +0ms[39m
[32m[Nest] 292912  - [39m01/05/2026, 3:03:25 AM [32m    LOG[39m [38;5;3m[InstanceLoader] [39m[32mCoachesModule dependencies initialized[39m[38;5;3m +0ms[39m
[32m[Nest] 292912  - [39m01/05/2026, 3:03:25 AM [32m    LOG[39m [38;5;3m[InstanceLoader] [39m[32mSeatsModule dependencies initialized[39m[38;5;3m +0ms[39m
[32m[Nest] 292912  - [39m01/05/2026, 3:03:25 AM [32m    LOG[39m [38;5;3m[InstanceLoader] [39m[32mSettingsModule dependencies initialized[39m[38;5;3m +0ms[39m
[32m[Nest] 292912  - [39m01/05/2026, 3:03:25 AM [32m    LOG[39m [38;5;3m[InstanceLoader] [39m[32mPaymentsModule dependencies initialized[39m[38;5;3m +0ms[39m
[32m[Nest] 292912  - [39m01/05/2026, 3:03:25 AM [32m    LOG[39m [38;5;3m[RoutesResolver] [39m[32mTrainsController {/admin/trains}:[39m[38;5;3m +24ms[39m
[32m[Nest] 292912  - [39m01/05/2026, 3:03:25 AM [32m    LOG[39m [38;5;3m[RouterExplorer] [39m[32mMapped {/admin/trains, GET} route[39m[38;5;3m +1ms[39m
[32m[Nest] 292912  - [39m01/05/2026, 3:03:25 AM [32m    LOG[39m [38;5;3m[RouterExplorer] [39m[32mMapped {/admin/trains/:id, GET} route[39m[38;5;3m +0ms[39m
[32m[Nest] 292912  - [39m01/05/2026, 3:03:25 AM [32m    LOG[39m [38;5;3m[RouterExplorer] [39m[32mMapped {/admin/trains, POST} route[39m[38;5;3m +0ms[39m
[32m[Nest] 292912  - [39m01/05/2026, 3:03:25 AM [32m    LOG[39m [38;5;3m[RouterExplorer] [39m[32mMapped {/admin/trains/:id, PATCH} route[39m[38;5;3m +1ms[39m
[32m[Nest] 292912  - [39m01/05/2026, 3:03:25 AM [32m    LOG[39m [38;5;3m[RouterExplorer] [39m[32mMapped {/admin/trains/:id, DELETE} route[39m[38;5;3m +0ms[39m
[32m[Nest] 292912  - [39m01/05/2026, 3:03:25 AM [32m    LOG[39m [38;5;3m[RoutesResolver] [39m[32mRoutesController {/admin/routes}:[39m[38;5;3m +0ms[39m
[32m[Nest] 292912  - [39m01/05/2026, 3:03:25 AM [32m    LOG[39m [38;5;3m[RouterExplorer] [39m[32mMapped {/admin/routes, GET} route[39m[38;5;3m +0ms[39m
[32m[Nest] 292912  - [39m01/05/2026, 3:03:25 AM [32m    LOG[39m [38;5;3m[RouterExplorer] [39m[32mMapped {/admin/routes/:id, GET} route[39m[38;5;3m +0ms[39m
[32m[Nest] 292912  - [39m01/05/2026, 3:03:25 AM [32m    LOG[39m [38;5;3m[RouterExplorer] [39m[32mMapped {/admin/routes, POST} route[39m[38;5;3m +0ms[39m
[32m[Nest] 292912  - [39m01/05/2026, 3:03:25 AM [32m    LOG[39m [38;5;3m[RouterExplorer] [39m[32mMapped {/admin/routes/:id, PATCH} route[39m[38;5;3m +0ms[39m
[32m[Nest] 292912  - [39m01/05/2026, 3:03:25 AM [32m    LOG[39m [38;5;3m[RouterExplorer] [39m[32mMapped {/admin/routes/:id, DELETE} route[39m[38;5;3m +1ms[39m
[32m[Nest] 292912  - [39m01/05/2026, 3:03:25 AM [32m    LOG[39m [38;5;3m[RoutesResolver] [39m[32mJourneysController {/admin/journeys}:[39m[38;5;3m +0ms[39m
[32m[Nest] 292912  - [39m01/05/2026, 3:03:25 AM [32m    LOG[39m [38;5;3m[RouterExplorer] [39m[32mMapped {/admin/journeys, GET} route[39m[38;5;3m +0ms[39m
[32m[Nest] 292912  - [39m01/05/2026, 3:03:25 AM [32m    LOG[39m [38;5;3m[RouterExplorer] [39m[32mMapped {/admin/journeys/:id, GET} route[39m[38;5;3m +0ms[39m
[32m[Nest] 292912  - [39m01/05/2026, 3:03:25 AM [32m    LOG[39m [38;5;3m[RouterExplorer] [39m[32mMapped {/admin/journeys, POST} route[39m[38;5;3m +0ms[39m
[32m[Nest] 292912  - [39m01/05/2026, 3:03:25 AM [32m    LOG[39m [38;5;3m[RouterExplorer] [39m[32mMapped {/admin/journeys/:id, PATCH} route[39m[38;5;3m +0ms[39m
[32m[Nest] 292912  - [39m01/05/2026, 3:03:25 AM [32m    LOG[39m [38;5;3m[RouterExplorer] [39m[32mMapped {/admin/journeys/:id, DELETE} route[39m[38;5;3m +0ms[39m
[32m[Nest] 292912  - [39m01/05/2026, 3:03:25 AM [32m    LOG[39m [38;5;3m[RoutesResolver] [39m[32mStationsController {/admin/stations}:[39m[38;5;3m +0ms[39m
[32m[Nest] 292912  - [39m01/05/2026, 3:03:25 AM [32m    LOG[39m [38;5;3m[RouterExplorer] [39m[32mMapped {/admin/stations, GET} route[39m[38;5;3m +0ms[39m
[32m[Nest] 292912  - [39m01/05/2026, 3:03:25 AM [32m    LOG[39m [38;5;3m[RouterExplorer] [39m[32mMapped {/admin/stations/:id, GET} route[39m[38;5;3m +0ms[39m
[32m[Nest] 292912  - [39m01/05/2026, 3:03:25 AM [32m    LOG[39m [38;5;3m[RouterExplorer] [39m[32mMapped {/admin/stations, POST} route[39m[38;5;3m +0ms[39m
[32m[Nest] 292912  - [39m01/05/2026, 3:03:25 AM [32m    LOG[39m [38;5;3m[RouterExplorer] [39m[32mMapped {/admin/stations/:id, PATCH} route[39m[38;5;3m +0ms[39m
[32m[Nest] 292912  - [39m01/05/2026, 3:03:25 AM [32m    LOG[39m [38;5;3m[RouterExplorer] [39m[32mMapped {/admin/stations/:id, DELETE} route[39m[38;5;3m +0ms[39m
[32m[Nest] 292912  - [39m01/05/2026, 3:03:25 AM [32m    LOG[39m [38;5;3m[RoutesResolver] [39m[32mUsersController {/admin/users}:[39m[38;5;3m +0ms[39m
[32m[Nest] 292912  - [39m01/05/2026, 3:03:25 AM [32m    LOG[39m [38;5;3m[RouterExplorer] [39m[32mMapped {/admin/users, GET} route[39m[38;5;3m +0ms[39m
[32m[Nest] 292912  - [39m01/05/2026, 3:03:25 AM [32m    LOG[39m [38;5;3m[RouterExplorer] [39m[32mMapped {/admin/users/:id, GET} route[39m[38;5;3m +1ms[39m
[32m[Nest] 292912  - [39m01/05/2026, 3:03:25 AM [32m    LOG[39m [38;5;3m[RouterExplorer] [39m[32mMapped {/admin/users/:id, PATCH} route[39m[38;5;3m +0ms[39m
[32m[Nest] 292912  - [39m01/05/2026, 3:03:25 AM [32m    LOG[39m [38;5;3m[RoutesResolver] [39m[32mBookingsController {/admin/bookings}:[39m[38;5;3m +0ms[39m
[32m[Nest] 292912  - [39m01/05/2026, 3:03:25 AM [32m    LOG[39m [38;5;3m[RouterExplorer] [39m[32mMapped {/admin/bookings, GET} route[39m[38;5;3m +0ms[39m
[32m[Nest] 292912  - [39m01/05/2026, 3:03:25 AM [32m    LOG[39m [38;5;3m[RouterExplorer] [39m[32mMapped {/admin/bookings/:id, GET} route[39m[38;5;3m +0ms[39m
[32m[Nest] 292912  - [39m01/05/2026, 3:03:25 AM [32m    LOG[39m [38;5;3m[RoutesResolver] [39m[32mStatsController {/admin/stats}:[39m[38;5;3m +0ms[39m
[32m[Nest] 292912  - [39m01/05/2026, 3:03:25 AM [32m    LOG[39m [38;5;3m[RouterExplorer] [39m[32mMapped {/admin/stats/dashboard, GET} route[39m[38;5;3m +0ms[39m
[32m[Nest] 292912  - [39m01/05/2026, 3:03:25 AM [32m    LOG[39m [38;5;3m[RoutesResolver] [39m[32mCoachesController {/admin/coaches}:[39m[38;5;3m +0ms[39m
[32m[Nest] 292912  - [39m01/05/2026, 3:03:25 AM [32m    LOG[39m [38;5;3m[RouterExplorer] [39m[32mMapped {/admin/coaches, GET} route[39m[38;5;3m +0ms[39m
[32m[Nest] 292912  - [39m01/05/2026, 3:03:25 AM [32m    LOG[39m [38;5;3m[RouterExplorer] [39m[32mMapped {/admin/coaches/:id, GET} route[39m[38;5;3m +0ms[39m
[32m[Nest] 292912  - [39m01/05/2026, 3:03:25 AM [32m    LOG[39m [38;5;3m[RouterExplorer] [39m[32mMapped {/admin/coaches, POST} route[39m[38;5;3m +0ms[39m
[32m[Nest] 292912  - [39m01/05/2026, 3:03:25 AM [32m    LOG[39m [38;5;3m[RouterExplorer] [39m[32mMapped {/admin/coaches/:id, PATCH} route[39m[38;5;3m +0ms[39m
[32m[Nest] 292912  - [39m01/05/2026, 3:03:25 AM [32m    LOG[39m [38;5;3m[RouterExplorer] [39m[32mMapped {/admin/coaches/:id, DELETE} route[39m[38;5;3m +0ms[39m
[32m[Nest] 292912  - [39m01/05/2026, 3:03:25 AM [32m    LOG[39m [38;5;3m[RoutesResolver] [39m[32mSeatsController {/admin/seats}:[39m[38;5;3m +0ms[39m
[32m[Nest] 292912  - [39m01/05/2026, 3:03:25 AM [32m    LOG[39m [38;5;3m[RouterExplorer] [39m[32mMapped {/admin/seats, GET} route[39m[38;5;3m +0ms[39m
[32m[Nest] 292912  - [39m01/05/2026, 3:03:25 AM [32m    LOG[39m [38;5;3m[RouterExplorer] [39m[32mMapped {/admin/seats/:id, GET} route[39m[38;5;3m +0ms[39m
[32m[Nest] 292912  - [39m01/05/2026, 3:03:25 AM [32m    LOG[39m [38;5;3m[RouterExplorer] [39m[32mMapped {/admin/seats, POST} route[39m[38;5;3m +0ms[39m
[32m[Nest] 292912  - [39m01/05/2026, 3:03:25 AM [32m    LOG[39m [38;5;3m[RouterExplorer] [39m[32mMapped {/admin/seats/bulk, POST} route[39m[38;5;3m +0ms[39m
[32m[Nest] 292912  - [39m01/05/2026, 3:03:25 AM [32m    LOG[39m [38;5;3m[RouterExplorer] [39m[32mMapped {/admin/seats/:id, PATCH} route[39m[38;5;3m +0ms[39m
[32m[Nest] 292912  - [39m01/05/2026, 3:03:25 AM [32m    LOG[39m [38;5;3m[RouterExplorer] [39m[32mMapped {/admin/seats/:id, DELETE} route[39m[38;5;3m +0ms[39m
[32m[Nest] 292912  - [39m01/05/2026, 3:03:25 AM [32m    LOG[39m [38;5;3m[RoutesResolver] [39m[32mSettingsController {/admin/settings}:[39m[38;5;3m +0ms[39m
[32m[Nest] 292912  - [39m01/05/2026, 3:03:25 AM [32m    LOG[39m [38;5;3m[RouterExplorer] [39m[32mMapped {/admin/settings, GET} route[39m[38;5;3m +0ms[39m
[32m[Nest] 292912  - [39m01/05/2026, 3:03:25 AM [32m    LOG[39m [38;5;3m[RouterExplorer] [39m[32mMapped {/admin/settings/:key, GET} route[39m[38;5;3m +0ms[39m
[32m[Nest] 292912  - [39m01/05/2026, 3:03:25 AM [32m    LOG[39m [38;5;3m[RouterExplorer] [39m[32mMapped {/admin/settings, POST} route[39m[38;5;3m +1ms[39m
[32m[Nest] 292912  - [39m01/05/2026, 3:03:25 AM [32m    LOG[39m [38;5;3m[RouterExplorer] [39m[32mMapped {/admin/settings/:key, PATCH} route[39m[38;5;3m +0ms[39m
[32m[Nest] 292912  - [39m01/05/2026, 3:03:25 AM [32m    LOG[39m [38;5;3m[RouterExplorer] [39m[32mMapped {/admin/settings/:key, DELETE} route[39m[38;5;3m +0ms[39m
[32m[Nest] 292912  - [39m01/05/2026, 3:03:25 AM [32m    LOG[39m [38;5;3m[RoutesResolver] [39m[32mPaymentsController {/admin/payments}:[39m[38;5;3m +0ms[39m
[32m[Nest] 292912  - [39m01/05/2026, 3:03:25 AM [32m    LOG[39m [38;5;3m[RouterExplorer] [39m[32mMapped {/admin/payments/stats, GET} route[39m[38;5;3m +0ms[39m
[32m[Nest] 292912  - [39m01/05/2026, 3:03:25 AM [32m    LOG[39m [38;5;3m[RouterExplorer] [39m[32mMapped {/admin/payments, GET} route[39m[38;5;3m +0ms[39m
[32m[Nest] 292912  - [39m01/05/2026, 3:03:25 AM [32m    LOG[39m [38;5;3m[RouterExplorer] [39m[32mMapped {/admin/payments/:id, GET} route[39m[38;5;3m +0ms[39m
[32m[Nest] 292912  - [39m01/05/2026, 3:03:25 AM [32m    LOG[39m [38;5;3m[NestApplication] [39m[32mNest application successfully started[39m[38;5;3m +48ms[39m
🚀 Admin Service is running on: http://localhost:3010
📚 Swagger documentation: http://localhost:3010/api/docs
🔐 Admin operations - requires ADMIN role
[INFO] 03:04:58 Restarting: /home/bayajidswe/My-files/my-projects/jatra-railway/apps/admin-service/src/coaches/dto/coach.dto.ts has been modified
[32m[Nest] 294692  - [39m01/05/2026, 3:04:58 AM [32m    LOG[39m [38;5;3m[NestFactory] [39m[32mStarting Nest application...[39m
[32m[Nest] 294692  - [39m01/05/2026, 3:04:58 AM [32m    LOG[39m [38;5;3m[InstanceLoader] [39m[32mAppModule dependencies initialized[39m[38;5;3m +10ms[39m
[32m[Nest] 294692  - [39m01/05/2026, 3:04:58 AM [32m    LOG[39m [38;5;3m[InstanceLoader] [39m[32mPrismaModule dependencies initialized[39m[38;5;3m +0ms[39m
[32m[Nest] 294692  - [39m01/05/2026, 3:04:58 AM [32m    LOG[39m [38;5;3m[InstanceLoader] [39m[32mConfigHostModule dependencies initialized[39m[38;5;3m +1ms[39m
[32m[Nest] 294692  - [39m01/05/2026, 3:04:58 AM [32m    LOG[39m [38;5;3m[InstanceLoader] [39m[32mTrainsModule dependencies initialized[39m[38;5;3m +0ms[39m
[32m[Nest] 294692  - [39m01/05/2026, 3:04:58 AM [32m    LOG[39m [38;5;3m[InstanceLoader] [39m[32mRoutesModule dependencies initialized[39m[38;5;3m +0ms[39m
[32m[Nest] 294692  - [39m01/05/2026, 3:04:58 AM [32m    LOG[39m [38;5;3m[InstanceLoader] [39m[32mJourneysModule dependencies initialized[39m[38;5;3m +0ms[39m
[32m[Nest] 294692  - [39m01/05/2026, 3:04:58 AM [32m    LOG[39m [38;5;3m[InstanceLoader] [39m[32mStationsModule dependencies initialized[39m[38;5;3m +0ms[39m
[32m[Nest] 294692  - [39m01/05/2026, 3:04:58 AM [32m    LOG[39m [38;5;3m[InstanceLoader] [39m[32mUsersModule dependencies initialized[39m[38;5;3m +0ms[39m
[32m[Nest] 294692  - [39m01/05/2026, 3:04:58 AM [32m    LOG[39m [38;5;3m[InstanceLoader] [39m[32mBookingsModule dependencies initialized[39m[38;5;3m +0ms[39m
[32m[Nest] 294692  - [39m01/05/2026, 3:04:58 AM [32m    LOG[39m [38;5;3m[InstanceLoader] [39m[32mStatsModule dependencies initialized[39m[38;5;3m +0ms[39m
[32m[Nest] 294692  - [39m01/05/2026, 3:04:58 AM [32m    LOG[39m [38;5;3m[InstanceLoader] [39m[32mConfigModule dependencies initialized[39m[38;5;3m +0ms[39m
[32m[Nest] 294692  - [39m01/05/2026, 3:04:58 AM [32m    LOG[39m [38;5;3m[InstanceLoader] [39m[32mCoachesModule dependencies initialized[39m[38;5;3m +0ms[39m
[32m[Nest] 294692  - [39m01/05/2026, 3:04:58 AM [32m    LOG[39m [38;5;3m[InstanceLoader] [39m[32mSeatsModule dependencies initialized[39m[38;5;3m +0ms[39m
[32m[Nest] 294692  - [39m01/05/2026, 3:04:58 AM [32m    LOG[39m [38;5;3m[InstanceLoader] [39m[32mSettingsModule dependencies initialized[39m[38;5;3m +1ms[39m
[32m[Nest] 294692  - [39m01/05/2026, 3:04:58 AM [32m    LOG[39m [38;5;3m[InstanceLoader] [39m[32mPaymentsModule dependencies initialized[39m[38;5;3m +0ms[39m
[32m[Nest] 294692  - [39m01/05/2026, 3:04:58 AM [32m    LOG[39m [38;5;3m[RoutesResolver] [39m[32mTrainsController {/admin/trains}:[39m[38;5;3m +23ms[39m
[32m[Nest] 294692  - [39m01/05/2026, 3:04:58 AM [32m    LOG[39m [38;5;3m[RouterExplorer] [39m[32mMapped {/admin/trains, GET} route[39m[38;5;3m +1ms[39m
[32m[Nest] 294692  - [39m01/05/2026, 3:04:58 AM [32m    LOG[39m [38;5;3m[RouterExplorer] [39m[32mMapped {/admin/trains/:id, GET} route[39m[38;5;3m +0ms[39m
[32m[Nest] 294692  - [39m01/05/2026, 3:04:58 AM [32m    LOG[39m [38;5;3m[RouterExplorer] [39m[32mMapped {/admin/trains, POST} route[39m[38;5;3m +0ms[39m
[32m[Nest] 294692  - [39m01/05/2026, 3:04:58 AM [32m    LOG[39m [38;5;3m[RouterExplorer] [39m[32mMapped {/admin/trains/:id, PATCH} route[39m[38;5;3m +1ms[39m
[32m[Nest] 294692  - [39m01/05/2026, 3:04:58 AM [32m    LOG[39m [38;5;3m[RouterExplorer] [39m[32mMapped {/admin/trains/:id, DELETE} route[39m[38;5;3m +0ms[39m
[32m[Nest] 294692  - [39m01/05/2026, 3:04:58 AM [32m    LOG[39m [38;5;3m[RoutesResolver] [39m[32mRoutesController {/admin/routes}:[39m[38;5;3m +0ms[39m
[32m[Nest] 294692  - [39m01/05/2026, 3:04:58 AM [32m    LOG[39m [38;5;3m[RouterExplorer] [39m[32mMapped {/admin/routes, GET} route[39m[38;5;3m +0ms[39m
[32m[Nest] 294692  - [39m01/05/2026, 3:04:58 AM [32m    LOG[39m [38;5;3m[RouterExplorer] [39m[32mMapped {/admin/routes/:id, GET} route[39m[38;5;3m +0ms[39m
[32m[Nest] 294692  - [39m01/05/2026, 3:04:58 AM [32m    LOG[39m [38;5;3m[RouterExplorer] [39m[32mMapped {/admin/routes, POST} route[39m[38;5;3m +0ms[39m
[32m[Nest] 294692  - [39m01/05/2026, 3:04:58 AM [32m    LOG[39m [38;5;3m[RouterExplorer] [39m[32mMapped {/admin/routes/:id, PATCH} route[39m[38;5;3m +0ms[39m
[32m[Nest] 294692  - [39m01/05/2026, 3:04:58 AM [32m    LOG[39m [38;5;3m[RouterExplorer] [39m[32mMapped {/admin/routes/:id, DELETE} route[39m[38;5;3m +1ms[39m
[32m[Nest] 294692  - [39m01/05/2026, 3:04:58 AM [32m    LOG[39m [38;5;3m[RoutesResolver] [39m[32mJourneysController {/admin/journeys}:[39m[38;5;3m +0ms[39m
[32m[Nest] 294692  - [39m01/05/2026, 3:04:58 AM [32m    LOG[39m [38;5;3m[RouterExplorer] [39m[32mMapped {/admin/journeys, GET} route[39m[38;5;3m +0ms[39m
[32m[Nest] 294692  - [39m01/05/2026, 3:04:58 AM [32m    LOG[39m [38;5;3m[RouterExplorer] [39m[32mMapped {/admin/journeys/:id, GET} route[39m[38;5;3m +0ms[39m
[32m[Nest] 294692  - [39m01/05/2026, 3:04:58 AM [32m    LOG[39m [38;5;3m[RouterExplorer] [39m[32mMapped {/admin/journeys, POST} route[39m[38;5;3m +0ms[39m
[32m[Nest] 294692  - [39m01/05/2026, 3:04:58 AM [32m    LOG[39m [38;5;3m[RouterExplorer] [39m[32mMapped {/admin/journeys/:id, PATCH} route[39m[38;5;3m +0ms[39m
[32m[Nest] 294692  - [39m01/05/2026, 3:04:58 AM [32m    LOG[39m [38;5;3m[RouterExplorer] [39m[32mMapped {/admin/journeys/:id, DELETE} route[39m[38;5;3m +0ms[39m
[32m[Nest] 294692  - [39m01/05/2026, 3:04:58 AM [32m    LOG[39m [38;5;3m[RoutesResolver] [39m[32mStationsController {/admin/stations}:[39m[38;5;3m +0ms[39m
[32m[Nest] 294692  - [39m01/05/2026, 3:04:58 AM [32m    LOG[39m [38;5;3m[RouterExplorer] [39m[32mMapped {/admin/stations, GET} route[39m[38;5;3m +0ms[39m
[32m[Nest] 294692  - [39m01/05/2026, 3:04:58 AM [32m    LOG[39m [38;5;3m[RouterExplorer] [39m[32mMapped {/admin/stations/:id, GET} route[39m[38;5;3m +0ms[39m
[32m[Nest] 294692  - [39m01/05/2026, 3:04:58 AM [32m    LOG[39m [38;5;3m[RouterExplorer] [39m[32mMapped {/admin/stations, POST} route[39m[38;5;3m +1ms[39m
[32m[Nest] 294692  - [39m01/05/2026, 3:04:58 AM [32m    LOG[39m [38;5;3m[RouterExplorer] [39m[32mMapped {/admin/stations/:id, PATCH} route[39m[38;5;3m +0ms[39m
[32m[Nest] 294692  - [39m01/05/2026, 3:04:58 AM [32m    LOG[39m [38;5;3m[RouterExplorer] [39m[32mMapped {/admin/stations/:id, DELETE} route[39m[38;5;3m +0ms[39m
[32m[Nest] 294692  - [39m01/05/2026, 3:04:58 AM [32m    LOG[39m [38;5;3m[RoutesResolver] [39m[32mUsersController {/admin/users}:[39m[38;5;3m +0ms[39m
[32m[Nest] 294692  - [39m01/05/2026, 3:04:58 AM [32m    LOG[39m [38;5;3m[RouterExplorer] [39m[32mMapped {/admin/users, GET} route[39m[38;5;3m +1ms[39m
[32m[Nest] 294692  - [39m01/05/2026, 3:04:58 AM [32m    LOG[39m [38;5;3m[RouterExplorer] [39m[32mMapped {/admin/users/:id, GET} route[39m[38;5;3m +0ms[39m
[32m[Nest] 294692  - [39m01/05/2026, 3:04:58 AM [32m    LOG[39m [38;5;3m[RouterExplorer] [39m[32mMapped {/admin/users/:id, PATCH} route[39m[38;5;3m +0ms[39m
[32m[Nest] 294692  - [39m01/05/2026, 3:04:58 AM [32m    LOG[39m [38;5;3m[RoutesResolver] [39m[32mBookingsController {/admin/bookings}:[39m[38;5;3m +0ms[39m
[32m[Nest] 294692  - [39m01/05/2026, 3:04:58 AM [32m    LOG[39m [38;5;3m[RouterExplorer] [39m[32mMapped {/admin/bookings, GET} route[39m[38;5;3m +0ms[39m
[32m[Nest] 294692  - [39m01/05/2026, 3:04:58 AM [32m    LOG[39m [38;5;3m[RouterExplorer] [39m[32mMapped {/admin/bookings/:id, GET} route[39m[38;5;3m +0ms[39m
[32m[Nest] 294692  - [39m01/05/2026, 3:04:58 AM [32m    LOG[39m [38;5;3m[RoutesResolver] [39m[32mStatsController {/admin/stats}:[39m[38;5;3m +0ms[39m
[32m[Nest] 294692  - [39m01/05/2026, 3:04:58 AM [32m    LOG[39m [38;5;3m[RouterExplorer] [39m[32mMapped {/admin/stats/dashboard, GET} route[39m[38;5;3m +1ms[39m
[32m[Nest] 294692  - [39m01/05/2026, 3:04:58 AM [32m    LOG[39m [38;5;3m[RoutesResolver] [39m[32mCoachesController {/admin/coaches}:[39m[38;5;3m +0ms[39m
[32m[Nest] 294692  - [39m01/05/2026, 3:04:58 AM [32m    LOG[39m [38;5;3m[RouterExplorer] [39m[32mMapped {/admin/coaches, GET} route[39m[38;5;3m +0ms[39m
[32m[Nest] 294692  - [39m01/05/2026, 3:04:58 AM [32m    LOG[39m [38;5;3m[RouterExplorer] [39m[32mMapped {/admin/coaches/:id, GET} route[39m[38;5;3m +0ms[39m
[32m[Nest] 294692  - [39m01/05/2026, 3:04:58 AM [32m    LOG[39m [38;5;3m[RouterExplorer] [39m[32mMapped {/admin/coaches, POST} route[39m[38;5;3m +0ms[39m
[32m[Nest] 294692  - [39m01/05/2026, 3:04:58 AM [32m    LOG[39m [38;5;3m[RouterExplorer] [39m[32mMapped {/admin/coaches/:id, PATCH} route[39m[38;5;3m +0ms[39m
[32m[Nest] 294692  - [39m01/05/2026, 3:04:58 AM [32m    LOG[39m [38;5;3m[RouterExplorer] [39m[32mMapped {/admin/coaches/:id, DELETE} route[39m[38;5;3m +0ms[39m
[32m[Nest] 294692  - [39m01/05/2026, 3:04:58 AM [32m    LOG[39m [38;5;3m[RoutesResolver] [39m[32mSeatsController {/admin/seats}:[39m[38;5;3m +0ms[39m
[32m[Nest] 294692  - [39m01/05/2026, 3:04:58 AM [32m    LOG[39m [38;5;3m[RouterExplorer] [39m[32mMapped {/admin/seats, GET} route[39m[38;5;3m +1ms[39m
[32m[Nest] 294692  - [39m01/05/2026, 3:04:58 AM [32m    LOG[39m [38;5;3m[RouterExplorer] [39m[32mMapped {/admin/seats/:id, GET} route[39m[38;5;3m +0ms[39m
[32m[Nest] 294692  - [39m01/05/2026, 3:04:58 AM [32m    LOG[39m [38;5;3m[RouterExplorer] [39m[32mMapped {/admin/seats, POST} route[39m[38;5;3m +0ms[39m
[32m[Nest] 294692  - [39m01/05/2026, 3:04:58 AM [32m    LOG[39m [38;5;3m[RouterExplorer] [39m[32mMapped {/admin/seats/bulk, POST} route[39m[38;5;3m +0ms[39m
[32m[Nest] 294692  - [39m01/05/2026, 3:04:58 AM [32m    LOG[39m [38;5;3m[RouterExplorer] [39m[32mMapped {/admin/seats/:id, PATCH} route[39m[38;5;3m +0ms[39m
[32m[Nest] 294692  - [39m01/05/2026, 3:04:58 AM [32m    LOG[39m [38;5;3m[RouterExplorer] [39m[32mMapped {/admin/seats/:id, DELETE} route[39m[38;5;3m +0ms[39m
[32m[Nest] 294692  - [39m01/05/2026, 3:04:58 AM [32m    LOG[39m [38;5;3m[RoutesResolver] [39m[32mSettingsController {/admin/settings}:[39m[38;5;3m +0ms[39m
[32m[Nest] 294692  - [39m01/05/2026, 3:04:58 AM [32m    LOG[39m [38;5;3m[RouterExplorer] [39m[32mMapped {/admin/settings, GET} route[39m[38;5;3m +1ms[39m
[32m[Nest] 294692  - [39m01/05/2026, 3:04:58 AM [32m    LOG[39m [38;5;3m[RouterExplorer] [39m[32mMapped {/admin/settings/:key, GET} route[39m[38;5;3m +0ms[39m
[32m[Nest] 294692  - [39m01/05/2026, 3:04:58 AM [32m    LOG[39m [38;5;3m[RouterExplorer] [39m[32mMapped {/admin/settings, POST} route[39m[38;5;3m +0ms[39m
[32m[Nest] 294692  - [39m01/05/2026, 3:04:58 AM [32m    LOG[39m [38;5;3m[RouterExplorer] [39m[32mMapped {/admin/settings/:key, PATCH} route[39m[38;5;3m +0ms[39m
[32m[Nest] 294692  - [39m01/05/2026, 3:04:58 AM [32m    LOG[39m [38;5;3m[RouterExplorer] [39m[32mMapped {/admin/settings/:key, DELETE} route[39m[38;5;3m +0ms[39m
[32m[Nest] 294692  - [39m01/05/2026, 3:04:58 AM [32m    LOG[39m [38;5;3m[RoutesResolver] [39m[32mPaymentsController {/admin/payments}:[39m[38;5;3m +0ms[39m
[32m[Nest] 294692  - [39m01/05/2026, 3:04:58 AM [32m    LOG[39m [38;5;3m[RouterExplorer] [39m[32mMapped {/admin/payments/stats, GET} route[39m[38;5;3m +0ms[39m
[32m[Nest] 294692  - [39m01/05/2026, 3:04:58 AM [32m    LOG[39m [38;5;3m[RouterExplorer] [39m[32mMapped {/admin/payments, GET} route[39m[38;5;3m +0ms[39m
[32m[Nest] 294692  - [39m01/05/2026, 3:04:58 AM [32m    LOG[39m [38;5;3m[RouterExplorer] [39m[32mMapped {/admin/payments/:id, GET} route[39m[38;5;3m +0ms[39m
[32m[Nest] 294692  - [39m01/05/2026, 3:04:58 AM [32m    LOG[39m [38;5;3m[NestApplication] [39m[32mNest application successfully started[39m[38;5;3m +49ms[39m
🚀 Admin Service is running on: http://localhost:3010
📚 Swagger documentation: http://localhost:3010/api/docs
🔐 Admin operations - requires ADMIN role
[INFO] 03:05:00 Restarting: /home/bayajidswe/My-files/my-projects/jatra-railway/apps/admin-service/src/coaches/coaches.service.ts has been modified
[32m[Nest] 294785  - [39m01/05/2026, 3:05:00 AM [32m    LOG[39m [38;5;3m[NestFactory] [39m[32mStarting Nest application...[39m
[32m[Nest] 294785  - [39m01/05/2026, 3:05:00 AM [32m    LOG[39m [38;5;3m[InstanceLoader] [39m[32mAppModule dependencies initialized[39m[38;5;3m +10ms[39m
[32m[Nest] 294785  - [39m01/05/2026, 3:05:00 AM [32m    LOG[39m [38;5;3m[InstanceLoader] [39m[32mPrismaModule dependencies initialized[39m[38;5;3m +0ms[39m
[32m[Nest] 294785  - [39m01/05/2026, 3:05:00 AM [32m    LOG[39m [38;5;3m[InstanceLoader] [39m[32mConfigHostModule dependencies initialized[39m[38;5;3m +0ms[39m
[32m[Nest] 294785  - [39m01/05/2026, 3:05:00 AM [32m    LOG[39m [38;5;3m[InstanceLoader] [39m[32mTrainsModule dependencies initialized[39m[38;5;3m +1ms[39m
[32m[Nest] 294785  - [39m01/05/2026, 3:05:00 AM [32m    LOG[39m [38;5;3m[InstanceLoader] [39m[32mRoutesModule dependencies initialized[39m[38;5;3m +0ms[39m
[32m[Nest] 294785  - [39m01/05/2026, 3:05:00 AM [32m    LOG[39m [38;5;3m[InstanceLoader] [39m[32mJourneysModule dependencies initialized[39m[38;5;3m +0ms[39m
[32m[Nest] 294785  - [39m01/05/2026, 3:05:00 AM [32m    LOG[39m [38;5;3m[InstanceLoader] [39m[32mStationsModule dependencies initialized[39m[38;5;3m +0ms[39m
[32m[Nest] 294785  - [39m01/05/2026, 3:05:00 AM [32m    LOG[39m [38;5;3m[InstanceLoader] [39m[32mUsersModule dependencies initialized[39m[38;5;3m +0ms[39m
[32m[Nest] 294785  - [39m01/05/2026, 3:05:00 AM [32m    LOG[39m [38;5;3m[InstanceLoader] [39m[32mBookingsModule dependencies initialized[39m[38;5;3m +0ms[39m
[32m[Nest] 294785  - [39m01/05/2026, 3:05:00 AM [32m    LOG[39m [38;5;3m[InstanceLoader] [39m[32mStatsModule dependencies initialized[39m[38;5;3m +0ms[39m
[32m[Nest] 294785  - [39m01/05/2026, 3:05:00 AM [32m    LOG[39m [38;5;3m[InstanceLoader] [39m[32mConfigModule dependencies initialized[39m[38;5;3m +0ms[39m
[32m[Nest] 294785  - [39m01/05/2026, 3:05:00 AM [32m    LOG[39m [38;5;3m[InstanceLoader] [39m[32mCoachesModule dependencies initialized[39m[38;5;3m +0ms[39m
[32m[Nest] 294785  - [39m01/05/2026, 3:05:00 AM [32m    LOG[39m [38;5;3m[InstanceLoader] [39m[32mSeatsModule dependencies initialized[39m[38;5;3m +0ms[39m
[32m[Nest] 294785  - [39m01/05/2026, 3:05:00 AM [32m    LOG[39m [38;5;3m[InstanceLoader] [39m[32mSettingsModule dependencies initialized[39m[38;5;3m +0ms[39m
[32m[Nest] 294785  - [39m01/05/2026, 3:05:00 AM [32m    LOG[39m [38;5;3m[InstanceLoader] [39m[32mPaymentsModule dependencies initialized[39m[38;5;3m +0ms[39m
[32m[Nest] 294785  - [39m01/05/2026, 3:05:00 AM [32m    LOG[39m [38;5;3m[RoutesResolver] [39m[32mTrainsController {/admin/trains}:[39m[38;5;3m +21ms[39m
[32m[Nest] 294785  - [39m01/05/2026, 3:05:00 AM [32m    LOG[39m [38;5;3m[RouterExplorer] [39m[32mMapped {/admin/trains, GET} route[39m[38;5;3m +1ms[39m
[32m[Nest] 294785  - [39m01/05/2026, 3:05:00 AM [32m    LOG[39m [38;5;3m[RouterExplorer] [39m[32mMapped {/admin/trains/:id, GET} route[39m[38;5;3m +1ms[39m
[32m[Nest] 294785  - [39m01/05/2026, 3:05:00 AM [32m    LOG[39m [38;5;3m[RouterExplorer] [39m[32mMapped {/admin/trains, POST} route[39m[38;5;3m +0ms[39m
[32m[Nest] 294785  - [39m01/05/2026, 3:05:00 AM [32m    LOG[39m [38;5;3m[RouterExplorer] [39m[32mMapped {/admin/trains/:id, PATCH} route[39m[38;5;3m +0ms[39m
[32m[Nest] 294785  - [39m01/05/2026, 3:05:00 AM [32m    LOG[39m [38;5;3m[RouterExplorer] [39m[32mMapped {/admin/trains/:id, DELETE} route[39m[38;5;3m +0ms[39m
[32m[Nest] 294785  - [39m01/05/2026, 3:05:00 AM [32m    LOG[39m [38;5;3m[RoutesResolver] [39m[32mRoutesController {/admin/routes}:[39m[38;5;3m +0ms[39m
[32m[Nest] 294785  - [39m01/05/2026, 3:05:00 AM [32m    LOG[39m [38;5;3m[RouterExplorer] [39m[32mMapped {/admin/routes, GET} route[39m[38;5;3m +0ms[39m
[32m[Nest] 294785  - [39m01/05/2026, 3:05:00 AM [32m    LOG[39m [38;5;3m[RouterExplorer] [39m[32mMapped {/admin/routes/:id, GET} route[39m[38;5;3m +0ms[39m
[32m[Nest] 294785  - [39m01/05/2026, 3:05:00 AM [32m    LOG[39m [38;5;3m[RouterExplorer] [39m[32mMapped {/admin/routes, POST} route[39m[38;5;3m +0ms[39m
[32m[Nest] 294785  - [39m01/05/2026, 3:05:00 AM [32m    LOG[39m [38;5;3m[RouterExplorer] [39m[32mMapped {/admin/routes/:id, PATCH} route[39m[38;5;3m +1ms[39m
[32m[Nest] 294785  - [39m01/05/2026, 3:05:00 AM [32m    LOG[39m [38;5;3m[RouterExplorer] [39m[32mMapped {/admin/routes/:id, DELETE} route[39m[38;5;3m +0ms[39m
[32m[Nest] 294785  - [39m01/05/2026, 3:05:00 AM [32m    LOG[39m [38;5;3m[RoutesResolver] [39m[32mJourneysController {/admin/journeys}:[39m[38;5;3m +0ms[39m
[32m[Nest] 294785  - [39m01/05/2026, 3:05:00 AM [32m    LOG[39m [38;5;3m[RouterExplorer] [39m[32mMapped {/admin/journeys, GET} route[39m[38;5;3m +0ms[39m
[32m[Nest] 294785  - [39m01/05/2026, 3:05:00 AM [32m    LOG[39m [38;5;3m[RouterExplorer] [39m[32mMapped {/admin/journeys/:id, GET} route[39m[38;5;3m +0ms[39m
[32m[Nest] 294785  - [39m01/05/2026, 3:05:00 AM [32m    LOG[39m [38;5;3m[RouterExplorer] [39m[32mMapped {/admin/journeys, POST} route[39m[38;5;3m +0ms[39m
[32m[Nest] 294785  - [39m01/05/2026, 3:05:00 AM [32m    LOG[39m [38;5;3m[RouterExplorer] [39m[32mMapped {/admin/journeys/:id, PATCH} route[39m[38;5;3m +0ms[39m
[32m[Nest] 294785  - [39m01/05/2026, 3:05:00 AM [32m    LOG[39m [38;5;3m[RouterExplorer] [39m[32mMapped {/admin/journeys/:id, DELETE} route[39m[38;5;3m +0ms[39m
[32m[Nest] 294785  - [39m01/05/2026, 3:05:00 AM [32m    LOG[39m [38;5;3m[RoutesResolver] [39m[32mStationsController {/admin/stations}:[39m[38;5;3m +0ms[39m
[32m[Nest] 294785  - [39m01/05/2026, 3:05:00 AM [32m    LOG[39m [38;5;3m[RouterExplorer] [39m[32mMapped {/admin/stations, GET} route[39m[38;5;3m +0ms[39m
[32m[Nest] 294785  - [39m01/05/2026, 3:05:00 AM [32m    LOG[39m [38;5;3m[RouterExplorer] [39m[32mMapped {/admin/stations/:id, GET} route[39m[38;5;3m +0ms[39m
[32m[Nest] 294785  - [39m01/05/2026, 3:05:00 AM [32m    LOG[39m [38;5;3m[RouterExplorer] [39m[32mMapped {/admin/stations, POST} route[39m[38;5;3m +0ms[39m
[32m[Nest] 294785  - [39m01/05/2026, 3:05:00 AM [32m    LOG[39m [38;5;3m[RouterExplorer] [39m[32mMapped {/admin/stations/:id, PATCH} route[39m[38;5;3m +0ms[39m
[32m[Nest] 294785  - [39m01/05/2026, 3:05:00 AM [32m    LOG[39m [38;5;3m[RouterExplorer] [39m[32mMapped {/admin/stations/:id, DELETE} route[39m[38;5;3m +0ms[39m
[32m[Nest] 294785  - [39m01/05/2026, 3:05:00 AM [32m    LOG[39m [38;5;3m[RoutesResolver] [39m[32mUsersController {/admin/users}:[39m[38;5;3m +0ms[39m
[32m[Nest] 294785  - [39m01/05/2026, 3:05:00 AM [32m    LOG[39m [38;5;3m[RouterExplorer] [39m[32mMapped {/admin/users, GET} route[39m[38;5;3m +1ms[39m
[32m[Nest] 294785  - [39m01/05/2026, 3:05:00 AM [32m    LOG[39m [38;5;3m[RouterExplorer] [39m[32mMapped {/admin/users/:id, GET} route[39m[38;5;3m +0ms[39m
[32m[Nest] 294785  - [39m01/05/2026, 3:05:00 AM [32m    LOG[39m [38;5;3m[RouterExplorer] [39m[32mMapped {/admin/users/:id, PATCH} route[39m[38;5;3m +0ms[39m
[32m[Nest] 294785  - [39m01/05/2026, 3:05:00 AM [32m    LOG[39m [38;5;3m[RoutesResolver] [39m[32mBookingsController {/admin/bookings}:[39m[38;5;3m +0ms[39m
[32m[Nest] 294785  - [39m01/05/2026, 3:05:00 AM [32m    LOG[39m [38;5;3m[RouterExplorer] [39m[32mMapped {/admin/bookings, GET} route[39m[38;5;3m +0ms[39m
[32m[Nest] 294785  - [39m01/05/2026, 3:05:00 AM [32m    LOG[39m [38;5;3m[RouterExplorer] [39m[32mMapped {/admin/bookings/:id, GET} route[39m[38;5;3m +0ms[39m
[32m[Nest] 294785  - [39m01/05/2026, 3:05:00 AM [32m    LOG[39m [38;5;3m[RoutesResolver] [39m[32mStatsController {/admin/stats}:[39m[38;5;3m +0ms[39m
[32m[Nest] 294785  - [39m01/05/2026, 3:05:00 AM [32m    LOG[39m [38;5;3m[RouterExplorer] [39m[32mMapped {/admin/stats/dashboard, GET} route[39m[38;5;3m +0ms[39m
[32m[Nest] 294785  - [39m01/05/2026, 3:05:00 AM [32m    LOG[39m [38;5;3m[RoutesResolver] [39m[32mCoachesController {/admin/coaches}:[39m[38;5;3m +0ms[39m
[32m[Nest] 294785  - [39m01/05/2026, 3:05:00 AM [32m    LOG[39m [38;5;3m[RouterExplorer] [39m[32mMapped {/admin/coaches, GET} route[39m[38;5;3m +0ms[39m
[32m[Nest] 294785  - [39m01/05/2026, 3:05:00 AM [32m    LOG[39m [38;5;3m[RouterExplorer] [39m[32mMapped {/admin/coaches/:id, GET} route[39m[38;5;3m +0ms[39m
[32m[Nest] 294785  - [39m01/05/2026, 3:05:00 AM [32m    LOG[39m [38;5;3m[RouterExplorer] [39m[32mMapped {/admin/coaches, POST} route[39m[38;5;3m +0ms[39m
[32m[Nest] 294785  - [39m01/05/2026, 3:05:00 AM [32m    LOG[39m [38;5;3m[RouterExplorer] [39m[32mMapped {/admin/coaches/:id, PATCH} route[39m[38;5;3m +0ms[39m
[32m[Nest] 294785  - [39m01/05/2026, 3:05:00 AM [32m    LOG[39m [38;5;3m[RouterExplorer] [39m[32mMapped {/admin/coaches/:id, DELETE} route[39m[38;5;3m +0ms[39m
[32m[Nest] 294785  - [39m01/05/2026, 3:05:00 AM [32m    LOG[39m [38;5;3m[RoutesResolver] [39m[32mSeatsController {/admin/seats}:[39m[38;5;3m +0ms[39m
[32m[Nest] 294785  - [39m01/05/2026, 3:05:00 AM [32m    LOG[39m [38;5;3m[RouterExplorer] [39m[32mMapped {/admin/seats, GET} route[39m[38;5;3m +0ms[39m
[32m[Nest] 294785  - [39m01/05/2026, 3:05:00 AM [32m    LOG[39m [38;5;3m[RouterExplorer] [39m[32mMapped {/admin/seats/:id, GET} route[39m[38;5;3m +0ms[39m
[32m[Nest] 294785  - [39m01/05/2026, 3:05:00 AM [32m    LOG[39m [38;5;3m[RouterExplorer] [39m[32mMapped {/admin/seats, POST} route[39m[38;5;3m +0ms[39m
[32m[Nest] 294785  - [39m01/05/2026, 3:05:00 AM [32m    LOG[39m [38;5;3m[RouterExplorer] [39m[32mMapped {/admin/seats/bulk, POST} route[39m[38;5;3m +0ms[39m
[32m[Nest] 294785  - [39m01/05/2026, 3:05:00 AM [32m    LOG[39m [38;5;3m[RouterExplorer] [39m[32mMapped {/admin/seats/:id, PATCH} route[39m[38;5;3m +0ms[39m
[32m[Nest] 294785  - [39m01/05/2026, 3:05:00 AM [32m    LOG[39m [38;5;3m[RouterExplorer] [39m[32mMapped {/admin/seats/:id, DELETE} route[39m[38;5;3m +0ms[39m
[32m[Nest] 294785  - [39m01/05/2026, 3:05:00 AM [32m    LOG[39m [38;5;3m[RoutesResolver] [39m[32mSettingsController {/admin/settings}:[39m[38;5;3m +1ms[39m
[32m[Nest] 294785  - [39m01/05/2026, 3:05:00 AM [32m    LOG[39m [38;5;3m[RouterExplorer] [39m[32mMapped {/admin/settings, GET} route[39m[38;5;3m +0ms[39m
[32m[Nest] 294785  - [39m01/05/2026, 3:05:00 AM [32m    LOG[39m [38;5;3m[RouterExplorer] [39m[32mMapped {/admin/settings/:key, GET} route[39m[38;5;3m +0ms[39m
[32m[Nest] 294785  - [39m01/05/2026, 3:05:00 AM [32m    LOG[39m [38;5;3m[RouterExplorer] [39m[32mMapped {/admin/settings, POST} route[39m[38;5;3m +0ms[39m
[32m[Nest] 294785  - [39m01/05/2026, 3:05:00 AM [32m    LOG[39m [38;5;3m[RouterExplorer] [39m[32mMapped {/admin/settings/:key, PATCH} route[39m[38;5;3m +0ms[39m
[32m[Nest] 294785  - [39m01/05/2026, 3:05:00 AM [32m    LOG[39m [38;5;3m[RouterExplorer] [39m[32mMapped {/admin/settings/:key, DELETE} route[39m[38;5;3m +0ms[39m
[32m[Nest] 294785  - [39m01/05/2026, 3:05:00 AM [32m    LOG[39m [38;5;3m[RoutesResolver] [39m[32mPaymentsController {/admin/payments}:[39m[38;5;3m +0ms[39m
[32m[Nest] 294785  - [39m01/05/2026, 3:05:00 AM [32m    LOG[39m [38;5;3m[RouterExplorer] [39m[32mMapped {/admin/payments/stats, GET} route[39m[38;5;3m +0ms[39m
[32m[Nest] 294785  - [39m01/05/2026, 3:05:00 AM [32m    LOG[39m [38;5;3m[RouterExplorer] [39m[32mMapped {/admin/payments, GET} route[39m[38;5;3m +0ms[39m
[32m[Nest] 294785  - [39m01/05/2026, 3:05:00 AM [32m    LOG[39m [38;5;3m[RouterExplorer] [39m[32mMapped {/admin/payments/:id, GET} route[39m[38;5;3m +0ms[39m
[32m[Nest] 294785  - [39m01/05/2026, 3:05:00 AM [32m    LOG[39m [38;5;3m[NestApplication] [39m[32mNest application successfully started[39m[38;5;3m +46ms[39m
[31m[Nest] 294785  - [39m01/05/2026, 3:05:00 AM [31m  ERROR[39m [38;5;3m[NestApplication] [39m[31mError: listen EADDRINUSE: address already in use :::3010[39m[38;5;3m +1ms[39m
Error: listen EADDRINUSE: address already in use :::3010
    at Server.setupListenHandle [as _listen2] (node:net:1908:16)
    at listenInCluster (node:net:1965:12)
    at Server.listen (node:net:2067:7)
    at ExpressAdapter.listen (/home/bayajidswe/My-files/my-projects/jatra-railway/node_modules/.pnpm/@nestjs+platform-express@10.4.20_@nestjs+common@10.4.20_class-transformer@0.5.1_class-v_bd7e093f0b2f45f3454d4c6bd5ff4f44/node_modules/@nestjs/platform-express/adapters/express-adapter.js:95:32)
    at /home/bayajidswe/My-files/my-projects/jatra-railway/node_modules/.pnpm/@nestjs+core@10.4.20_@nestjs+common@10.4.20_class-transformer@0.5.1_class-validator@0.1_6ee324c1921a1c6c0e69db7d70d61af1/node_modules/@nestjs/core/nest-application.js:183:30
    at new Promise (<anonymous>)
    at NestApplication.listen (/home/bayajidswe/My-files/my-projects/jatra-railway/node_modules/.pnpm/@nestjs+core@10.4.20_@nestjs+common@10.4.20_class-transformer@0.5.1_class-validator@0.1_6ee324c1921a1c6c0e69db7d70d61af1/node_modules/@nestjs/core/nest-application.js:173:16)
    at bootstrap (/home/bayajidswe/My-files/my-projects/jatra-railway/apps/admin-service/src/main.ts:45:3)
[ERROR] 03:05:00 Error: listen EADDRINUSE: address already in use :::3010
[INFO] 03:06:09 Restarting: /home/bayajidswe/My-files/my-projects/jatra-railway/apps/admin-service/src/seats/dto/seat.dto.ts has been modified
[32m[Nest] 296148  - [39m01/05/2026, 3:06:10 AM [32m    LOG[39m [38;5;3m[NestFactory] [39m[32mStarting Nest application...[39m
[32m[Nest] 296148  - [39m01/05/2026, 3:06:10 AM [32m    LOG[39m [38;5;3m[InstanceLoader] [39m[32mAppModule dependencies initialized[39m[38;5;3m +14ms[39m
[32m[Nest] 296148  - [39m01/05/2026, 3:06:10 AM [32m    LOG[39m [38;5;3m[InstanceLoader] [39m[32mPrismaModule dependencies initialized[39m[38;5;3m +0ms[39m
[32m[Nest] 296148  - [39m01/05/2026, 3:06:10 AM [32m    LOG[39m [38;5;3m[InstanceLoader] [39m[32mConfigHostModule dependencies initialized[39m[38;5;3m +1ms[39m
[32m[Nest] 296148  - [39m01/05/2026, 3:06:10 AM [32m    LOG[39m [38;5;3m[InstanceLoader] [39m[32mTrainsModule dependencies initialized[39m[38;5;3m +0ms[39m
[32m[Nest] 296148  - [39m01/05/2026, 3:06:10 AM [32m    LOG[39m [38;5;3m[InstanceLoader] [39m[32mRoutesModule dependencies initialized[39m[38;5;3m +0ms[39m
[32m[Nest] 296148  - [39m01/05/2026, 3:06:10 AM [32m    LOG[39m [38;5;3m[InstanceLoader] [39m[32mJourneysModule dependencies initialized[39m[38;5;3m +0ms[39m
[32m[Nest] 296148  - [39m01/05/2026, 3:06:10 AM [32m    LOG[39m [38;5;3m[InstanceLoader] [39m[32mStationsModule dependencies initialized[39m[38;5;3m +0ms[39m
[32m[Nest] 296148  - [39m01/05/2026, 3:06:10 AM [32m    LOG[39m [38;5;3m[InstanceLoader] [39m[32mUsersModule dependencies initialized[39m[38;5;3m +0ms[39m
[32m[Nest] 296148  - [39m01/05/2026, 3:06:10 AM [32m    LOG[39m [38;5;3m[InstanceLoader] [39m[32mBookingsModule dependencies initialized[39m[38;5;3m +0ms[39m
[32m[Nest] 296148  - [39m01/05/2026, 3:06:10 AM [32m    LOG[39m [38;5;3m[InstanceLoader] [39m[32mStatsModule dependencies initialized[39m[38;5;3m +0ms[39m
[32m[Nest] 296148  - [39m01/05/2026, 3:06:10 AM [32m    LOG[39m [38;5;3m[InstanceLoader] [39m[32mConfigModule dependencies initialized[39m[38;5;3m +0ms[39m
[32m[Nest] 296148  - [39m01/05/2026, 3:06:10 AM [32m    LOG[39m [38;5;3m[InstanceLoader] [39m[32mCoachesModule dependencies initialized[39m[38;5;3m +0ms[39m
[32m[Nest] 296148  - [39m01/05/2026, 3:06:10 AM [32m    LOG[39m [38;5;3m[InstanceLoader] [39m[32mSeatsModule dependencies initialized[39m[38;5;3m +0ms[39m
[32m[Nest] 296148  - [39m01/05/2026, 3:06:10 AM [32m    LOG[39m [38;5;3m[InstanceLoader] [39m[32mSettingsModule dependencies initialized[39m[38;5;3m +0ms[39m
[32m[Nest] 296148  - [39m01/05/2026, 3:06:10 AM [32m    LOG[39m [38;5;3m[InstanceLoader] [39m[32mPaymentsModule dependencies initialized[39m[38;5;3m +0ms[39m
[32m[Nest] 296148  - [39m01/05/2026, 3:06:10 AM [32m    LOG[39m [38;5;3m[RoutesResolver] [39m[32mTrainsController {/admin/trains}:[39m[38;5;3m +22ms[39m
[32m[Nest] 296148  - [39m01/05/2026, 3:06:10 AM [32m    LOG[39m [38;5;3m[RouterExplorer] [39m[32mMapped {/admin/trains, GET} route[39m[38;5;3m +1ms[39m
[32m[Nest] 296148  - [39m01/05/2026, 3:06:10 AM [32m    LOG[39m [38;5;3m[RouterExplorer] [39m[32mMapped {/admin/trains/:id, GET} route[39m[38;5;3m +1ms[39m
[32m[Nest] 296148  - [39m01/05/2026, 3:06:10 AM [32m    LOG[39m [38;5;3m[RouterExplorer] [39m[32mMapped {/admin/trains, POST} route[39m[38;5;3m +0ms[39m
[32m[Nest] 296148  - [39m01/05/2026, 3:06:10 AM [32m    LOG[39m [38;5;3m[RouterExplorer] [39m[32mMapped {/admin/trains/:id, PATCH} route[39m[38;5;3m +0ms[39m
[32m[Nest] 296148  - [39m01/05/2026, 3:06:10 AM [32m    LOG[39m [38;5;3m[RouterExplorer] [39m[32mMapped {/admin/trains/:id, DELETE} route[39m[38;5;3m +0ms[39m
[32m[Nest] 296148  - [39m01/05/2026, 3:06:10 AM [32m    LOG[39m [38;5;3m[RoutesResolver] [39m[32mRoutesController {/admin/routes}:[39m[38;5;3m +0ms[39m
[32m[Nest] 296148  - [39m01/05/2026, 3:06:10 AM [32m    LOG[39m [38;5;3m[RouterExplorer] [39m[32mMapped {/admin/routes, GET} route[39m[38;5;3m +0ms[39m
[32m[Nest] 296148  - [39m01/05/2026, 3:06:10 AM [32m    LOG[39m [38;5;3m[RouterExplorer] [39m[32mMapped {/admin/routes/:id, GET} route[39m[38;5;3m +0ms[39m
[32m[Nest] 296148  - [39m01/05/2026, 3:06:10 AM [32m    LOG[39m [38;5;3m[RouterExplorer] [39m[32mMapped {/admin/routes, POST} route[39m[38;5;3m +0ms[39m
[32m[Nest] 296148  - [39m01/05/2026, 3:06:10 AM [32m    LOG[39m [38;5;3m[RouterExplorer] [39m[32mMapped {/admin/routes/:id, PATCH} route[39m[38;5;3m +1ms[39m
[32m[Nest] 296148  - [39m01/05/2026, 3:06:10 AM [32m    LOG[39m [38;5;3m[RouterExplorer] [39m[32mMapped {/admin/routes/:id, DELETE} route[39m[38;5;3m +0ms[39m
[32m[Nest] 296148  - [39m01/05/2026, 3:06:10 AM [32m    LOG[39m [38;5;3m[RoutesResolver] [39m[32mJourneysController {/admin/journeys}:[39m[38;5;3m +0ms[39m
[32m[Nest] 296148  - [39m01/05/2026, 3:06:10 AM [32m    LOG[39m [38;5;3m[RouterExplorer] [39m[32mMapped {/admin/journeys, GET} route[39m[38;5;3m +0ms[39m
[32m[Nest] 296148  - [39m01/05/2026, 3:06:10 AM [32m    LOG[39m [38;5;3m[RouterExplorer] [39m[32mMapped {/admin/journeys/:id, GET} route[39m[38;5;3m +0ms[39m
[32m[Nest] 296148  - [39m01/05/2026, 3:06:10 AM [32m    LOG[39m [38;5;3m[RouterExplorer] [39m[32mMapped {/admin/journeys, POST} route[39m[38;5;3m +0ms[39m
[32m[Nest] 296148  - [39m01/05/2026, 3:06:10 AM [32m    LOG[39m [38;5;3m[RouterExplorer] [39m[32mMapped {/admin/journeys/:id, PATCH} route[39m[38;5;3m +1ms[39m
[32m[Nest] 296148  - [39m01/05/2026, 3:06:10 AM [32m    LOG[39m [38;5;3m[RouterExplorer] [39m[32mMapped {/admin/journeys/:id, DELETE} route[39m[38;5;3m +0ms[39m
[32m[Nest] 296148  - [39m01/05/2026, 3:06:10 AM [32m    LOG[39m [38;5;3m[RoutesResolver] [39m[32mStationsController {/admin/stations}:[39m[38;5;3m +0ms[39m
[32m[Nest] 296148  - [39m01/05/2026, 3:06:10 AM [32m    LOG[39m [38;5;3m[RouterExplorer] [39m[32mMapped {/admin/stations, GET} route[39m[38;5;3m +0ms[39m
[32m[Nest] 296148  - [39m01/05/2026, 3:06:10 AM [32m    LOG[39m [38;5;3m[RouterExplorer] [39m[32mMapped {/admin/stations/:id, GET} route[39m[38;5;3m +0ms[39m
[32m[Nest] 296148  - [39m01/05/2026, 3:06:10 AM [32m    LOG[39m [38;5;3m[RouterExplorer] [39m[32mMapped {/admin/stations, POST} route[39m[38;5;3m +0ms[39m
[32m[Nest] 296148  - [39m01/05/2026, 3:06:10 AM [32m    LOG[39m [38;5;3m[RouterExplorer] [39m[32mMapped {/admin/stations/:id, PATCH} route[39m[38;5;3m +0ms[39m
[32m[Nest] 296148  - [39m01/05/2026, 3:06:10 AM [32m    LOG[39m [38;5;3m[RouterExplorer] [39m[32mMapped {/admin/stations/:id, DELETE} route[39m[38;5;3m +0ms[39m
[32m[Nest] 296148  - [39m01/05/2026, 3:06:10 AM [32m    LOG[39m [38;5;3m[RoutesResolver] [39m[32mUsersController {/admin/users}:[39m[38;5;3m +0ms[39m
[32m[Nest] 296148  - [39m01/05/2026, 3:06:10 AM [32m    LOG[39m [38;5;3m[RouterExplorer] [39m[32mMapped {/admin/users, GET} route[39m[38;5;3m +0ms[39m
[32m[Nest] 296148  - [39m01/05/2026, 3:06:10 AM [32m    LOG[39m [38;5;3m[RouterExplorer] [39m[32mMapped {/admin/users/:id, GET} route[39m[38;5;3m +0ms[39m
[32m[Nest] 296148  - [39m01/05/2026, 3:06:10 AM [32m    LOG[39m [38;5;3m[RouterExplorer] [39m[32mMapped {/admin/users/:id, PATCH} route[39m[38;5;3m +0ms[39m
[32m[Nest] 296148  - [39m01/05/2026, 3:06:10 AM [32m    LOG[39m [38;5;3m[RoutesResolver] [39m[32mBookingsController {/admin/bookings}:[39m[38;5;3m +0ms[39m
[32m[Nest] 296148  - [39m01/05/2026, 3:06:10 AM [32m    LOG[39m [38;5;3m[RouterExplorer] [39m[32mMapped {/admin/bookings, GET} route[39m[38;5;3m +0ms[39m
[32m[Nest] 296148  - [39m01/05/2026, 3:06:10 AM [32m    LOG[39m [38;5;3m[RouterExplorer] [39m[32mMapped {/admin/bookings/:id, GET} route[39m[38;5;3m +0ms[39m
[32m[Nest] 296148  - [39m01/05/2026, 3:06:10 AM [32m    LOG[39m [38;5;3m[RoutesResolver] [39m[32mStatsController {/admin/stats}:[39m[38;5;3m +0ms[39m
[32m[Nest] 296148  - [39m01/05/2026, 3:06:10 AM [32m    LOG[39m [38;5;3m[RouterExplorer] [39m[32mMapped {/admin/stats/dashboard, GET} route[39m[38;5;3m +0ms[39m
[32m[Nest] 296148  - [39m01/05/2026, 3:06:10 AM [32m    LOG[39m [38;5;3m[RoutesResolver] [39m[32mCoachesController {/admin/coaches}:[39m[38;5;3m +0ms[39m
[32m[Nest] 296148  - [39m01/05/2026, 3:06:10 AM [32m    LOG[39m [38;5;3m[RouterExplorer] [39m[32mMapped {/admin/coaches, GET} route[39m[38;5;3m +0ms[39m
[32m[Nest] 296148  - [39m01/05/2026, 3:06:10 AM [32m    LOG[39m [38;5;3m[RouterExplorer] [39m[32mMapped {/admin/coaches/:id, GET} route[39m[38;5;3m +1ms[39m
[32m[Nest] 296148  - [39m01/05/2026, 3:06:10 AM [32m    LOG[39m [38;5;3m[RouterExplorer] [39m[32mMapped {/admin/coaches, POST} route[39m[38;5;3m +0ms[39m
[32m[Nest] 296148  - [39m01/05/2026, 3:06:10 AM [32m    LOG[39m [38;5;3m[RouterExplorer] [39m[32mMapped {/admin/coaches/:id, PATCH} route[39m[38;5;3m +0ms[39m
[32m[Nest] 296148  - [39m01/05/2026, 3:06:10 AM [32m    LOG[39m [38;5;3m[RouterExplorer] [39m[32mMapped {/admin/coaches/:id, DELETE} route[39m[38;5;3m +0ms[39m
[32m[Nest] 296148  - [39m01/05/2026, 3:06:10 AM [32m    LOG[39m [38;5;3m[RoutesResolver] [39m[32mSeatsController {/admin/seats}:[39m[38;5;3m +0ms[39m
[32m[Nest] 296148  - [39m01/05/2026, 3:06:10 AM [32m    LOG[39m [38;5;3m[RouterExplorer] [39m[32mMapped {/admin/seats, GET} route[39m[38;5;3m +0ms[39m
[32m[Nest] 296148  - [39m01/05/2026, 3:06:10 AM [32m    LOG[39m [38;5;3m[RouterExplorer] [39m[32mMapped {/admin/seats/:id, GET} route[39m[38;5;3m +0ms[39m
[32m[Nest] 296148  - [39m01/05/2026, 3:06:10 AM [32m    LOG[39m [38;5;3m[RouterExplorer] [39m[32mMapped {/admin/seats, POST} route[39m[38;5;3m +0ms[39m
[32m[Nest] 296148  - [39m01/05/2026, 3:06:10 AM [32m    LOG[39m [38;5;3m[RouterExplorer] [39m[32mMapped {/admin/seats/bulk, POST} route[39m[38;5;3m +0ms[39m
[32m[Nest] 296148  - [39m01/05/2026, 3:06:10 AM [32m    LOG[39m [38;5;3m[RouterExplorer] [39m[32mMapped {/admin/seats/:id, PATCH} route[39m[38;5;3m +0ms[39m
[32m[Nest] 296148  - [39m01/05/2026, 3:06:10 AM [32m    LOG[39m [38;5;3m[RouterExplorer] [39m[32mMapped {/admin/seats/:id, DELETE} route[39m[38;5;3m +0ms[39m
[32m[Nest] 296148  - [39m01/05/2026, 3:06:10 AM [32m    LOG[39m [38;5;3m[RoutesResolver] [39m[32mSettingsController {/admin/settings}:[39m[38;5;3m +0ms[39m
[32m[Nest] 296148  - [39m01/05/2026, 3:06:10 AM [32m    LOG[39m [38;5;3m[RouterExplorer] [39m[32mMapped {/admin/settings, GET} route[39m[38;5;3m +0ms[39m
[32m[Nest] 296148  - [39m01/05/2026, 3:06:10 AM [32m    LOG[39m [38;5;3m[RouterExplorer] [39m[32mMapped {/admin/settings/:key, GET} route[39m[38;5;3m +0ms[39m
[32m[Nest] 296148  - [39m01/05/2026, 3:06:10 AM [32m    LOG[39m [38;5;3m[RouterExplorer] [39m[32mMapped {/admin/settings, POST} route[39m[38;5;3m +0ms[39m
[32m[Nest] 296148  - [39m01/05/2026, 3:06:10 AM [32m    LOG[39m [38;5;3m[RouterExplorer] [39m[32mMapped {/admin/settings/:key, PATCH} route[39m[38;5;3m +0ms[39m
[32m[Nest] 296148  - [39m01/05/2026, 3:06:10 AM [32m    LOG[39m [38;5;3m[RouterExplorer] [39m[32mMapped {/admin/settings/:key, DELETE} route[39m[38;5;3m +0ms[39m
[32m[Nest] 296148  - [39m01/05/2026, 3:06:10 AM [32m    LOG[39m [38;5;3m[RoutesResolver] [39m[32mPaymentsController {/admin/payments}:[39m[38;5;3m +0ms[39m
[32m[Nest] 296148  - [39m01/05/2026, 3:06:10 AM [32m    LOG[39m [38;5;3m[RouterExplorer] [39m[32mMapped {/admin/payments/stats, GET} route[39m[38;5;3m +0ms[39m
[32m[Nest] 296148  - [39m01/05/2026, 3:06:10 AM [32m    LOG[39m [38;5;3m[RouterExplorer] [39m[32mMapped {/admin/payments, GET} route[39m[38;5;3m +0ms[39m
[32m[Nest] 296148  - [39m01/05/2026, 3:06:10 AM [32m    LOG[39m [38;5;3m[RouterExplorer] [39m[32mMapped {/admin/payments/:id, GET} route[39m[38;5;3m +1ms[39m
[32m[Nest] 296148  - [39m01/05/2026, 3:06:10 AM [32m    LOG[39m [38;5;3m[NestApplication] [39m[32mNest application successfully started[39m[38;5;3m +46ms[39m
[31m[Nest] 296148  - [39m01/05/2026, 3:06:10 AM [31m  ERROR[39m [38;5;3m[NestApplication] [39m[31mError: listen EADDRINUSE: address already in use :::3010[39m[38;5;3m +1ms[39m
Error: listen EADDRINUSE: address already in use :::3010
    at Server.setupListenHandle [as _listen2] (node:net:1908:16)
    at listenInCluster (node:net:1965:12)
    at Server.listen (node:net:2067:7)
    at ExpressAdapter.listen (/home/bayajidswe/My-files/my-projects/jatra-railway/node_modules/.pnpm/@nestjs+platform-express@10.4.20_@nestjs+common@10.4.20_class-transformer@0.5.1_class-v_bd7e093f0b2f45f3454d4c6bd5ff4f44/node_modules/@nestjs/platform-express/adapters/express-adapter.js:95:32)
    at /home/bayajidswe/My-files/my-projects/jatra-railway/node_modules/.pnpm/@nestjs+core@10.4.20_@nestjs+common@10.4.20_class-transformer@0.5.1_class-validator@0.1_6ee324c1921a1c6c0e69db7d70d61af1/node_modules/@nestjs/core/nest-application.js:183:30
    at new Promise (<anonymous>)
    at NestApplication.listen (/home/bayajidswe/My-files/my-projects/jatra-railway/node_modules/.pnpm/@nestjs+core@10.4.20_@nestjs+common@10.4.20_class-transformer@0.5.1_class-validator@0.1_6ee324c1921a1c6c0e69db7d70d61af1/node_modules/@nestjs/core/nest-application.js:173:16)
    at bootstrap (/home/bayajidswe/My-files/my-projects/jatra-railway/apps/admin-service/src/main.ts:45:3)
[ERROR] 03:06:10 Error: listen EADDRINUSE: address already in use :::3010
[INFO] 03:06:11 Restarting: /home/bayajidswe/My-files/my-projects/jatra-railway/apps/admin-service/src/seats/seats.service.ts has been modified
[32m[Nest] 296264  - [39m01/05/2026, 3:06:12 AM [32m    LOG[39m [38;5;3m[NestFactory] [39m[32mStarting Nest application...[39m
[32m[Nest] 296264  - [39m01/05/2026, 3:06:12 AM [32m    LOG[39m [38;5;3m[InstanceLoader] [39m[32mAppModule dependencies initialized[39m[38;5;3m +10ms[39m
[32m[Nest] 296264  - [39m01/05/2026, 3:06:12 AM [32m    LOG[39m [38;5;3m[InstanceLoader] [39m[32mPrismaModule dependencies initialized[39m[38;5;3m +0ms[39m
[32m[Nest] 296264  - [39m01/05/2026, 3:06:12 AM [32m    LOG[39m [38;5;3m[InstanceLoader] [39m[32mConfigHostModule dependencies initialized[39m[38;5;3m +1ms[39m
[32m[Nest] 296264  - [39m01/05/2026, 3:06:12 AM [32m    LOG[39m [38;5;3m[InstanceLoader] [39m[32mTrainsModule dependencies initialized[39m[38;5;3m +0ms[39m
[32m[Nest] 296264  - [39m01/05/2026, 3:06:12 AM [32m    LOG[39m [38;5;3m[InstanceLoader] [39m[32mRoutesModule dependencies initialized[39m[38;5;3m +0ms[39m
[32m[Nest] 296264  - [39m01/05/2026, 3:06:12 AM [32m    LOG[39m [38;5;3m[InstanceLoader] [39m[32mJourneysModule dependencies initialized[39m[38;5;3m +0ms[39m
[32m[Nest] 296264  - [39m01/05/2026, 3:06:12 AM [32m    LOG[39m [38;5;3m[InstanceLoader] [39m[32mStationsModule dependencies initialized[39m[38;5;3m +0ms[39m
[32m[Nest] 296264  - [39m01/05/2026, 3:06:12 AM [32m    LOG[39m [38;5;3m[InstanceLoader] [39m[32mUsersModule dependencies initialized[39m[38;5;3m +0ms[39m
[32m[Nest] 296264  - [39m01/05/2026, 3:06:12 AM [32m    LOG[39m [38;5;3m[InstanceLoader] [39m[32mBookingsModule dependencies initialized[39m[38;5;3m +0ms[39m
[32m[Nest] 296264  - [39m01/05/2026, 3:06:12 AM [32m    LOG[39m [38;5;3m[InstanceLoader] [39m[32mStatsModule dependencies initialized[39m[38;5;3m +0ms[39m
[32m[Nest] 296264  - [39m01/05/2026, 3:06:12 AM [32m    LOG[39m [38;5;3m[InstanceLoader] [39m[32mConfigModule dependencies initialized[39m[38;5;3m +0ms[39m
[32m[Nest] 296264  - [39m01/05/2026, 3:06:12 AM [32m    LOG[39m [38;5;3m[InstanceLoader] [39m[32mCoachesModule dependencies initialized[39m[38;5;3m +0ms[39m
[32m[Nest] 296264  - [39m01/05/2026, 3:06:12 AM [32m    LOG[39m [38;5;3m[InstanceLoader] [39m[32mSeatsModule dependencies initialized[39m[38;5;3m +0ms[39m
[32m[Nest] 296264  - [39m01/05/2026, 3:06:12 AM [32m    LOG[39m [38;5;3m[InstanceLoader] [39m[32mSettingsModule dependencies initialized[39m[38;5;3m +0ms[39m
[32m[Nest] 296264  - [39m01/05/2026, 3:06:12 AM [32m    LOG[39m [38;5;3m[InstanceLoader] [39m[32mPaymentsModule dependencies initialized[39m[38;5;3m +0ms[39m
[32m[Nest] 296264  - [39m01/05/2026, 3:06:12 AM [32m    LOG[39m [38;5;3m[RoutesResolver] [39m[32mTrainsController {/admin/trains}:[39m[38;5;3m +22ms[39m
[32m[Nest] 296264  - [39m01/05/2026, 3:06:12 AM [32m    LOG[39m [38;5;3m[RouterExplorer] [39m[32mMapped {/admin/trains, GET} route[39m[38;5;3m +1ms[39m
[32m[Nest] 296264  - [39m01/05/2026, 3:06:12 AM [32m    LOG[39m [38;5;3m[RouterExplorer] [39m[32mMapped {/admin/trains/:id, GET} route[39m[38;5;3m +0ms[39m
[32m[Nest] 296264  - [39m01/05/2026, 3:06:12 AM [32m    LOG[39m [38;5;3m[RouterExplorer] [39m[32mMapped {/admin/trains, POST} route[39m[38;5;3m +0ms[39m
[32m[Nest] 296264  - [39m01/05/2026, 3:06:12 AM [32m    LOG[39m [38;5;3m[RouterExplorer] [39m[32mMapped {/admin/trains/:id, PATCH} route[39m[38;5;3m +1ms[39m
[32m[Nest] 296264  - [39m01/05/2026, 3:06:12 AM [32m    LOG[39m [38;5;3m[RouterExplorer] [39m[32mMapped {/admin/trains/:id, DELETE} route[39m[38;5;3m +0ms[39m
[32m[Nest] 296264  - [39m01/05/2026, 3:06:12 AM [32m    LOG[39m [38;5;3m[RoutesResolver] [39m[32mRoutesController {/admin/routes}:[39m[38;5;3m +0ms[39m
[32m[Nest] 296264  - [39m01/05/2026, 3:06:12 AM [32m    LOG[39m [38;5;3m[RouterExplorer] [39m[32mMapped {/admin/routes, GET} route[39m[38;5;3m +0ms[39m
[32m[Nest] 296264  - [39m01/05/2026, 3:06:12 AM [32m    LOG[39m [38;5;3m[RouterExplorer] [39m[32mMapped {/admin/routes/:id, GET} route[39m[38;5;3m +0ms[39m
[32m[Nest] 296264  - [39m01/05/2026, 3:06:12 AM [32m    LOG[39m [38;5;3m[RouterExplorer] [39m[32mMapped {/admin/routes, POST} route[39m[38;5;3m +0ms[39m
[32m[Nest] 296264  - [39m01/05/2026, 3:06:12 AM [32m    LOG[39m [38;5;3m[RouterExplorer] [39m[32mMapped {/admin/routes/:id, PATCH} route[39m[38;5;3m +0ms[39m
[32m[Nest] 296264  - [39m01/05/2026, 3:06:12 AM [32m    LOG[39m [38;5;3m[RouterExplorer] [39m[32mMapped {/admin/routes/:id, DELETE} route[39m[38;5;3m +1ms[39m
[32m[Nest] 296264  - [39m01/05/2026, 3:06:12 AM [32m    LOG[39m [38;5;3m[RoutesResolver] [39m[32mJourneysController {/admin/journeys}:[39m[38;5;3m +0ms[39m
[32m[Nest] 296264  - [39m01/05/2026, 3:06:12 AM [32m    LOG[39m [38;5;3m[RouterExplorer] [39m[32mMapped {/admin/journeys, GET} route[39m[38;5;3m +0ms[39m
[32m[Nest] 296264  - [39m01/05/2026, 3:06:12 AM [32m    LOG[39m [38;5;3m[RouterExplorer] [39m[32mMapped {/admin/journeys/:id, GET} route[39m[38;5;3m +0ms[39m
[32m[Nest] 296264  - [39m01/05/2026, 3:06:12 AM [32m    LOG[39m [38;5;3m[RouterExplorer] [39m[32mMapped {/admin/journeys, POST} route[39m[38;5;3m +0ms[39m
[32m[Nest] 296264  - [39m01/05/2026, 3:06:12 AM [32m    LOG[39m [38;5;3m[RouterExplorer] [39m[32mMapped {/admin/journeys/:id, PATCH} route[39m[38;5;3m +0ms[39m
[32m[Nest] 296264  - [39m01/05/2026, 3:06:12 AM [32m    LOG[39m [38;5;3m[RouterExplorer] [39m[32mMapped {/admin/journeys/:id, DELETE} route[39m[38;5;3m +0ms[39m
[32m[Nest] 296264  - [39m01/05/2026, 3:06:12 AM [32m    LOG[39m [38;5;3m[RoutesResolver] [39m[32mStationsController {/admin/stations}:[39m[38;5;3m +0ms[39m
[32m[Nest] 296264  - [39m01/05/2026, 3:06:12 AM [32m    LOG[39m [38;5;3m[RouterExplorer] [39m[32mMapped {/admin/stations, GET} route[39m[38;5;3m +0ms[39m
[32m[Nest] 296264  - [39m01/05/2026, 3:06:12 AM [32m    LOG[39m [38;5;3m[RouterExplorer] [39m[32mMapped {/admin/stations/:id, GET} route[39m[38;5;3m +0ms[39m
[32m[Nest] 296264  - [39m01/05/2026, 3:06:12 AM [32m    LOG[39m [38;5;3m[RouterExplorer] [39m[32mMapped {/admin/stations, POST} route[39m[38;5;3m +0ms[39m
[32m[Nest] 296264  - [39m01/05/2026, 3:06:12 AM [32m    LOG[39m [38;5;3m[RouterExplorer] [39m[32mMapped {/admin/stations/:id, PATCH} route[39m[38;5;3m +0ms[39m
[32m[Nest] 296264  - [39m01/05/2026, 3:06:12 AM [32m    LOG[39m [38;5;3m[RouterExplorer] [39m[32mMapped {/admin/stations/:id, DELETE} route[39m[38;5;3m +0ms[39m
[32m[Nest] 296264  - [39m01/05/2026, 3:06:12 AM [32m    LOG[39m [38;5;3m[RoutesResolver] [39m[32mUsersController {/admin/users}:[39m[38;5;3m +0ms[39m
[32m[Nest] 296264  - [39m01/05/2026, 3:06:12 AM [32m    LOG[39m [38;5;3m[RouterExplorer] [39m[32mMapped {/admin/users, GET} route[39m[38;5;3m +0ms[39m
[32m[Nest] 296264  - [39m01/05/2026, 3:06:12 AM [32m    LOG[39m [38;5;3m[RouterExplorer] [39m[32mMapped {/admin/users/:id, GET} route[39m[38;5;3m +1ms[39m
[32m[Nest] 296264  - [39m01/05/2026, 3:06:12 AM [32m    LOG[39m [38;5;3m[RouterExplorer] [39m[32mMapped {/admin/users/:id, PATCH} route[39m[38;5;3m +0ms[39m
[32m[Nest] 296264  - [39m01/05/2026, 3:06:12 AM [32m    LOG[39m [38;5;3m[RoutesResolver] [39m[32mBookingsController {/admin/bookings}:[39m[38;5;3m +0ms[39m
[32m[Nest] 296264  - [39m01/05/2026, 3:06:12 AM [32m    LOG[39m [38;5;3m[RouterExplorer] [39m[32mMapped {/admin/bookings, GET} route[39m[38;5;3m +0ms[39m
[32m[Nest] 296264  - [39m01/05/2026, 3:06:12 AM [32m    LOG[39m [38;5;3m[RouterExplorer] [39m[32mMapped {/admin/bookings/:id, GET} route[39m[38;5;3m +0ms[39m
[32m[Nest] 296264  - [39m01/05/2026, 3:06:12 AM [32m    LOG[39m [38;5;3m[RoutesResolver] [39m[32mStatsController {/admin/stats}:[39m[38;5;3m +0ms[39m
[32m[Nest] 296264  - [39m01/05/2026, 3:06:12 AM [32m    LOG[39m [38;5;3m[RouterExplorer] [39m[32mMapped {/admin/stats/dashboard, GET} route[39m[38;5;3m +0ms[39m
[32m[Nest] 296264  - [39m01/05/2026, 3:06:12 AM [32m    LOG[39m [38;5;3m[RoutesResolver] [39m[32mCoachesController {/admin/coaches}:[39m[38;5;3m +0ms[39m
[32m[Nest] 296264  - [39m01/05/2026, 3:06:12 AM [32m    LOG[39m [38;5;3m[RouterExplorer] [39m[32mMapped {/admin/coaches, GET} route[39m[38;5;3m +0ms[39m
[32m[Nest] 296264  - [39m01/05/2026, 3:06:12 AM [32m    LOG[39m [38;5;3m[RouterExplorer] [39m[32mMapped {/admin/coaches/:id, GET} route[39m[38;5;3m +0ms[39m
[32m[Nest] 296264  - [39m01/05/2026, 3:06:12 AM [32m    LOG[39m [38;5;3m[RouterExplorer] [39m[32mMapped {/admin/coaches, POST} route[39m[38;5;3m +0ms[39m
[32m[Nest] 296264  - [39m01/05/2026, 3:06:12 AM [32m    LOG[39m [38;5;3m[RouterExplorer] [39m[32mMapped {/admin/coaches/:id, PATCH} route[39m[38;5;3m +0ms[39m
[32m[Nest] 296264  - [39m01/05/2026, 3:06:12 AM [32m    LOG[39m [38;5;3m[RouterExplorer] [39m[32mMapped {/admin/coaches/:id, DELETE} route[39m[38;5;3m +0ms[39m
[32m[Nest] 296264  - [39m01/05/2026, 3:06:12 AM [32m    LOG[39m [38;5;3m[RoutesResolver] [39m[32mSeatsController {/admin/seats}:[39m[38;5;3m +0ms[39m
[32m[Nest] 296264  - [39m01/05/2026, 3:06:12 AM [32m    LOG[39m [38;5;3m[RouterExplorer] [39m[32mMapped {/admin/seats, GET} route[39m[38;5;3m +0ms[39m
[32m[Nest] 296264  - [39m01/05/2026, 3:06:12 AM [32m    LOG[39m [38;5;3m[RouterExplorer] [39m[32mMapped {/admin/seats/:id, GET} route[39m[38;5;3m +0ms[39m
[32m[Nest] 296264  - [39m01/05/2026, 3:06:12 AM [32m    LOG[39m [38;5;3m[RouterExplorer] [39m[32mMapped {/admin/seats, POST} route[39m[38;5;3m +0ms[39m
[32m[Nest] 296264  - [39m01/05/2026, 3:06:12 AM [32m    LOG[39m [38;5;3m[RouterExplorer] [39m[32mMapped {/admin/seats/bulk, POST} route[39m[38;5;3m +0ms[39m
[32m[Nest] 296264  - [39m01/05/2026, 3:06:12 AM [32m    LOG[39m [38;5;3m[RouterExplorer] [39m[32mMapped {/admin/seats/:id, PATCH} route[39m[38;5;3m +0ms[39m
[32m[Nest] 296264  - [39m01/05/2026, 3:06:12 AM [32m    LOG[39m [38;5;3m[RouterExplorer] [39m[32mMapped {/admin/seats/:id, DELETE} route[39m[38;5;3m +0ms[39m
[32m[Nest] 296264  - [39m01/05/2026, 3:06:12 AM [32m    LOG[39m [38;5;3m[RoutesResolver] [39m[32mSettingsController {/admin/settings}:[39m[38;5;3m +0ms[39m
[32m[Nest] 296264  - [39m01/05/2026, 3:06:12 AM [32m    LOG[39m [38;5;3m[RouterExplorer] [39m[32mMapped {/admin/settings, GET} route[39m[38;5;3m +0ms[39m
[32m[Nest] 296264  - [39m01/05/2026, 3:06:12 AM [32m    LOG[39m [38;5;3m[RouterExplorer] [39m[32mMapped {/admin/settings/:key, GET} route[39m[38;5;3m +0ms[39m
[32m[Nest] 296264  - [39m01/05/2026, 3:06:12 AM [32m    LOG[39m [38;5;3m[RouterExplorer] [39m[32mMapped {/admin/settings, POST} route[39m[38;5;3m +0ms[39m
[32m[Nest] 296264  - [39m01/05/2026, 3:06:12 AM [32m    LOG[39m [38;5;3m[RouterExplorer] [39m[32mMapped {/admin/settings/:key, PATCH} route[39m[38;5;3m +0ms[39m
[32m[Nest] 296264  - [39m01/05/2026, 3:06:12 AM [32m    LOG[39m [38;5;3m[RouterExplorer] [39m[32mMapped {/admin/settings/:key, DELETE} route[39m[38;5;3m +0ms[39m
[32m[Nest] 296264  - [39m01/05/2026, 3:06:12 AM [32m    LOG[39m [38;5;3m[RoutesResolver] [39m[32mPaymentsController {/admin/payments}:[39m[38;5;3m +0ms[39m
[32m[Nest] 296264  - [39m01/05/2026, 3:06:12 AM [32m    LOG[39m [38;5;3m[RouterExplorer] [39m[32mMapped {/admin/payments/stats, GET} route[39m[38;5;3m +1ms[39m
[32m[Nest] 296264  - [39m01/05/2026, 3:06:12 AM [32m    LOG[39m [38;5;3m[RouterExplorer] [39m[32mMapped {/admin/payments, GET} route[39m[38;5;3m +0ms[39m
[32m[Nest] 296264  - [39m01/05/2026, 3:06:12 AM [32m    LOG[39m [38;5;3m[RouterExplorer] [39m[32mMapped {/admin/payments/:id, GET} route[39m[38;5;3m +0ms[39m
[32m[Nest] 296264  - [39m01/05/2026, 3:06:12 AM [32m    LOG[39m [38;5;3m[NestApplication] [39m[32mNest application successfully started[39m[38;5;3m +46ms[39m
🚀 Admin Service is running on: http://localhost:3010
📚 Swagger documentation: http://localhost:3010/api/docs
🔐 Admin operations - requires ADMIN role
[INFO] 03:09:50 Restarting: /home/bayajidswe/My-files/my-projects/jatra-railway/apps/admin-service/src/seats/seats.service.ts has been modified
[32m[Nest] 300068  - [39m01/05/2026, 3:09:50 AM [32m    LOG[39m [38;5;3m[NestFactory] [39m[32mStarting Nest application...[39m
[32m[Nest] 300068  - [39m01/05/2026, 3:09:50 AM [32m    LOG[39m [38;5;3m[InstanceLoader] [39m[32mAppModule dependencies initialized[39m[38;5;3m +14ms[39m
[32m[Nest] 300068  - [39m01/05/2026, 3:09:50 AM [32m    LOG[39m [38;5;3m[InstanceLoader] [39m[32mPrismaModule dependencies initialized[39m[38;5;3m +1ms[39m
[32m[Nest] 300068  - [39m01/05/2026, 3:09:50 AM [32m    LOG[39m [38;5;3m[InstanceLoader] [39m[32mConfigHostModule dependencies initialized[39m[38;5;3m +0ms[39m
[32m[Nest] 300068  - [39m01/05/2026, 3:09:50 AM [32m    LOG[39m [38;5;3m[InstanceLoader] [39m[32mTrainsModule dependencies initialized[39m[38;5;3m +1ms[39m
[32m[Nest] 300068  - [39m01/05/2026, 3:09:50 AM [32m    LOG[39m [38;5;3m[InstanceLoader] [39m[32mRoutesModule dependencies initialized[39m[38;5;3m +0ms[39m
[32m[Nest] 300068  - [39m01/05/2026, 3:09:50 AM [32m    LOG[39m [38;5;3m[InstanceLoader] [39m[32mJourneysModule dependencies initialized[39m[38;5;3m +0ms[39m
[32m[Nest] 300068  - [39m01/05/2026, 3:09:50 AM [32m    LOG[39m [38;5;3m[InstanceLoader] [39m[32mStationsModule dependencies initialized[39m[38;5;3m +0ms[39m
[32m[Nest] 300068  - [39m01/05/2026, 3:09:50 AM [32m    LOG[39m [38;5;3m[InstanceLoader] [39m[32mUsersModule dependencies initialized[39m[38;5;3m +0ms[39m
[32m[Nest] 300068  - [39m01/05/2026, 3:09:50 AM [32m    LOG[39m [38;5;3m[InstanceLoader] [39m[32mBookingsModule dependencies initialized[39m[38;5;3m +0ms[39m
[32m[Nest] 300068  - [39m01/05/2026, 3:09:50 AM [32m    LOG[39m [38;5;3m[InstanceLoader] [39m[32mStatsModule dependencies initialized[39m[38;5;3m +0ms[39m
[32m[Nest] 300068  - [39m01/05/2026, 3:09:50 AM [32m    LOG[39m [38;5;3m[InstanceLoader] [39m[32mConfigModule dependencies initialized[39m[38;5;3m +0ms[39m
[32m[Nest] 300068  - [39m01/05/2026, 3:09:50 AM [32m    LOG[39m [38;5;3m[InstanceLoader] [39m[32mCoachesModule dependencies initialized[39m[38;5;3m +0ms[39m
[32m[Nest] 300068  - [39m01/05/2026, 3:09:50 AM [32m    LOG[39m [38;5;3m[InstanceLoader] [39m[32mSeatsModule dependencies initialized[39m[38;5;3m +0ms[39m
[32m[Nest] 300068  - [39m01/05/2026, 3:09:50 AM [32m    LOG[39m [38;5;3m[InstanceLoader] [39m[32mSettingsModule dependencies initialized[39m[38;5;3m +0ms[39m
[32m[Nest] 300068  - [39m01/05/2026, 3:09:50 AM [32m    LOG[39m [38;5;3m[InstanceLoader] [39m[32mPaymentsModule dependencies initialized[39m[38;5;3m +0ms[39m
[32m[Nest] 300068  - [39m01/05/2026, 3:09:50 AM [32m    LOG[39m [38;5;3m[RoutesResolver] [39m[32mTrainsController {/admin/trains}:[39m[38;5;3m +35ms[39m
[32m[Nest] 300068  - [39m01/05/2026, 3:09:50 AM [32m    LOG[39m [38;5;3m[RouterExplorer] [39m[32mMapped {/admin/trains, GET} route[39m[38;5;3m +5ms[39m
[32m[Nest] 300068  - [39m01/05/2026, 3:09:50 AM [32m    LOG[39m [38;5;3m[RouterExplorer] [39m[32mMapped {/admin/trains/:id, GET} route[39m[38;5;3m +1ms[39m
[32m[Nest] 300068  - [39m01/05/2026, 3:09:50 AM [32m    LOG[39m [38;5;3m[RouterExplorer] [39m[32mMapped {/admin/trains, POST} route[39m[38;5;3m +0ms[39m
[32m[Nest] 300068  - [39m01/05/2026, 3:09:50 AM [32m    LOG[39m [38;5;3m[RouterExplorer] [39m[32mMapped {/admin/trains/:id, PATCH} route[39m[38;5;3m +0ms[39m
[32m[Nest] 300068  - [39m01/05/2026, 3:09:50 AM [32m    LOG[39m [38;5;3m[RouterExplorer] [39m[32mMapped {/admin/trains/:id, DELETE} route[39m[38;5;3m +1ms[39m
[32m[Nest] 300068  - [39m01/05/2026, 3:09:50 AM [32m    LOG[39m [38;5;3m[RoutesResolver] [39m[32mRoutesController {/admin/routes}:[39m[38;5;3m +0ms[39m
[32m[Nest] 300068  - [39m01/05/2026, 3:09:50 AM [32m    LOG[39m [38;5;3m[RouterExplorer] [39m[32mMapped {/admin/routes, GET} route[39m[38;5;3m +0ms[39m
[32m[Nest] 300068  - [39m01/05/2026, 3:09:50 AM [32m    LOG[39m [38;5;3m[RouterExplorer] [39m[32mMapped {/admin/routes/:id, GET} route[39m[38;5;3m +0ms[39m
[32m[Nest] 300068  - [39m01/05/2026, 3:09:50 AM [32m    LOG[39m [38;5;3m[RouterExplorer] [39m[32mMapped {/admin/routes, POST} route[39m[38;5;3m +0ms[39m
[32m[Nest] 300068  - [39m01/05/2026, 3:09:50 AM [32m    LOG[39m [38;5;3m[RouterExplorer] [39m[32mMapped {/admin/routes/:id, PATCH} route[39m[38;5;3m +1ms[39m
[32m[Nest] 300068  - [39m01/05/2026, 3:09:50 AM [32m    LOG[39m [38;5;3m[RouterExplorer] [39m[32mMapped {/admin/routes/:id, DELETE} route[39m[38;5;3m +0ms[39m
[32m[Nest] 300068  - [39m01/05/2026, 3:09:50 AM [32m    LOG[39m [38;5;3m[RoutesResolver] [39m[32mJourneysController {/admin/journeys}:[39m[38;5;3m +0ms[39m
[32m[Nest] 300068  - [39m01/05/2026, 3:09:50 AM [32m    LOG[39m [38;5;3m[RouterExplorer] [39m[32mMapped {/admin/journeys, GET} route[39m[38;5;3m +0ms[39m
[32m[Nest] 300068  - [39m01/05/2026, 3:09:50 AM [32m    LOG[39m [38;5;3m[RouterExplorer] [39m[32mMapped {/admin/journeys/:id, GET} route[39m[38;5;3m +0ms[39m
[32m[Nest] 300068  - [39m01/05/2026, 3:09:50 AM [32m    LOG[39m [38;5;3m[RouterExplorer] [39m[32mMapped {/admin/journeys, POST} route[39m[38;5;3m +1ms[39m
[32m[Nest] 300068  - [39m01/05/2026, 3:09:50 AM [32m    LOG[39m [38;5;3m[RouterExplorer] [39m[32mMapped {/admin/journeys/:id, PATCH} route[39m[38;5;3m +0ms[39m
[32m[Nest] 300068  - [39m01/05/2026, 3:09:50 AM [32m    LOG[39m [38;5;3m[RouterExplorer] [39m[32mMapped {/admin/journeys/:id, DELETE} route[39m[38;5;3m +0ms[39m
[32m[Nest] 300068  - [39m01/05/2026, 3:09:50 AM [32m    LOG[39m [38;5;3m[RoutesResolver] [39m[32mStationsController {/admin/stations}:[39m[38;5;3m +0ms[39m
[32m[Nest] 300068  - [39m01/05/2026, 3:09:50 AM [32m    LOG[39m [38;5;3m[RouterExplorer] [39m[32mMapped {/admin/stations, GET} route[39m[38;5;3m +0ms[39m
[32m[Nest] 300068  - [39m01/05/2026, 3:09:50 AM [32m    LOG[39m [38;5;3m[RouterExplorer] [39m[32mMapped {/admin/stations/:id, GET} route[39m[38;5;3m +0ms[39m
[32m[Nest] 300068  - [39m01/05/2026, 3:09:50 AM [32m    LOG[39m [38;5;3m[RouterExplorer] [39m[32mMapped {/admin/stations, POST} route[39m[38;5;3m +0ms[39m
[32m[Nest] 300068  - [39m01/05/2026, 3:09:50 AM [32m    LOG[39m [38;5;3m[RouterExplorer] [39m[32mMapped {/admin/stations/:id, PATCH} route[39m[38;5;3m +0ms[39m
[32m[Nest] 300068  - [39m01/05/2026, 3:09:50 AM [32m    LOG[39m [38;5;3m[RouterExplorer] [39m[32mMapped {/admin/stations/:id, DELETE} route[39m[38;5;3m +0ms[39m
[32m[Nest] 300068  - [39m01/05/2026, 3:09:50 AM [32m    LOG[39m [38;5;3m[RoutesResolver] [39m[32mUsersController {/admin/users}:[39m[38;5;3m +0ms[39m
[32m[Nest] 300068  - [39m01/05/2026, 3:09:50 AM [32m    LOG[39m [38;5;3m[RouterExplorer] [39m[32mMapped {/admin/users, GET} route[39m[38;5;3m +1ms[39m
[32m[Nest] 300068  - [39m01/05/2026, 3:09:50 AM [32m    LOG[39m [38;5;3m[RouterExplorer] [39m[32mMapped {/admin/users/:id, GET} route[39m[38;5;3m +0ms[39m
[32m[Nest] 300068  - [39m01/05/2026, 3:09:50 AM [32m    LOG[39m [38;5;3m[RouterExplorer] [39m[32mMapped {/admin/users/:id, PATCH} route[39m[38;5;3m +0ms[39m
[32m[Nest] 300068  - [39m01/05/2026, 3:09:50 AM [32m    LOG[39m [38;5;3m[RoutesResolver] [39m[32mBookingsController {/admin/bookings}:[39m[38;5;3m +0ms[39m
[32m[Nest] 300068  - [39m01/05/2026, 3:09:50 AM [32m    LOG[39m [38;5;3m[RouterExplorer] [39m[32mMapped {/admin/bookings, GET} route[39m[38;5;3m +0ms[39m
[32m[Nest] 300068  - [39m01/05/2026, 3:09:50 AM [32m    LOG[39m [38;5;3m[RouterExplorer] [39m[32mMapped {/admin/bookings/:id, GET} route[39m[38;5;3m +0ms[39m
[32m[Nest] 300068  - [39m01/05/2026, 3:09:50 AM [32m    LOG[39m [38;5;3m[RoutesResolver] [39m[32mStatsController {/admin/stats}:[39m[38;5;3m +0ms[39m
[32m[Nest] 300068  - [39m01/05/2026, 3:09:50 AM [32m    LOG[39m [38;5;3m[RouterExplorer] [39m[32mMapped {/admin/stats/dashboard, GET} route[39m[38;5;3m +0ms[39m
[32m[Nest] 300068  - [39m01/05/2026, 3:09:50 AM [32m    LOG[39m [38;5;3m[RoutesResolver] [39m[32mCoachesController {/admin/coaches}:[39m[38;5;3m +0ms[39m
[32m[Nest] 300068  - [39m01/05/2026, 3:09:50 AM [32m    LOG[39m [38;5;3m[RouterExplorer] [39m[32mMapped {/admin/coaches, GET} route[39m[38;5;3m +1ms[39m
[32m[Nest] 300068  - [39m01/05/2026, 3:09:50 AM [32m    LOG[39m [38;5;3m[RouterExplorer] [39m[32mMapped {/admin/coaches/:id, GET} route[39m[38;5;3m +0ms[39m
[32m[Nest] 300068  - [39m01/05/2026, 3:09:50 AM [32m    LOG[39m [38;5;3m[RouterExplorer] [39m[32mMapped {/admin/coaches, POST} route[39m[38;5;3m +0ms[39m
[32m[Nest] 300068  - [39m01/05/2026, 3:09:50 AM [32m    LOG[39m [38;5;3m[RouterExplorer] [39m[32mMapped {/admin/coaches/:id, PATCH} route[39m[38;5;3m +0ms[39m
[32m[Nest] 300068  - [39m01/05/2026, 3:09:50 AM [32m    LOG[39m [38;5;3m[RouterExplorer] [39m[32mMapped {/admin/coaches/:id, DELETE} route[39m[38;5;3m +0ms[39m
[32m[Nest] 300068  - [39m01/05/2026, 3:09:50 AM [32m    LOG[39m [38;5;3m[RoutesResolver] [39m[32mSeatsController {/admin/seats}:[39m[38;5;3m +0ms[39m
[32m[Nest] 300068  - [39m01/05/2026, 3:09:50 AM [32m    LOG[39m [38;5;3m[RouterExplorer] [39m[32mMapped {/admin/seats, GET} route[39m[38;5;3m +0ms[39m
[32m[Nest] 300068  - [39m01/05/2026, 3:09:50 AM [32m    LOG[39m [38;5;3m[RouterExplorer] [39m[32mMapped {/admin/seats/:id, GET} route[39m[38;5;3m +1ms[39m
[32m[Nest] 300068  - [39m01/05/2026, 3:09:50 AM [32m    LOG[39m [38;5;3m[RouterExplorer] [39m[32mMapped {/admin/seats, POST} route[39m[38;5;3m +0ms[39m
[32m[Nest] 300068  - [39m01/05/2026, 3:09:50 AM [32m    LOG[39m [38;5;3m[RouterExplorer] [39m[32mMapped {/admin/seats/bulk, POST} route[39m[38;5;3m +0ms[39m
[32m[Nest] 300068  - [39m01/05/2026, 3:09:50 AM [32m    LOG[39m [38;5;3m[RouterExplorer] [39m[32mMapped {/admin/seats/:id, PATCH} route[39m[38;5;3m +0ms[39m
[32m[Nest] 300068  - [39m01/05/2026, 3:09:50 AM [32m    LOG[39m [38;5;3m[RouterExplorer] [39m[32mMapped {/admin/seats/:id, DELETE} route[39m[38;5;3m +0ms[39m
[32m[Nest] 300068  - [39m01/05/2026, 3:09:50 AM [32m    LOG[39m [38;5;3m[RoutesResolver] [39m[32mSettingsController {/admin/settings}:[39m[38;5;3m +0ms[39m
[32m[Nest] 300068  - [39m01/05/2026, 3:09:50 AM [32m    LOG[39m [38;5;3m[RouterExplorer] [39m[32mMapped {/admin/settings, GET} route[39m[38;5;3m +0ms[39m
[32m[Nest] 300068  - [39m01/05/2026, 3:09:50 AM [32m    LOG[39m [38;5;3m[RouterExplorer] [39m[32mMapped {/admin/settings/:key, GET} route[39m[38;5;3m +0ms[39m
[32m[Nest] 300068  - [39m01/05/2026, 3:09:50 AM [32m    LOG[39m [38;5;3m[RouterExplorer] [39m[32mMapped {/admin/settings, POST} route[39m[38;5;3m +0ms[39m
[32m[Nest] 300068  - [39m01/05/2026, 3:09:50 AM [32m    LOG[39m [38;5;3m[RouterExplorer] [39m[32mMapped {/admin/settings/:key, PATCH} route[39m[38;5;3m +0ms[39m
[32m[Nest] 300068  - [39m01/05/2026, 3:09:50 AM [32m    LOG[39m [38;5;3m[RouterExplorer] [39m[32mMapped {/admin/settings/:key, DELETE} route[39m[38;5;3m +0ms[39m
[32m[Nest] 300068  - [39m01/05/2026, 3:09:50 AM [32m    LOG[39m [38;5;3m[RoutesResolver] [39m[32mPaymentsController {/admin/payments}:[39m[38;5;3m +0ms[39m
[32m[Nest] 300068  - [39m01/05/2026, 3:09:50 AM [32m    LOG[39m [38;5;3m[RouterExplorer] [39m[32mMapped {/admin/payments/stats, GET} route[39m[38;5;3m +0ms[39m
[32m[Nest] 300068  - [39m01/05/2026, 3:09:50 AM [32m    LOG[39m [38;5;3m[RouterExplorer] [39m[32mMapped {/admin/payments, GET} route[39m[38;5;3m +1ms[39m
[32m[Nest] 300068  - [39m01/05/2026, 3:09:50 AM [32m    LOG[39m [38;5;3m[RouterExplorer] [39m[32mMapped {/admin/payments/:id, GET} route[39m[38;5;3m +0ms[39m
[32m[Nest] 300068  - [39m01/05/2026, 3:09:50 AM [32m    LOG[39m [38;5;3m[NestApplication] [39m[32mNest application successfully started[39m[38;5;3m +56ms[39m
🚀 Admin Service is running on: http://localhost:3010
📚 Swagger documentation: http://localhost:3010/api/docs
🔐 Admin operations - requires ADMIN role
