nohup: ignoring input
2026/01/04 21:30:55 ✅ Configuration loaded successfully
2026/01/04 21:30:55 🌐 API Gateway will run on port: 30000
[GIN-debug] [WARNING] Running in "debug" mode. Switch to "release" mode in production.
 - using env:	export GIN_MODE=release
 - using code:	gin.SetMode(gin.ReleaseMode)

[GIN-debug] GET    /health                   --> github.com/BayajidAlam/jatra/api-gateway/routes.SetupRoutes.func1 (5 handlers)
[GIN-debug] POST   /api/v1/auth/register     --> github.com/BayajidAlam/jatra/api-gateway/proxy.ProxyRequest.func1 (5 handlers)
[GIN-debug] POST   /api/v1/auth/login        --> github.com/BayajidAlam/jatra/api-gateway/proxy.ProxyRequest.func1 (5 handlers)
[GIN-debug] POST   /api/v1/auth/refresh-token --> github.com/BayajidAlam/jatra/api-gateway/proxy.ProxyRequest.func1 (5 handlers)
[GIN-debug] POST   /api/v1/auth/logout       --> github.com/BayajidAlam/jatra/api-gateway/proxy.ProxyRequest.func1 (6 handlers)
[GIN-debug] GET    /api/v1/auth/me           --> github.com/BayajidAlam/jatra/api-gateway/proxy.ProxyRequest.func1 (6 handlers)
[GIN-debug] GET    /api/v1/users/me          --> github.com/BayajidAlam/jatra/api-gateway/proxy.ProxyRequest.func1 (6 handlers)
[GIN-debug] PATCH  /api/v1/users/me          --> github.com/BayajidAlam/jatra/api-gateway/proxy.ProxyRequest.func1 (6 handlers)
[GIN-debug] GET    /api/v1/trains            --> github.com/BayajidAlam/jatra/api-gateway/proxy.ProxyRequest.func1 (5 handlers)
[GIN-debug] GET    /api/v1/trains/:id        --> github.com/BayajidAlam/jatra/api-gateway/proxy.ProxyRequest.func1 (5 handlers)
[GIN-debug] GET    /api/v1/trains/number/:trainNumber --> github.com/BayajidAlam/jatra/api-gateway/proxy.ProxyRequest.func1 (5 handlers)
[GIN-debug] POST   /api/v1/trains            --> github.com/BayajidAlam/jatra/api-gateway/proxy.ProxyRequest.func1 (6 handlers)
[GIN-debug] GET    /api/v1/stations          --> github.com/BayajidAlam/jatra/api-gateway/proxy.ProxyRequest.func1 (5 handlers)
[GIN-debug] GET    /api/v1/stations/:id      --> github.com/BayajidAlam/jatra/api-gateway/proxy.ProxyRequest.func1 (5 handlers)
[GIN-debug] GET    /api/v1/stations/code/:code --> github.com/BayajidAlam/jatra/api-gateway/proxy.ProxyRequest.func1 (5 handlers)
[GIN-debug] POST   /api/v1/stations          --> github.com/BayajidAlam/jatra/api-gateway/proxy.ProxyRequest.func1 (6 handlers)
[GIN-debug] GET    /api/v1/routes            --> github.com/BayajidAlam/jatra/api-gateway/proxy.ProxyRequest.func1 (5 handlers)
[GIN-debug] GET    /api/v1/routes/:id        --> github.com/BayajidAlam/jatra/api-gateway/proxy.ProxyRequest.func1 (5 handlers)
[GIN-debug] POST   /api/v1/routes            --> github.com/BayajidAlam/jatra/api-gateway/proxy.ProxyRequest.func1 (6 handlers)
[GIN-debug] GET    /api/v1/journeys/search   --> github.com/BayajidAlam/jatra/api-gateway/proxy.ProxyRequest.func1 (5 handlers)
[GIN-debug] GET    /api/v1/journeys/:id      --> github.com/BayajidAlam/jatra/api-gateway/proxy.ProxyRequest.func1 (5 handlers)
[GIN-debug] GET    /api/v1/journeys/train/:trainId --> github.com/BayajidAlam/jatra/api-gateway/proxy.ProxyRequest.func1 (5 handlers)
[GIN-debug] POST   /api/v1/journeys          --> github.com/BayajidAlam/jatra/api-gateway/proxy.ProxyRequest.func1 (6 handlers)
[GIN-debug] POST   /api/v1/locks/acquire     --> github.com/BayajidAlam/jatra/api-gateway/proxy.ProxyRequest.func1 (6 handlers)
[GIN-debug] GET    /api/v1/locks/check/:id   --> github.com/BayajidAlam/jatra/api-gateway/proxy.ProxyRequest.func1 (6 handlers)
[GIN-debug] POST   /api/v1/locks/extend/:id  --> github.com/BayajidAlam/jatra/api-gateway/proxy.ProxyRequest.func1 (6 handlers)
[GIN-debug] POST   /api/v1/locks/release/:id --> github.com/BayajidAlam/jatra/api-gateway/proxy.ProxyRequest.func1 (6 handlers)
[GIN-debug] GET    /api/v1/locks/user/me     --> github.com/BayajidAlam/jatra/api-gateway/proxy.ProxyRequest.func1 (6 handlers)
[GIN-debug] POST   /api/v1/bookings/create   --> github.com/BayajidAlam/jatra/api-gateway/proxy.ProxyRequest.func1 (6 handlers)
[GIN-debug] GET    /api/v1/bookings          --> github.com/BayajidAlam/jatra/api-gateway/proxy.ProxyRequest.func1 (6 handlers)
[GIN-debug] GET    /api/v1/bookings/:id      --> github.com/BayajidAlam/jatra/api-gateway/proxy.ProxyRequest.func1 (6 handlers)
[GIN-debug] POST   /api/v1/bookings/:id/confirm --> github.com/BayajidAlam/jatra/api-gateway/proxy.ProxyRequest.func1 (6 handlers)
[GIN-debug] POST   /api/v1/bookings/:id/cancel --> github.com/BayajidAlam/jatra/api-gateway/proxy.ProxyRequest.func1 (6 handlers)
[GIN-debug] GET    /api/v1/tickets/:id       --> github.com/BayajidAlam/jatra/api-gateway/proxy.ProxyRequest.func1 (6 handlers)
[GIN-debug] GET    /api/v1/tickets/:id/pdf   --> github.com/BayajidAlam/jatra/api-gateway/proxy.ProxyRequest.func1 (6 handlers)
[GIN-debug] POST   /api/v1/payments/initiate --> github.com/BayajidAlam/jatra/api-gateway/proxy.ProxyRequest.func1 (6 handlers)
[GIN-debug] POST   /api/v1/payments/confirm  --> github.com/BayajidAlam/jatra/api-gateway/proxy.ProxyRequest.func1 (6 handlers)
[GIN-debug] GET    /api/v1/payments/:id      --> github.com/BayajidAlam/jatra/api-gateway/proxy.ProxyRequest.func1 (6 handlers)
[GIN-debug] GET    /api/v1/payments/reservation/:reservationId --> github.com/BayajidAlam/jatra/api-gateway/proxy.ProxyRequest.func1 (6 handlers)
[GIN-debug] GET    /api/v1/payments/user/:userId --> github.com/BayajidAlam/jatra/api-gateway/proxy.ProxyRequest.func1 (6 handlers)
[GIN-debug] POST   /api/v1/payments/:id/refund --> github.com/BayajidAlam/jatra/api-gateway/proxy.ProxyRequest.func1 (6 handlers)
[GIN-debug] POST   /api/v1/payments/:id/cancel --> github.com/BayajidAlam/jatra/api-gateway/proxy.ProxyRequest.func1 (6 handlers)
[GIN-debug] POST   /api/v1/gateway/webhook/sslcommerz/ipn --> github.com/BayajidAlam/jatra/api-gateway/proxy.ProxyRequest.func1 (5 handlers)
[GIN-debug] POST   /api/v1/gateway/webhook   --> github.com/BayajidAlam/jatra/api-gateway/proxy.ProxyRequest.func1 (5 handlers)
[GIN-debug] GET    /api/v1/gateway/status/:transactionId --> github.com/BayajidAlam/jatra/api-gateway/proxy.ProxyRequest.func1 (6 handlers)
[GIN-debug] GET    /api/v1/user/profile      --> github.com/BayajidAlam/jatra/api-gateway/proxy.ProxyRequest.func1 (6 handlers)
[GIN-debug] PATCH  /api/v1/user/profile      --> github.com/BayajidAlam/jatra/api-gateway/proxy.ProxyRequest.func1 (6 handlers)
[GIN-debug] POST   /api/v1/user/change-password --> github.com/BayajidAlam/jatra/api-gateway/proxy.ProxyRequest.func1 (6 handlers)
[GIN-debug] GET    /api/v1/user/passengers   --> github.com/BayajidAlam/jatra/api-gateway/proxy.ProxyRequest.func1 (6 handlers)
[GIN-debug] POST   /api/v1/user/passengers   --> github.com/BayajidAlam/jatra/api-gateway/proxy.ProxyRequest.func1 (6 handlers)
[GIN-debug] PATCH  /api/v1/user/passengers/:id --> github.com/BayajidAlam/jatra/api-gateway/proxy.ProxyRequest.func1 (6 handlers)
[GIN-debug] DELETE /api/v1/user/passengers/:id --> github.com/BayajidAlam/jatra/api-gateway/proxy.ProxyRequest.func1 (6 handlers)
[GIN-debug] GET    /api/v1/user/preferences  --> github.com/BayajidAlam/jatra/api-gateway/proxy.ProxyRequest.func1 (6 handlers)
[GIN-debug] PATCH  /api/v1/user/preferences  --> github.com/BayajidAlam/jatra/api-gateway/proxy.ProxyRequest.func1 (6 handlers)
[GIN-debug] GET    /api/v1/search/journeys   --> github.com/BayajidAlam/jatra/api-gateway/proxy.ProxyRequest.func1 (5 handlers)
[GIN-debug] GET    /api/v1/search/autocomplete --> github.com/BayajidAlam/jatra/api-gateway/proxy.ProxyRequest.func1 (5 handlers)
[GIN-debug] GET    /api/v1/search/suggestions --> github.com/BayajidAlam/jatra/api-gateway/proxy.ProxyRequest.func1 (5 handlers)
[GIN-debug] POST   /api/v1/search/cache/invalidate --> github.com/BayajidAlam/jatra/api-gateway/proxy.ProxyRequest.func1 (7 handlers)
[GIN-debug] GET    /api/v1/search/cache/stats --> github.com/BayajidAlam/jatra/api-gateway/proxy.ProxyRequest.func1 (7 handlers)
[GIN-debug] GET    /api/v1/admin/users       --> github.com/BayajidAlam/jatra/api-gateway/proxy.ProxyRequest.func1 (7 handlers)
[GIN-debug] GET    /api/v1/admin/users/:id   --> github.com/BayajidAlam/jatra/api-gateway/proxy.ProxyRequest.func1 (7 handlers)
[GIN-debug] PATCH  /api/v1/admin/users/:id   --> github.com/BayajidAlam/jatra/api-gateway/proxy.ProxyRequest.func1 (7 handlers)
[GIN-debug] POST   /api/v1/admin/trains      --> github.com/BayajidAlam/jatra/api-gateway/proxy.ProxyRequest.func1 (7 handlers)
[GIN-debug] PATCH  /api/v1/admin/trains/:id  --> github.com/BayajidAlam/jatra/api-gateway/proxy.ProxyRequest.func1 (7 handlers)
[GIN-debug] DELETE /api/v1/admin/trains/:id  --> github.com/BayajidAlam/jatra/api-gateway/proxy.ProxyRequest.func1 (7 handlers)
[GIN-debug] POST   /api/v1/admin/stations    --> github.com/BayajidAlam/jatra/api-gateway/proxy.ProxyRequest.func1 (7 handlers)
[GIN-debug] PATCH  /api/v1/admin/stations/:id --> github.com/BayajidAlam/jatra/api-gateway/proxy.ProxyRequest.func1 (7 handlers)
[GIN-debug] DELETE /api/v1/admin/stations/:id --> github.com/BayajidAlam/jatra/api-gateway/proxy.ProxyRequest.func1 (7 handlers)
[GIN-debug] POST   /api/v1/admin/routes      --> github.com/BayajidAlam/jatra/api-gateway/proxy.ProxyRequest.func1 (7 handlers)
[GIN-debug] PATCH  /api/v1/admin/routes/:id  --> github.com/BayajidAlam/jatra/api-gateway/proxy.ProxyRequest.func1 (7 handlers)
[GIN-debug] DELETE /api/v1/admin/routes/:id  --> github.com/BayajidAlam/jatra/api-gateway/proxy.ProxyRequest.func1 (7 handlers)
[GIN-debug] POST   /api/v1/admin/journeys    --> github.com/BayajidAlam/jatra/api-gateway/proxy.ProxyRequest.func1 (7 handlers)
[GIN-debug] PATCH  /api/v1/admin/journeys/:id --> github.com/BayajidAlam/jatra/api-gateway/proxy.ProxyRequest.func1 (7 handlers)
[GIN-debug] DELETE /api/v1/admin/journeys/:id --> github.com/BayajidAlam/jatra/api-gateway/proxy.ProxyRequest.func1 (7 handlers)
[GIN-debug] GET    /api/v1/admin/bookings    --> github.com/BayajidAlam/jatra/api-gateway/proxy.ProxyRequest.func1 (7 handlers)
[GIN-debug] PATCH  /api/v1/admin/bookings/:id/status --> github.com/BayajidAlam/jatra/api-gateway/proxy.ProxyRequest.func1 (7 handlers)
[GIN-debug] GET    /api/v1/admin/coaches     --> github.com/BayajidAlam/jatra/api-gateway/proxy.ProxyRequest.func1 (7 handlers)
[GIN-debug] GET    /api/v1/admin/coaches/:id --> github.com/BayajidAlam/jatra/api-gateway/proxy.ProxyRequest.func1 (7 handlers)
[GIN-debug] POST   /api/v1/admin/coaches     --> github.com/BayajidAlam/jatra/api-gateway/proxy.ProxyRequest.func1 (7 handlers)
[GIN-debug] PUT    /api/v1/admin/coaches/:id --> github.com/BayajidAlam/jatra/api-gateway/proxy.ProxyRequest.func1 (7 handlers)
[GIN-debug] DELETE /api/v1/admin/coaches/:id --> github.com/BayajidAlam/jatra/api-gateway/proxy.ProxyRequest.func1 (7 handlers)
[GIN-debug] GET    /api/v1/admin/seats       --> github.com/BayajidAlam/jatra/api-gateway/proxy.ProxyRequest.func1 (7 handlers)
[GIN-debug] GET    /api/v1/admin/seats/:id   --> github.com/BayajidAlam/jatra/api-gateway/proxy.ProxyRequest.func1 (7 handlers)
[GIN-debug] POST   /api/v1/admin/seats       --> github.com/BayajidAlam/jatra/api-gateway/proxy.ProxyRequest.func1 (7 handlers)
[GIN-debug] POST   /api/v1/admin/seats/bulk  --> github.com/BayajidAlam/jatra/api-gateway/proxy.ProxyRequest.func1 (7 handlers)
[GIN-debug] PUT    /api/v1/admin/seats/:id   --> github.com/BayajidAlam/jatra/api-gateway/proxy.ProxyRequest.func1 (7 handlers)
[GIN-debug] DELETE /api/v1/admin/seats/:id   --> github.com/BayajidAlam/jatra/api-gateway/proxy.ProxyRequest.func1 (7 handlers)
[GIN-debug] GET    /api/v1/admin/settings    --> github.com/BayajidAlam/jatra/api-gateway/proxy.ProxyRequest.func1 (7 handlers)
[GIN-debug] GET    /api/v1/admin/settings/:key --> github.com/BayajidAlam/jatra/api-gateway/proxy.ProxyRequest.func1 (7 handlers)
[GIN-debug] POST   /api/v1/admin/settings    --> github.com/BayajidAlam/jatra/api-gateway/proxy.ProxyRequest.func1 (7 handlers)
[GIN-debug] PUT    /api/v1/admin/settings/:key --> github.com/BayajidAlam/jatra/api-gateway/proxy.ProxyRequest.func1 (7 handlers)
[GIN-debug] DELETE /api/v1/admin/settings/:key --> github.com/BayajidAlam/jatra/api-gateway/proxy.ProxyRequest.func1 (7 handlers)
[GIN-debug] GET    /api/v1/admin/payments    --> github.com/BayajidAlam/jatra/api-gateway/proxy.ProxyRequest.func1 (7 handlers)
[GIN-debug] GET    /api/v1/admin/payments/stats --> github.com/BayajidAlam/jatra/api-gateway/proxy.ProxyRequest.func1 (7 handlers)
[GIN-debug] GET    /api/v1/admin/payments/:id --> github.com/BayajidAlam/jatra/api-gateway/proxy.ProxyRequest.func1 (7 handlers)
[GIN-debug] GET    /api/v1/admin/stats/dashboard --> github.com/BayajidAlam/jatra/api-gateway/proxy.ProxyRequest.func1 (7 handlers)
[GIN-debug] GET    /api/v1/reports/bookings  --> github.com/BayajidAlam/jatra/api-gateway/proxy.ProxyRequest.func1 (7 handlers)
[GIN-debug] GET    /api/v1/reports/bookings/export --> github.com/BayajidAlam/jatra/api-gateway/proxy.ProxyRequest.func1 (7 handlers)
[GIN-debug] GET    /api/v1/reports/revenue   --> github.com/BayajidAlam/jatra/api-gateway/proxy.ProxyRequest.func1 (7 handlers)
[GIN-debug] GET    /api/v1/reports/revenue/export --> github.com/BayajidAlam/jatra/api-gateway/proxy.ProxyRequest.func1 (7 handlers)
[GIN-debug] GET    /api/v1/reports/trains    --> github.com/BayajidAlam/jatra/api-gateway/proxy.ProxyRequest.func1 (7 handlers)
[GIN-debug] GET    /api/v1/reports/trains/export --> github.com/BayajidAlam/jatra/api-gateway/proxy.ProxyRequest.func1 (7 handlers)
[GIN-debug] GET    /api/v1/reports/users     --> github.com/BayajidAlam/jatra/api-gateway/proxy.ProxyRequest.func1 (7 handlers)
[GIN-debug] GET    /api/v1/reports/users/export --> github.com/BayajidAlam/jatra/api-gateway/proxy.ProxyRequest.func1 (7 handlers)
[GIN-debug] GET    /api/v1/reports/daily     --> github.com/BayajidAlam/jatra/api-gateway/proxy.ProxyRequest.func1 (7 handlers)
[GIN-debug] GET    /api/v1/reports/weekly    --> github.com/BayajidAlam/jatra/api-gateway/proxy.ProxyRequest.func1 (7 handlers)
[GIN-debug] GET    /api/v1/reports/monthly   --> github.com/BayajidAlam/jatra/api-gateway/proxy.ProxyRequest.func1 (7 handlers)
[GIN-debug] GET    /api/v1/reports/dashboard --> github.com/BayajidAlam/jatra/api-gateway/proxy.ProxyRequest.func1 (7 handlers)
2026/01/04 21:30:55 🚀 API Gateway starting on port 30000
2026/01/04 21:30:55 📚 Health check available at: http://localhost:30000/health
2026/01/04 21:30:55 🔐 JWT authentication enabled
2026/01/04 21:30:55 ⚡ Rate limiting enabled
2026/01/04 21:30:55 🌐 CORS enabled
[GIN-debug] [WARNING] You trusted all proxies, this is NOT safe. We recommend you to set a value.
Please check https://github.com/gin-gonic/gin/blob/master/docs/doc.md#dont-trust-all-proxies for details.
[GIN-debug] Listening and serving HTTP on :30000
2026/01/04 21:31:04 [GET] /api/v1/auth/me HTTP/1.1 | Status: 401 | Latency: 146.357µs | IP: ::1
2026/01/04 21:32:01 [OPTIONS] /api/v1/auth/login HTTP/1.1 | Status: 204 | Latency: 48.937µs | IP: ::1
2026/01/04 21:32:01 [POST] /api/v1/auth/login HTTP/1.1 | Status: 200 | Latency: 70.963536ms | IP: ::1
2026/01/04 21:32:01 [GET] /api/v1/auth/me HTTP/1.1 | Status: 401 | Latency: 277.968µs | IP: ::1
2026/01/04 21:32:01 [GET] /api/v1/auth/me HTTP/1.1 | Status: 401 | Latency: 141.672µs | IP: ::1
2026/01/04 21:32:01 [POST] /api/v1/auth/refresh-token HTTP/1.1 | Status: 500 | Latency: 22.225153ms | IP: ::1
2026/01/04 21:32:01 [POST] /api/v1/auth/refresh-token HTTP/1.1 | Status: 500 | Latency: 21.545268ms | IP: ::1
2026/01/04 21:32:42 [GET] /api/v1/auth/me HTTP/1.1 | Status: 401 | Latency: 109.873µs | IP: ::1
2026/01/04 21:34:03 [POST] /api/v1/auth/login HTTP/1.1 | Status: 200 | Latency: 56.678989ms | IP: ::1
2026/01/04 21:34:03 [GET] /api/v1/auth/me HTTP/1.1 | Status: 401 | Latency: 85.638µs | IP: ::1
2026/01/04 21:34:49 [POST] /api/v1/auth/login HTTP/1.1 | Status: 200 | Latency: 85.020422ms | IP: ::1
2026/01/04 21:34:49 [GET] /api/v1/auth/me HTTP/1.1 | Status: 401 | Latency: 121.39µs | IP: ::1
2026/01/04 21:35:41 [OPTIONS] /api/v1/auth/login HTTP/1.1 | Status: 204 | Latency: 46.155µs | IP: ::1
2026/01/04 21:35:41 [POST] /api/v1/auth/login HTTP/1.1 | Status: 200 | Latency: 56.192526ms | IP: ::1
2026/01/04 21:36:02 [OPTIONS] /api/v1/auth/login HTTP/1.1 | Status: 204 | Latency: 21.737µs | IP: ::1
2026/01/04 21:36:02 [POST] /api/v1/auth/login HTTP/1.1 | Status: 200 | Latency: 65.753379ms | IP: ::1
2026/01/04 21:38:16 [OPTIONS] /api/v1/auth/login HTTP/1.1 | Status: 204 | Latency: 21.895µs | IP: ::1
2026/01/04 21:38:16 [POST] /api/v1/auth/login HTTP/1.1 | Status: 200 | Latency: 55.437593ms | IP: ::1
2026/01/04 21:38:30 [GET] /api/v1/auth/me HTTP/1.1 | Status: 401 | Latency: 72.687µs | IP: ::1
2026/01/04 21:38:30 [POST] /api/v1/auth/refresh-token HTTP/1.1 | Status: 200 | Latency: 15.309686ms | IP: ::1
2026/01/04 21:38:30 [GET] /api/v1/auth/me HTTP/1.1 | Status: 401 | Latency: 107.104µs | IP: ::1
2026/01/04 21:38:40 [OPTIONS] /api/v1/auth/login HTTP/1.1 | Status: 204 | Latency: 17.514µs | IP: ::1
2026/01/04 21:38:40 [POST] /api/v1/auth/login HTTP/1.1 | Status: 200 | Latency: 66.626558ms | IP: ::1
2026/01/04 21:39:08 [GET] /api/v1/auth/me HTTP/1.1 | Status: 401 | Latency: 64.077µs | IP: ::1
2026/01/04 21:39:08 [POST] /api/v1/auth/refresh-token HTTP/1.1 | Status: 200 | Latency: 11.430565ms | IP: ::1
2026/01/04 21:39:08 [GET] /api/v1/auth/me HTTP/1.1 | Status: 401 | Latency: 91.926µs | IP: ::1
2026/01/04 21:39:10 [GET] /api/v1/auth/me HTTP/1.1 | Status: 401 | Latency: 93.735µs | IP: ::1
2026/01/04 21:39:10 [POST] /api/v1/auth/refresh-token HTTP/1.1 | Status: 200 | Latency: 7.946761ms | IP: ::1
2026/01/04 21:39:10 [GET] /api/v1/auth/me HTTP/1.1 | Status: 401 | Latency: 109.647µs | IP: ::1
2026/01/04 21:41:03 [GET] /api/v1/auth/me HTTP/1.1 | Status: 401 | Latency: 306.234µs | IP: ::1
2026/01/04 21:41:03 [POST] /api/v1/auth/refresh-token HTTP/1.1 | Status: 200 | Latency: 21.045091ms | IP: ::1
2026/01/04 21:41:03 [GET] /api/v1/auth/me HTTP/1.1 | Status: 401 | Latency: 113.676µs | IP: ::1
2026/01/04 21:41:14 [GET] /api/v1/auth/me HTTP/1.1 | Status: 401 | Latency: 68.503µs | IP: ::1
2026/01/04 21:41:15 [POST] /api/v1/auth/refresh-token HTTP/1.1 | Status: 200 | Latency: 8.848845ms | IP: ::1
2026/01/04 21:41:15 [GET] /api/v1/auth/me HTTP/1.1 | Status: 401 | Latency: 112.68µs | IP: ::1
2026/01/04 21:41:17 [GET] /api/v1/auth/me HTTP/1.1 | Status: 401 | Latency: 62.866µs | IP: ::1
2026/01/04 21:41:17 [POST] /api/v1/auth/refresh-token HTTP/1.1 | Status: 200 | Latency: 14.210192ms | IP: ::1
2026/01/04 21:41:17 [GET] /api/v1/auth/me HTTP/1.1 | Status: 401 | Latency: 93.926µs | IP: ::1
2026/01/04 21:41:23 [GET] /api/v1/auth/me HTTP/1.1 | Status: 401 | Latency: 60.797µs | IP: ::1
2026/01/04 21:41:23 [POST] /api/v1/auth/refresh-token HTTP/1.1 | Status: 200 | Latency: 8.722656ms | IP: ::1
2026/01/04 21:41:23 [GET] /api/v1/auth/me HTTP/1.1 | Status: 401 | Latency: 115.602µs | IP: ::1
2026/01/04 21:42:44 [GET] /api/v1/auth/me HTTP/1.1 | Status: 401 | Latency: 225.732µs | IP: ::1
2026/01/04 21:42:44 [POST] /api/v1/auth/refresh-token HTTP/1.1 | Status: 200 | Latency: 38.25205ms | IP: ::1
2026/01/04 21:42:44 [GET] /api/v1/auth/me HTTP/1.1 | Status: 401 | Latency: 137.364µs | IP: ::1
2026/01/04 21:42:55 [GET] /api/v1/auth/me HTTP/1.1 | Status: 401 | Latency: 65.045µs | IP: ::1
2026/01/04 21:42:55 [POST] /api/v1/auth/refresh-token HTTP/1.1 | Status: 500 | Latency: 2.106054ms | IP: ::1
2026/01/04 21:42:56 [GET] /api/v1/auth/me HTTP/1.1 | Status: 401 | Latency: 26.207µs | IP: ::1
2026/01/04 21:42:56 [POST] /api/v1/auth/refresh-token HTTP/1.1 | Status: 500 | Latency: 1.884529ms | IP: ::1
2026/01/04 21:42:57 [GET] /api/v1/auth/me HTTP/1.1 | Status: 401 | Latency: 32.113µs | IP: ::1
2026/01/04 21:42:57 [POST] /api/v1/auth/refresh-token HTTP/1.1 | Status: 500 | Latency: 1.27255ms | IP: ::1
2026/01/04 21:42:57 [GET] /api/v1/auth/me HTTP/1.1 | Status: 401 | Latency: 45.82µs | IP: ::1
2026/01/04 21:42:57 [POST] /api/v1/auth/refresh-token HTTP/1.1 | Status: 500 | Latency: 2.265747ms | IP: ::1
2026/01/04 21:42:58 [GET] /api/v1/auth/me HTTP/1.1 | Status: 401 | Latency: 47.384µs | IP: ::1
2026/01/04 21:42:58 [POST] /api/v1/auth/refresh-token HTTP/1.1 | Status: 500 | Latency: 1.717054ms | IP: ::1
2026/01/04 21:42:59 [GET] /api/v1/auth/me HTTP/1.1 | Status: 401 | Latency: 23.352µs | IP: ::1
2026/01/04 21:42:59 [POST] /api/v1/auth/refresh-token HTTP/1.1 | Status: 503 | Latency: 36.037µs | IP: ::1
2026/01/04 21:42:59 [GET] /api/v1/auth/me HTTP/1.1 | Status: 401 | Latency: 44.626µs | IP: ::1
2026/01/04 21:42:59 [POST] /api/v1/auth/refresh-token HTTP/1.1 | Status: 503 | Latency: 44.783µs | IP: ::1
2026/01/04 21:43:00 [GET] /api/v1/auth/me HTTP/1.1 | Status: 401 | Latency: 40.973µs | IP: ::1
2026/01/04 21:43:00 [POST] /api/v1/auth/refresh-token HTTP/1.1 | Status: 503 | Latency: 56.146µs | IP: ::1
2026/01/04 21:43:00 [GET] /api/v1/auth/me HTTP/1.1 | Status: 401 | Latency: 20.689µs | IP: ::1
2026/01/04 21:43:00 [POST] /api/v1/auth/refresh-token HTTP/1.1 | Status: 503 | Latency: 36.495µs | IP: ::1
2026/01/04 21:43:01 [GET] /api/v1/auth/me HTTP/1.1 | Status: 401 | Latency: 30.284µs | IP: ::1
2026/01/04 21:43:01 [POST] /api/v1/auth/refresh-token HTTP/1.1 | Status: 503 | Latency: 125.091µs | IP: ::1
2026/01/04 21:43:01 [GET] /api/v1/auth/me HTTP/1.1 | Status: 401 | Latency: 52.568µs | IP: ::1
2026/01/04 21:43:01 [POST] /api/v1/auth/refresh-token HTTP/1.1 | Status: 503 | Latency: 31.59µs | IP: ::1
2026/01/04 21:43:02 [GET] /api/v1/auth/me HTTP/1.1 | Status: 401 | Latency: 93.95µs | IP: ::1
2026/01/04 21:43:02 [POST] /api/v1/auth/refresh-token HTTP/1.1 | Status: 503 | Latency: 32.83µs | IP: ::1
2026/01/04 21:43:02 [GET] /api/v1/auth/me HTTP/1.1 | Status: 401 | Latency: 33.266µs | IP: ::1
2026/01/04 21:43:02 [POST] /api/v1/auth/refresh-token HTTP/1.1 | Status: 503 | Latency: 45.606µs | IP: ::1
2026/01/04 21:43:03 [GET] /api/v1/auth/me HTTP/1.1 | Status: 401 | Latency: 30.134µs | IP: ::1
2026/01/04 21:43:03 [POST] /api/v1/auth/refresh-token HTTP/1.1 | Status: 503 | Latency: 33.201µs | IP: ::1
2026/01/04 21:43:03 [GET] /api/v1/auth/me HTTP/1.1 | Status: 401 | Latency: 37.961µs | IP: ::1
2026/01/04 21:43:03 [POST] /api/v1/auth/refresh-token HTTP/1.1 | Status: 503 | Latency: 38.081µs | IP: ::1
2026/01/04 21:43:04 [GET] /api/v1/auth/me HTTP/1.1 | Status: 401 | Latency: 56.744µs | IP: ::1
2026/01/04 21:43:04 [POST] /api/v1/auth/refresh-token HTTP/1.1 | Status: 503 | Latency: 29.578µs | IP: ::1
2026/01/04 21:43:05 [GET] /api/v1/auth/me HTTP/1.1 | Status: 401 | Latency: 24.996µs | IP: ::1
2026/01/04 21:43:05 [POST] /api/v1/auth/refresh-token HTTP/1.1 | Status: 503 | Latency: 34.916µs | IP: ::1
2026/01/04 21:43:05 [GET] /api/v1/auth/me HTTP/1.1 | Status: 401 | Latency: 115.561µs | IP: ::1
2026/01/04 21:43:05 [POST] /api/v1/auth/refresh-token HTTP/1.1 | Status: 503 | Latency: 44.657µs | IP: ::1
2026/01/04 21:43:06 [GET] /api/v1/auth/me HTTP/1.1 | Status: 401 | Latency: 29.215µs | IP: ::1
2026/01/04 21:43:06 [POST] /api/v1/auth/refresh-token HTTP/1.1 | Status: 503 | Latency: 33.462µs | IP: ::1
2026/01/04 21:43:06 [GET] /api/v1/auth/me HTTP/1.1 | Status: 401 | Latency: 35.998µs | IP: ::1
2026/01/04 21:43:06 [POST] /api/v1/auth/refresh-token HTTP/1.1 | Status: 503 | Latency: 24.456µs | IP: ::1
2026/01/04 21:43:07 [GET] /api/v1/auth/me HTTP/1.1 | Status: 401 | Latency: 25.449µs | IP: ::1
2026/01/04 21:43:07 [POST] /api/v1/auth/refresh-token HTTP/1.1 | Status: 503 | Latency: 43.514µs | IP: ::1
2026/01/04 21:43:07 [GET] /api/v1/auth/me HTTP/1.1 | Status: 401 | Latency: 44.474µs | IP: ::1
2026/01/04 21:43:07 [POST] /api/v1/auth/refresh-token HTTP/1.1 | Status: 503 | Latency: 81.167µs | IP: ::1
2026/01/04 21:43:08 [GET] /api/v1/auth/me HTTP/1.1 | Status: 401 | Latency: 44.423µs | IP: ::1
2026/01/04 21:43:08 [POST] /api/v1/auth/refresh-token HTTP/1.1 | Status: 503 | Latency: 41.873µs | IP: ::1
2026/01/04 21:43:08 [GET] /api/v1/auth/me HTTP/1.1 | Status: 401 | Latency: 40.162µs | IP: ::1
2026/01/04 21:43:08 [POST] /api/v1/auth/refresh-token HTTP/1.1 | Status: 503 | Latency: 46.135µs | IP: ::1
2026/01/04 21:43:09 [GET] /api/v1/auth/me HTTP/1.1 | Status: 401 | Latency: 27.412µs | IP: ::1
2026/01/04 21:43:09 [POST] /api/v1/auth/refresh-token HTTP/1.1 | Status: 503 | Latency: 40.458µs | IP: ::1
2026/01/04 21:43:09 [GET] /api/v1/auth/me HTTP/1.1 | Status: 401 | Latency: 131.572µs | IP: ::1
2026/01/04 21:43:09 [GET] /api/v1/auth/me HTTP/1.1 | Status: 401 | Latency: 97.574µs | IP: ::1
2026/01/04 21:43:09 [POST] /api/v1/auth/refresh-token HTTP/1.1 | Status: 503 | Latency: 62.775µs | IP: ::1
2026/01/04 21:43:09 [POST] /api/v1/auth/refresh-token HTTP/1.1 | Status: 503 | Latency: 53.933µs | IP: ::1
2026/01/04 21:43:10 [GET] /api/v1/auth/me HTTP/1.1 | Status: 401 | Latency: 33.408µs | IP: ::1
2026/01/04 21:43:10 [POST] /api/v1/auth/refresh-token HTTP/1.1 | Status: 503 | Latency: 54.55µs | IP: ::1
2026/01/04 21:43:11 [GET] /api/v1/auth/me HTTP/1.1 | Status: 401 | Latency: 40.994µs | IP: ::1
2026/01/04 21:43:11 [POST] /api/v1/auth/refresh-token HTTP/1.1 | Status: 503 | Latency: 60.937µs | IP: ::1
2026/01/04 21:43:11 [GET] /api/v1/auth/me HTTP/1.1 | Status: 401 | Latency: 30.649µs | IP: ::1
2026/01/04 21:43:11 [POST] /api/v1/auth/refresh-token HTTP/1.1 | Status: 503 | Latency: 46.381µs | IP: ::1
2026/01/04 21:43:11 [GET] /api/v1/auth/me HTTP/1.1 | Status: 401 | Latency: 35.325µs | IP: ::1
2026/01/04 21:43:11 [POST] /api/v1/auth/refresh-token HTTP/1.1 | Status: 503 | Latency: 31.181µs | IP: ::1
2026/01/04 21:43:12 [GET] /api/v1/auth/me HTTP/1.1 | Status: 401 | Latency: 49.795µs | IP: ::1
2026/01/04 21:43:12 [POST] /api/v1/auth/refresh-token HTTP/1.1 | Status: 503 | Latency: 41.852µs | IP: ::1
2026/01/04 21:43:12 [GET] /api/v1/auth/me HTTP/1.1 | Status: 401 | Latency: 61.254µs | IP: ::1
2026/01/04 21:43:12 [POST] /api/v1/auth/refresh-token HTTP/1.1 | Status: 503 | Latency: 24.561µs | IP: ::1
2026/01/04 21:43:12 [GET] /api/v1/auth/me HTTP/1.1 | Status: 401 | Latency: 50.224µs | IP: ::1
2026/01/04 21:43:12 [POST] /api/v1/auth/refresh-token HTTP/1.1 | Status: 503 | Latency: 38.95µs | IP: ::1
2026/01/04 21:43:12 [GET] /api/v1/auth/me HTTP/1.1 | Status: 401 | Latency: 29.152µs | IP: ::1
2026/01/04 21:43:12 [POST] /api/v1/auth/refresh-token HTTP/1.1 | Status: 503 | Latency: 34.595µs | IP: ::1
2026/01/04 21:43:13 [GET] /api/v1/auth/me HTTP/1.1 | Status: 401 | Latency: 26.357µs | IP: ::1
2026/01/04 21:43:13 [POST] /api/v1/auth/refresh-token HTTP/1.1 | Status: 503 | Latency: 47.33µs | IP: ::1
2026/01/04 21:43:13 [GET] /api/v1/auth/me HTTP/1.1 | Status: 401 | Latency: 26.936µs | IP: ::1
2026/01/04 21:43:13 [POST] /api/v1/auth/refresh-token HTTP/1.1 | Status: 503 | Latency: 41.373µs | IP: ::1
2026/01/04 21:43:13 [GET] /api/v1/auth/me HTTP/1.1 | Status: 401 | Latency: 24.392µs | IP: ::1
2026/01/04 21:43:14 [POST] /api/v1/auth/refresh-token HTTP/1.1 | Status: 503 | Latency: 37.87µs | IP: ::1
2026/01/04 21:43:14 [GET] /api/v1/auth/me HTTP/1.1 | Status: 401 | Latency: 25.716µs | IP: ::1
2026/01/04 21:43:14 [POST] /api/v1/auth/refresh-token HTTP/1.1 | Status: 503 | Latency: 59.891µs | IP: ::1
2026/01/04 21:43:14 [GET] /api/v1/auth/me HTTP/1.1 | Status: 401 | Latency: 32.843µs | IP: ::1
2026/01/04 21:43:14 [POST] /api/v1/auth/refresh-token HTTP/1.1 | Status: 503 | Latency: 76.489µs | IP: ::1
2026/01/04 21:43:15 [GET] /api/v1/auth/me HTTP/1.1 | Status: 401 | Latency: 19.677µs | IP: ::1
2026/01/04 21:43:15 [POST] /api/v1/auth/refresh-token HTTP/1.1 | Status: 503 | Latency: 36.935µs | IP: ::1
2026/01/04 21:43:15 [GET] /api/v1/auth/me HTTP/1.1 | Status: 401 | Latency: 46.319µs | IP: ::1
2026/01/04 21:43:15 [POST] /api/v1/auth/refresh-token HTTP/1.1 | Status: 503 | Latency: 32.522µs | IP: ::1
2026/01/04 21:43:15 [GET] /api/v1/auth/me HTTP/1.1 | Status: 401 | Latency: 47.89µs | IP: ::1
2026/01/04 21:43:15 [POST] /api/v1/auth/refresh-token HTTP/1.1 | Status: 503 | Latency: 37.795µs | IP: ::1
2026/01/04 21:43:16 [GET] /api/v1/auth/me HTTP/1.1 | Status: 401 | Latency: 22.576µs | IP: ::1
2026/01/04 21:43:16 [POST] /api/v1/auth/refresh-token HTTP/1.1 | Status: 503 | Latency: 32.524µs | IP: ::1
2026/01/04 21:43:16 [GET] /api/v1/auth/me HTTP/1.1 | Status: 401 | Latency: 42.091µs | IP: ::1
2026/01/04 21:43:16 [POST] /api/v1/auth/refresh-token HTTP/1.1 | Status: 503 | Latency: 30.941µs | IP: ::1
2026/01/04 21:43:16 [GET] /api/v1/auth/me HTTP/1.1 | Status: 401 | Latency: 22.117µs | IP: ::1
2026/01/04 21:43:16 [POST] /api/v1/auth/refresh-token HTTP/1.1 | Status: 503 | Latency: 30.928µs | IP: ::1
2026/01/04 21:43:17 [GET] /api/v1/auth/me HTTP/1.1 | Status: 401 | Latency: 55.223µs | IP: ::1
2026/01/04 21:43:17 [POST] /api/v1/auth/refresh-token HTTP/1.1 | Status: 503 | Latency: 32.22µs | IP: ::1
2026/01/04 21:43:17 [GET] /api/v1/auth/me HTTP/1.1 | Status: 401 | Latency: 23.837µs | IP: ::1
2026/01/04 21:43:17 [POST] /api/v1/auth/refresh-token HTTP/1.1 | Status: 503 | Latency: 61.946µs | IP: ::1
2026/01/04 21:43:18 [GET] /api/v1/auth/me HTTP/1.1 | Status: 401 | Latency: 20.075µs | IP: ::1
2026/01/04 21:43:18 [POST] /api/v1/auth/refresh-token HTTP/1.1 | Status: 503 | Latency: 111.77µs | IP: ::1
2026/01/04 21:43:18 [GET] /api/v1/auth/me HTTP/1.1 | Status: 401 | Latency: 58.47µs | IP: ::1
2026/01/04 21:43:18 [POST] /api/v1/auth/refresh-token HTTP/1.1 | Status: 503 | Latency: 42.425µs | IP: ::1
2026/01/04 21:43:19 [GET] /api/v1/auth/me HTTP/1.1 | Status: 401 | Latency: 39.919µs | IP: ::1
2026/01/04 21:43:19 [POST] /api/v1/auth/refresh-token HTTP/1.1 | Status: 503 | Latency: 24.126µs | IP: ::1
2026/01/04 21:43:19 [GET] /api/v1/auth/me HTTP/1.1 | Status: 401 | Latency: 27.2µs | IP: ::1
2026/01/04 21:43:19 [POST] /api/v1/auth/refresh-token HTTP/1.1 | Status: 503 | Latency: 47.66µs | IP: ::1
2026/01/04 21:43:19 [GET] /api/v1/auth/me HTTP/1.1 | Status: 401 | Latency: 26.939µs | IP: ::1
2026/01/04 21:43:19 [POST] /api/v1/auth/refresh-token HTTP/1.1 | Status: 503 | Latency: 47.419µs | IP: ::1
2026/01/04 21:43:20 [GET] /api/v1/auth/me HTTP/1.1 | Status: 401 | Latency: 25.137µs | IP: ::1
2026/01/04 21:43:20 [POST] /api/v1/auth/refresh-token HTTP/1.1 | Status: 503 | Latency: 33.558µs | IP: ::1
2026/01/04 21:43:20 [GET] /api/v1/auth/me HTTP/1.1 | Status: 401 | Latency: 26.976µs | IP: ::1
2026/01/04 21:43:20 [POST] /api/v1/auth/refresh-token HTTP/1.1 | Status: 503 | Latency: 83.156µs | IP: ::1
2026/01/04 21:43:21 [GET] /api/v1/auth/me HTTP/1.1 | Status: 401 | Latency: 28.126µs | IP: ::1
2026/01/04 21:43:21 [POST] /api/v1/auth/refresh-token HTTP/1.1 | Status: 503 | Latency: 31.158µs | IP: ::1
2026/01/04 21:43:21 [GET] /api/v1/auth/me HTTP/1.1 | Status: 401 | Latency: 29.804µs | IP: ::1
2026/01/04 21:43:21 [POST] /api/v1/auth/refresh-token HTTP/1.1 | Status: 503 | Latency: 67.158µs | IP: ::1
2026/01/04 21:43:21 [GET] /api/v1/auth/me HTTP/1.1 | Status: 401 | Latency: 53.314µs | IP: ::1
2026/01/04 21:43:21 [POST] /api/v1/auth/refresh-token HTTP/1.1 | Status: 503 | Latency: 36.569µs | IP: ::1
2026/01/04 21:43:22 [GET] /api/v1/auth/me HTTP/1.1 | Status: 401 | Latency: 28.452µs | IP: ::1
2026/01/04 21:43:22 [POST] /api/v1/auth/refresh-token HTTP/1.1 | Status: 503 | Latency: 30.491µs | IP: ::1
2026/01/04 21:43:22 [GET] /api/v1/auth/me HTTP/1.1 | Status: 401 | Latency: 27.535µs | IP: ::1
2026/01/04 21:43:22 [POST] /api/v1/auth/refresh-token HTTP/1.1 | Status: 503 | Latency: 33.452µs | IP: ::1
2026/01/04 21:43:22 [GET] /api/v1/auth/me HTTP/1.1 | Status: 401 | Latency: 24.505µs | IP: ::1
2026/01/04 21:43:22 [POST] /api/v1/auth/refresh-token HTTP/1.1 | Status: 503 | Latency: 34.698µs | IP: ::1
2026/01/04 21:43:23 [GET] /api/v1/auth/me HTTP/1.1 | Status: 401 | Latency: 34.502µs | IP: ::1
2026/01/04 21:43:23 [POST] /api/v1/auth/refresh-token HTTP/1.1 | Status: 503 | Latency: 39.749µs | IP: ::1
2026/01/04 21:43:23 [GET] /api/v1/auth/me HTTP/1.1 | Status: 401 | Latency: 30.422µs | IP: ::1
2026/01/04 21:43:23 [POST] /api/v1/auth/refresh-token HTTP/1.1 | Status: 503 | Latency: 59.794µs | IP: ::1
2026/01/04 21:43:23 [GET] /api/v1/auth/me HTTP/1.1 | Status: 401 | Latency: 75.816µs | IP: ::1
2026/01/04 21:43:23 [POST] /api/v1/auth/refresh-token HTTP/1.1 | Status: 503 | Latency: 35.471µs | IP: ::1
2026/01/04 21:43:24 [GET] /api/v1/auth/me HTTP/1.1 | Status: 401 | Latency: 64.156µs | IP: ::1
2026/01/04 21:43:24 [POST] /api/v1/auth/refresh-token HTTP/1.1 | Status: 503 | Latency: 35.671µs | IP: ::1
2026/01/04 21:43:24 [GET] /api/v1/auth/me HTTP/1.1 | Status: 401 | Latency: 30.255µs | IP: ::1
2026/01/04 21:43:24 [POST] /api/v1/auth/refresh-token HTTP/1.1 | Status: 503 | Latency: 97.292µs | IP: ::1
2026/01/04 21:43:25 [GET] /api/v1/auth/me HTTP/1.1 | Status: 401 | Latency: 24.235µs | IP: ::1
2026/01/04 21:43:25 [POST] /api/v1/auth/refresh-token HTTP/1.1 | Status: 503 | Latency: 31.465µs | IP: ::1
2026/01/04 21:43:25 [GET] /api/v1/auth/me HTTP/1.1 | Status: 401 | Latency: 25.943µs | IP: ::1
2026/01/04 21:43:25 [POST] /api/v1/auth/refresh-token HTTP/1.1 | Status: 503 | Latency: 29.487µs | IP: ::1
2026/01/04 21:43:25 [GET] /api/v1/auth/me HTTP/1.1 | Status: 401 | Latency: 47.107µs | IP: ::1
2026/01/04 21:43:25 [POST] /api/v1/auth/refresh-token HTTP/1.1 | Status: 503 | Latency: 72.5µs | IP: ::1
2026/01/04 21:43:26 [GET] /api/v1/auth/me HTTP/1.1 | Status: 401 | Latency: 33.149µs | IP: ::1
2026/01/04 21:43:26 [POST] /api/v1/auth/refresh-token HTTP/1.1 | Status: 503 | Latency: 60.92µs | IP: ::1
2026/01/04 21:43:26 [GET] /api/v1/auth/me HTTP/1.1 | Status: 401 | Latency: 26.953µs | IP: ::1
2026/01/04 21:43:26 [POST] /api/v1/auth/refresh-token HTTP/1.1 | Status: 503 | Latency: 28.063µs | IP: ::1
2026/01/04 21:43:26 [GET] /api/v1/auth/me HTTP/1.1 | Status: 401 | Latency: 35.945µs | IP: ::1
2026/01/04 21:43:26 [POST] /api/v1/auth/refresh-token HTTP/1.1 | Status: 503 | Latency: 55.333µs | IP: ::1
2026/01/04 21:43:27 [GET] /api/v1/auth/me HTTP/1.1 | Status: 401 | Latency: 25.285µs | IP: ::1
2026/01/04 21:43:27 [POST] /api/v1/auth/refresh-token HTTP/1.1 | Status: 503 | Latency: 42.666µs | IP: ::1
2026/01/04 21:43:27 [GET] /api/v1/auth/me HTTP/1.1 | Status: 401 | Latency: 55.523µs | IP: ::1
2026/01/04 21:43:27 [POST] /api/v1/auth/refresh-token HTTP/1.1 | Status: 503 | Latency: 23.616µs | IP: ::1
2026/01/04 21:43:28 [GET] /api/v1/auth/me HTTP/1.1 | Status: 401 | Latency: 22.673µs | IP: ::1
2026/01/04 21:43:28 [POST] /api/v1/auth/refresh-token HTTP/1.1 | Status: 503 | Latency: 35.107µs | IP: ::1
2026/01/04 21:43:28 [GET] /api/v1/auth/me HTTP/1.1 | Status: 401 | Latency: 22.629µs | IP: ::1
2026/01/04 21:43:28 [POST] /api/v1/auth/refresh-token HTTP/1.1 | Status: 503 | Latency: 27.833µs | IP: ::1
2026/01/04 21:43:28 [GET] /api/v1/auth/me HTTP/1.1 | Status: 401 | Latency: 38.455µs | IP: ::1
2026/01/04 21:43:28 [POST] /api/v1/auth/refresh-token HTTP/1.1 | Status: 500 | Latency: 1.921925ms | IP: ::1
2026/01/04 21:43:29 [GET] /api/v1/auth/me HTTP/1.1 | Status: 401 | Latency: 23.479µs | IP: ::1
2026/01/04 21:43:29 [POST] /api/v1/auth/refresh-token HTTP/1.1 | Status: 429 | Latency: 32.711µs | IP: ::1
2026/01/04 21:43:29 [GET] /api/v1/auth/me HTTP/1.1 | Status: 429 | Latency: 21.622µs | IP: ::1
2026/01/04 21:43:59 [GET] /api/v1/auth/me HTTP/1.1 | Status: 401 | Latency: 53.46µs | IP: ::1
2026/01/04 21:43:59 [POST] /api/v1/auth/refresh-token HTTP/1.1 | Status: 500 | Latency: 3.690521ms | IP: ::1
2026/01/04 21:43:59 [GET] /api/v1/auth/me HTTP/1.1 | Status: 401 | Latency: 20.793µs | IP: ::1
2026/01/04 21:43:59 [POST] /api/v1/auth/refresh-token HTTP/1.1 | Status: 503 | Latency: 80.967µs | IP: ::1
2026/01/04 21:43:59 [GET] /api/v1/auth/me HTTP/1.1 | Status: 401 | Latency: 29.114µs | IP: ::1
2026/01/04 21:43:59 [POST] /api/v1/auth/refresh-token HTTP/1.1 | Status: 503 | Latency: 31.796µs | IP: ::1
2026/01/04 21:44:00 [GET] /api/v1/auth/me HTTP/1.1 | Status: 401 | Latency: 29.835µs | IP: ::1
2026/01/04 21:44:00 [POST] /api/v1/auth/refresh-token HTTP/1.1 | Status: 503 | Latency: 33.859µs | IP: ::1
2026/01/04 21:44:00 [GET] /api/v1/auth/me HTTP/1.1 | Status: 401 | Latency: 41.935µs | IP: ::1
2026/01/04 21:44:00 [POST] /api/v1/auth/refresh-token HTTP/1.1 | Status: 503 | Latency: 41.554µs | IP: ::1
2026/01/04 21:44:01 [GET] /api/v1/auth/me HTTP/1.1 | Status: 401 | Latency: 42.036µs | IP: ::1
2026/01/04 21:44:01 [POST] /api/v1/auth/refresh-token HTTP/1.1 | Status: 503 | Latency: 36.95µs | IP: ::1
2026/01/04 21:44:01 [GET] /api/v1/auth/me HTTP/1.1 | Status: 401 | Latency: 48.431µs | IP: ::1
2026/01/04 21:44:01 [POST] /api/v1/auth/refresh-token HTTP/1.1 | Status: 503 | Latency: 33.475µs | IP: ::1
2026/01/04 21:44:02 [GET] /api/v1/auth/me HTTP/1.1 | Status: 401 | Latency: 25.274µs | IP: ::1
2026/01/04 21:44:02 [POST] /api/v1/auth/refresh-token HTTP/1.1 | Status: 503 | Latency: 55.123µs | IP: ::1
2026/01/04 21:44:03 [GET] /api/v1/auth/me HTTP/1.1 | Status: 401 | Latency: 38.622µs | IP: ::1
2026/01/04 21:44:03 [POST] /api/v1/auth/refresh-token HTTP/1.1 | Status: 503 | Latency: 38.28µs | IP: ::1
2026/01/04 21:44:03 [GET] /api/v1/auth/me HTTP/1.1 | Status: 401 | Latency: 150.4µs | IP: ::1
2026/01/04 21:44:03 [POST] /api/v1/auth/refresh-token HTTP/1.1 | Status: 503 | Latency: 27.192µs | IP: ::1
2026/01/04 21:44:03 [GET] /api/v1/auth/me HTTP/1.1 | Status: 401 | Latency: 59.348µs | IP: ::1
2026/01/04 21:44:03 [POST] /api/v1/auth/refresh-token HTTP/1.1 | Status: 503 | Latency: 45.425µs | IP: ::1
2026/01/04 21:44:04 [GET] /api/v1/auth/me HTTP/1.1 | Status: 401 | Latency: 28.142µs | IP: ::1
2026/01/04 21:44:04 [POST] /api/v1/auth/refresh-token HTTP/1.1 | Status: 503 | Latency: 29.368µs | IP: ::1
2026/01/04 21:44:04 [GET] /api/v1/auth/me HTTP/1.1 | Status: 401 | Latency: 25.312µs | IP: ::1
2026/01/04 21:44:04 [POST] /api/v1/auth/refresh-token HTTP/1.1 | Status: 503 | Latency: 56.741µs | IP: ::1
2026/01/04 21:44:05 [GET] /api/v1/auth/me HTTP/1.1 | Status: 401 | Latency: 37.215µs | IP: ::1
2026/01/04 21:44:05 [POST] /api/v1/auth/refresh-token HTTP/1.1 | Status: 503 | Latency: 31.502µs | IP: ::1
2026/01/04 21:44:05 [GET] /api/v1/auth/me HTTP/1.1 | Status: 401 | Latency: 47.303µs | IP: ::1
2026/01/04 21:44:05 [POST] /api/v1/auth/refresh-token HTTP/1.1 | Status: 503 | Latency: 26.537µs | IP: ::1
2026/01/04 21:44:06 [GET] /api/v1/auth/me HTTP/1.1 | Status: 401 | Latency: 78.254µs | IP: ::1
2026/01/04 21:44:06 [POST] /api/v1/auth/refresh-token HTTP/1.1 | Status: 503 | Latency: 68.436µs | IP: ::1
2026/01/04 21:44:07 [GET] /api/v1/auth/me HTTP/1.1 | Status: 401 | Latency: 20.051µs | IP: ::1
2026/01/04 21:44:07 [POST] /api/v1/auth/refresh-token HTTP/1.1 | Status: 503 | Latency: 55.809µs | IP: ::1
2026/01/04 21:44:07 [GET] /api/v1/auth/me HTTP/1.1 | Status: 401 | Latency: 85.248µs | IP: ::1
2026/01/04 21:44:07 [POST] /api/v1/auth/refresh-token HTTP/1.1 | Status: 503 | Latency: 32.943µs | IP: ::1
2026/01/04 21:44:08 [GET] /api/v1/auth/me HTTP/1.1 | Status: 401 | Latency: 32.796µs | IP: ::1
2026/01/04 21:44:08 [POST] /api/v1/auth/refresh-token HTTP/1.1 | Status: 503 | Latency: 28.931µs | IP: ::1
2026/01/04 21:44:09 [GET] /api/v1/auth/me HTTP/1.1 | Status: 401 | Latency: 46.011µs | IP: ::1
2026/01/04 21:44:09 [POST] /api/v1/auth/refresh-token HTTP/1.1 | Status: 503 | Latency: 114.042µs | IP: ::1
2026/01/04 21:44:09 [GET] /api/v1/auth/me HTTP/1.1 | Status: 401 | Latency: 38.731µs | IP: ::1
2026/01/04 21:44:09 [POST] /api/v1/auth/refresh-token HTTP/1.1 | Status: 503 | Latency: 30.717µs | IP: ::1
2026/01/04 21:44:10 [GET] /api/v1/auth/me HTTP/1.1 | Status: 401 | Latency: 32.249µs | IP: ::1
2026/01/04 21:44:10 [POST] /api/v1/auth/refresh-token HTTP/1.1 | Status: 503 | Latency: 47.116µs | IP: ::1
2026/01/04 21:44:10 [GET] /api/v1/auth/me HTTP/1.1 | Status: 401 | Latency: 39.178µs | IP: ::1
2026/01/04 21:44:10 [POST] /api/v1/auth/refresh-token HTTP/1.1 | Status: 503 | Latency: 85.989µs | IP: ::1
2026/01/04 21:44:11 [GET] /api/v1/auth/me HTTP/1.1 | Status: 401 | Latency: 28.029µs | IP: ::1
2026/01/04 21:44:11 [POST] /api/v1/auth/refresh-token HTTP/1.1 | Status: 503 | Latency: 47.027µs | IP: ::1
2026/01/04 21:44:12 [GET] /api/v1/auth/me HTTP/1.1 | Status: 401 | Latency: 39.064µs | IP: ::1
2026/01/04 21:44:12 [POST] /api/v1/auth/refresh-token HTTP/1.1 | Status: 503 | Latency: 59.096µs | IP: ::1
2026/01/04 21:44:12 [GET] /api/v1/auth/me HTTP/1.1 | Status: 401 | Latency: 36.089µs | IP: ::1
2026/01/04 21:44:12 [POST] /api/v1/auth/refresh-token HTTP/1.1 | Status: 503 | Latency: 124.36µs | IP: ::1
2026/01/04 21:44:13 [GET] /api/v1/auth/me HTTP/1.1 | Status: 401 | Latency: 40.948µs | IP: ::1
2026/01/04 21:44:13 [POST] /api/v1/auth/refresh-token HTTP/1.1 | Status: 503 | Latency: 28.229µs | IP: ::1
2026/01/04 21:44:14 [GET] /api/v1/auth/me HTTP/1.1 | Status: 401 | Latency: 73.73µs | IP: ::1
2026/01/04 21:44:14 [POST] /api/v1/auth/refresh-token HTTP/1.1 | Status: 503 | Latency: 27.817µs | IP: ::1
2026/01/04 21:44:14 [GET] /api/v1/auth/me HTTP/1.1 | Status: 401 | Latency: 61.782µs | IP: ::1
2026/01/04 21:44:14 [POST] /api/v1/auth/refresh-token HTTP/1.1 | Status: 503 | Latency: 44.677µs | IP: ::1
2026/01/04 21:44:15 [GET] /api/v1/auth/me HTTP/1.1 | Status: 401 | Latency: 31.857µs | IP: ::1
2026/01/04 21:44:15 [POST] /api/v1/auth/refresh-token HTTP/1.1 | Status: 503 | Latency: 62.485µs | IP: ::1
2026/01/04 21:44:16 [GET] /api/v1/auth/me HTTP/1.1 | Status: 401 | Latency: 56.528µs | IP: ::1
2026/01/04 21:44:16 [POST] /api/v1/auth/refresh-token HTTP/1.1 | Status: 503 | Latency: 42.105µs | IP: ::1
2026/01/04 21:44:16 [GET] /api/v1/auth/me HTTP/1.1 | Status: 401 | Latency: 38.157µs | IP: ::1
2026/01/04 21:44:16 [POST] /api/v1/auth/refresh-token HTTP/1.1 | Status: 503 | Latency: 50.688µs | IP: ::1
2026/01/04 21:44:17 [GET] /api/v1/auth/me HTTP/1.1 | Status: 401 | Latency: 40.258µs | IP: ::1
2026/01/04 21:44:17 [POST] /api/v1/auth/refresh-token HTTP/1.1 | Status: 503 | Latency: 35.406µs | IP: ::1
2026/01/04 21:44:18 [GET] /api/v1/auth/me HTTP/1.1 | Status: 401 | Latency: 29.973µs | IP: ::1
2026/01/04 21:44:18 [POST] /api/v1/auth/refresh-token HTTP/1.1 | Status: 503 | Latency: 34.101µs | IP: ::1
2026/01/04 21:44:18 [GET] /api/v1/auth/me HTTP/1.1 | Status: 401 | Latency: 33.435µs | IP: ::1
2026/01/04 21:44:18 [POST] /api/v1/auth/refresh-token HTTP/1.1 | Status: 503 | Latency: 38.229µs | IP: ::1
2026/01/04 21:44:19 [GET] /api/v1/auth/me HTTP/1.1 | Status: 401 | Latency: 75.124µs | IP: ::1
2026/01/04 21:44:19 [POST] /api/v1/auth/refresh-token HTTP/1.1 | Status: 503 | Latency: 33.145µs | IP: ::1
2026/01/04 21:44:19 [GET] /api/v1/auth/me HTTP/1.1 | Status: 401 | Latency: 49.01µs | IP: ::1
2026/01/04 21:44:19 [POST] /api/v1/auth/refresh-token HTTP/1.1 | Status: 503 | Latency: 72.275µs | IP: ::1
2026/01/04 21:44:20 [GET] /api/v1/auth/me HTTP/1.1 | Status: 401 | Latency: 20.267µs | IP: ::1
2026/01/04 21:44:20 [POST] /api/v1/auth/refresh-token HTTP/1.1 | Status: 503 | Latency: 67.031µs | IP: ::1
2026/01/04 21:44:21 [GET] /api/v1/auth/me HTTP/1.1 | Status: 401 | Latency: 20.99µs | IP: ::1
2026/01/04 21:44:21 [POST] /api/v1/auth/refresh-token HTTP/1.1 | Status: 503 | Latency: 46.804µs | IP: ::1
2026/01/04 21:44:21 [GET] /api/v1/auth/me HTTP/1.1 | Status: 401 | Latency: 37.56µs | IP: ::1
2026/01/04 21:44:21 [POST] /api/v1/auth/refresh-token HTTP/1.1 | Status: 503 | Latency: 39.116µs | IP: ::1
2026/01/04 21:44:22 [GET] /api/v1/auth/me HTTP/1.1 | Status: 401 | Latency: 29.842µs | IP: ::1
2026/01/04 21:44:22 [POST] /api/v1/auth/refresh-token HTTP/1.1 | Status: 503 | Latency: 42.056µs | IP: ::1
2026/01/04 21:44:22 [GET] /api/v1/auth/me HTTP/1.1 | Status: 401 | Latency: 24.082µs | IP: ::1
2026/01/04 21:44:23 [POST] /api/v1/auth/refresh-token HTTP/1.1 | Status: 503 | Latency: 73.848µs | IP: ::1
2026/01/04 21:44:23 [GET] /api/v1/auth/me HTTP/1.1 | Status: 401 | Latency: 57.719µs | IP: ::1
2026/01/04 21:44:23 [POST] /api/v1/auth/refresh-token HTTP/1.1 | Status: 503 | Latency: 79.816µs | IP: ::1
2026/01/04 21:44:24 [GET] /api/v1/auth/me HTTP/1.1 | Status: 401 | Latency: 30.959µs | IP: ::1
2026/01/04 21:44:24 [POST] /api/v1/auth/refresh-token HTTP/1.1 | Status: 503 | Latency: 77.522µs | IP: ::1
2026/01/04 21:44:25 [GET] /api/v1/auth/me HTTP/1.1 | Status: 401 | Latency: 58.533µs | IP: ::1
2026/01/04 21:44:25 [POST] /api/v1/auth/refresh-token HTTP/1.1 | Status: 503 | Latency: 41.913µs | IP: ::1
2026/01/04 21:44:25 [GET] /api/v1/auth/me HTTP/1.1 | Status: 401 | Latency: 66.738µs | IP: ::1
2026/01/04 21:44:25 [POST] /api/v1/auth/refresh-token HTTP/1.1 | Status: 503 | Latency: 38.746µs | IP: ::1
2026/01/04 21:44:26 [GET] /api/v1/auth/me HTTP/1.1 | Status: 401 | Latency: 44.961µs | IP: ::1
2026/01/04 21:44:26 [POST] /api/v1/auth/refresh-token HTTP/1.1 | Status: 503 | Latency: 31.205µs | IP: ::1
2026/01/04 21:44:26 [GET] /api/v1/auth/me HTTP/1.1 | Status: 401 | Latency: 24.406µs | IP: ::1
2026/01/04 21:44:26 [POST] /api/v1/auth/refresh-token HTTP/1.1 | Status: 503 | Latency: 45.931µs | IP: ::1
2026/01/04 21:44:27 [GET] /api/v1/auth/me HTTP/1.1 | Status: 429 | Latency: 20.163µs | IP: ::1
2026/01/04 21:44:46 [GET] /api/v1/auth/me HTTP/1.1 | Status: 401 | Latency: 65.987µs | IP: ::1
2026/01/04 21:44:46 [POST] /api/v1/auth/refresh-token HTTP/1.1 | Status: 500 | Latency: 3.563993ms | IP: ::1
2026/01/04 21:44:46 [GET] /api/v1/auth/me HTTP/1.1 | Status: 401 | Latency: 23.404µs | IP: ::1
2026/01/04 21:44:46 [POST] /api/v1/auth/refresh-token HTTP/1.1 | Status: 503 | Latency: 56.949µs | IP: ::1
2026/01/04 21:44:47 [GET] /api/v1/auth/me HTTP/1.1 | Status: 401 | Latency: 42.06µs | IP: ::1
2026/01/04 21:44:47 [POST] /api/v1/auth/refresh-token HTTP/1.1 | Status: 503 | Latency: 23.637µs | IP: ::1
2026/01/04 21:44:47 [GET] /api/v1/auth/me HTTP/1.1 | Status: 401 | Latency: 28.135µs | IP: ::1
2026/01/04 21:44:47 [POST] /api/v1/auth/refresh-token HTTP/1.1 | Status: 503 | Latency: 49.766µs | IP: ::1
2026/01/04 21:44:47 [GET] /api/v1/auth/me HTTP/1.1 | Status: 401 | Latency: 54.666µs | IP: ::1
2026/01/04 21:44:48 [POST] /api/v1/auth/refresh-token HTTP/1.1 | Status: 503 | Latency: 43.468µs | IP: ::1
2026/01/04 21:44:48 [GET] /api/v1/auth/me HTTP/1.1 | Status: 401 | Latency: 83.1µs | IP: ::1
2026/01/04 21:44:48 [POST] /api/v1/auth/refresh-token HTTP/1.1 | Status: 503 | Latency: 57.364µs | IP: ::1
2026/01/04 21:44:49 [GET] /api/v1/auth/me HTTP/1.1 | Status: 401 | Latency: 65.262µs | IP: ::1
2026/01/04 21:44:49 [POST] /api/v1/auth/refresh-token HTTP/1.1 | Status: 503 | Latency: 31.097µs | IP: ::1
2026/01/04 21:44:49 [GET] /api/v1/auth/me HTTP/1.1 | Status: 401 | Latency: 27.282µs | IP: ::1
2026/01/04 21:44:49 [POST] /api/v1/auth/refresh-token HTTP/1.1 | Status: 503 | Latency: 51.494µs | IP: ::1
2026/01/04 21:44:50 [GET] /api/v1/auth/me HTTP/1.1 | Status: 401 | Latency: 36.128µs | IP: ::1
2026/01/04 21:44:50 [POST] /api/v1/auth/refresh-token HTTP/1.1 | Status: 503 | Latency: 96.031µs | IP: ::1
2026/01/04 21:44:51 [GET] /api/v1/auth/me HTTP/1.1 | Status: 401 | Latency: 35.712µs | IP: ::1
2026/01/04 21:44:51 [POST] /api/v1/auth/refresh-token HTTP/1.1 | Status: 503 | Latency: 33.222µs | IP: ::1
2026/01/04 21:44:51 [GET] /api/v1/auth/me HTTP/1.1 | Status: 401 | Latency: 39.268µs | IP: ::1
2026/01/04 21:44:51 [POST] /api/v1/auth/refresh-token HTTP/1.1 | Status: 503 | Latency: 35.648µs | IP: ::1
2026/01/04 21:44:52 [GET] /api/v1/auth/me HTTP/1.1 | Status: 401 | Latency: 90.903µs | IP: ::1
2026/01/04 21:44:52 [POST] /api/v1/auth/refresh-token HTTP/1.1 | Status: 503 | Latency: 44.736µs | IP: ::1
2026/01/04 21:44:52 [GET] /api/v1/auth/me HTTP/1.1 | Status: 401 | Latency: 36.557µs | IP: ::1
2026/01/04 21:44:52 [POST] /api/v1/auth/refresh-token HTTP/1.1 | Status: 503 | Latency: 34.346µs | IP: ::1
2026/01/04 21:44:53 [GET] /api/v1/auth/me HTTP/1.1 | Status: 401 | Latency: 23.973µs | IP: ::1
2026/01/04 21:44:53 [POST] /api/v1/auth/refresh-token HTTP/1.1 | Status: 503 | Latency: 82.693µs | IP: ::1
2026/01/04 21:44:54 [GET] /api/v1/auth/me HTTP/1.1 | Status: 401 | Latency: 67.037µs | IP: ::1
2026/01/04 21:44:54 [GET] /api/v1/auth/me HTTP/1.1 | Status: 401 | Latency: 58.668µs | IP: ::1
2026/01/04 21:44:54 [POST] /api/v1/auth/refresh-token HTTP/1.1 | Status: 503 | Latency: 52.222µs | IP: ::1
2026/01/04 21:44:54 [POST] /api/v1/auth/refresh-token HTTP/1.1 | Status: 503 | Latency: 96.311µs | IP: ::1
2026/01/04 21:44:54 [GET] /api/v1/auth/me HTTP/1.1 | Status: 401 | Latency: 38.244µs | IP: ::1
2026/01/04 21:44:54 [POST] /api/v1/auth/refresh-token HTTP/1.1 | Status: 503 | Latency: 52.017µs | IP: ::1
2026/01/04 21:44:55 [GET] /api/v1/auth/me HTTP/1.1 | Status: 401 | Latency: 49.608µs | IP: ::1
2026/01/04 21:44:55 [POST] /api/v1/auth/refresh-token HTTP/1.1 | Status: 503 | Latency: 28.798µs | IP: ::1
2026/01/04 21:44:55 [GET] /api/v1/auth/me HTTP/1.1 | Status: 401 | Latency: 25.566µs | IP: ::1
2026/01/04 21:44:55 [POST] /api/v1/auth/refresh-token HTTP/1.1 | Status: 503 | Latency: 61.356µs | IP: ::1
2026/01/04 21:44:56 [GET] /api/v1/auth/me HTTP/1.1 | Status: 401 | Latency: 27.258µs | IP: ::1
2026/01/04 21:44:56 [POST] /api/v1/auth/refresh-token HTTP/1.1 | Status: 503 | Latency: 36.856µs | IP: ::1
2026/01/04 21:44:56 [GET] /api/v1/auth/me HTTP/1.1 | Status: 401 | Latency: 36.189µs | IP: ::1
2026/01/04 21:44:56 [POST] /api/v1/auth/refresh-token HTTP/1.1 | Status: 503 | Latency: 37.428µs | IP: ::1
2026/01/04 21:44:57 [GET] /api/v1/auth/me HTTP/1.1 | Status: 401 | Latency: 38.234µs | IP: ::1
2026/01/04 21:44:57 [POST] /api/v1/auth/refresh-token HTTP/1.1 | Status: 503 | Latency: 28.906µs | IP: ::1
2026/01/04 21:44:57 [GET] /api/v1/auth/me HTTP/1.1 | Status: 401 | Latency: 22.831µs | IP: ::1
2026/01/04 21:44:57 [POST] /api/v1/auth/refresh-token HTTP/1.1 | Status: 503 | Latency: 48.648µs | IP: ::1
2026/01/04 21:44:58 [GET] /api/v1/auth/me HTTP/1.1 | Status: 401 | Latency: 63.913µs | IP: ::1
2026/01/04 21:44:58 [POST] /api/v1/auth/refresh-token HTTP/1.1 | Status: 503 | Latency: 56.28µs | IP: ::1
2026/01/04 21:44:59 [GET] /api/v1/auth/me HTTP/1.1 | Status: 401 | Latency: 50.064µs | IP: ::1
2026/01/04 21:44:59 [POST] /api/v1/auth/refresh-token HTTP/1.1 | Status: 503 | Latency: 112.983µs | IP: ::1
2026/01/04 21:44:59 [GET] /api/v1/auth/me HTTP/1.1 | Status: 401 | Latency: 76.743µs | IP: ::1
2026/01/04 21:44:59 [POST] /api/v1/auth/refresh-token HTTP/1.1 | Status: 503 | Latency: 56.611µs | IP: ::1
2026/01/04 21:45:00 [GET] /api/v1/auth/me HTTP/1.1 | Status: 401 | Latency: 41.343µs | IP: ::1
2026/01/04 21:45:00 [POST] /api/v1/auth/refresh-token HTTP/1.1 | Status: 503 | Latency: 34.538µs | IP: ::1
2026/01/04 21:45:00 [GET] /api/v1/auth/me HTTP/1.1 | Status: 401 | Latency: 30.198µs | IP: ::1
2026/01/04 21:45:00 [POST] /api/v1/auth/refresh-token HTTP/1.1 | Status: 503 | Latency: 42.546µs | IP: ::1
2026/01/04 21:45:01 [GET] /api/v1/auth/me HTTP/1.1 | Status: 401 | Latency: 44.456µs | IP: ::1
2026/01/04 21:45:01 [POST] /api/v1/auth/refresh-token HTTP/1.1 | Status: 503 | Latency: 93.354µs | IP: ::1
2026/01/04 21:45:01 [GET] /api/v1/auth/me HTTP/1.1 | Status: 429 | Latency: 85.419µs | IP: ::1
2026/01/04 21:45:08 [OPTIONS] /api/v1/auth/login HTTP/1.1 | Status: 204 | Latency: 54.334µs | IP: ::1
2026/01/04 21:45:08 [POST] /api/v1/auth/login HTTP/1.1 | Status: 503 | Latency: 22.995µs | IP: ::1
2026/01/04 21:45:10 [POST] /api/v1/auth/login HTTP/1.1 | Status: 503 | Latency: 26.208µs | IP: ::1
2026/01/04 21:45:21 [OPTIONS] /api/v1/auth/login HTTP/1.1 | Status: 204 | Latency: 34.2µs | IP: ::1
2026/01/04 21:45:21 [POST] /api/v1/auth/login HTTP/1.1 | Status: 200 | Latency: 62.101333ms | IP: ::1
2026/01/04 21:45:21 [GET] /api/v1/auth/me HTTP/1.1 | Status: 401 | Latency: 110.435µs | IP: ::1
2026/01/04 21:45:21 [POST] /api/v1/auth/refresh-token HTTP/1.1 | Status: 500 | Latency: 9.921089ms | IP: ::1
2026/01/04 21:45:23 [GET] /api/v1/auth/me HTTP/1.1 | Status: 401 | Latency: 171.802µs | IP: ::1
2026/01/04 21:45:23 [GET] /api/v1/auth/me HTTP/1.1 | Status: 401 | Latency: 57.392µs | IP: ::1
2026/01/04 21:45:23 [POST] /api/v1/auth/refresh-token HTTP/1.1 | Status: 200 | Latency: 12.628952ms | IP: ::1
2026/01/04 21:45:23 [POST] /api/v1/auth/refresh-token HTTP/1.1 | Status: 500 | Latency: 19.604163ms | IP: ::1
2026/01/04 21:45:23 [GET] /api/v1/auth/me HTTP/1.1 | Status: 401 | Latency: 334.855µs | IP: ::1
2026/01/04 21:45:24 [GET] /api/v1/auth/me HTTP/1.1 | Status: 401 | Latency: 282.266µs | IP: ::1
2026/01/04 21:45:24 [POST] /api/v1/auth/refresh-token HTTP/1.1 | Status: 200 | Latency: 29.738687ms | IP: ::1
2026/01/04 21:45:24 [GET] /api/v1/auth/me HTTP/1.1 | Status: 401 | Latency: 111.27µs | IP: ::1
2026/01/04 21:45:32 [GET] /api/v1/auth/me HTTP/1.1 | Status: 401 | Latency: 49.164µs | IP: ::1
2026/01/04 21:45:32 [GET] /api/v1/auth/me HTTP/1.1 | Status: 401 | Latency: 80.916µs | IP: ::1
2026/01/04 21:45:32 [POST] /api/v1/auth/refresh-token HTTP/1.1 | Status: 500 | Latency: 7.266283ms | IP: ::1
2026/01/04 21:45:32 [POST] /api/v1/auth/refresh-token HTTP/1.1 | Status: 200 | Latency: 10.03249ms | IP: ::1
2026/01/04 21:45:32 [GET] /api/v1/auth/me HTTP/1.1 | Status: 401 | Latency: 150.842µs | IP: ::1
2026/01/04 21:45:32 [GET] /api/v1/auth/me HTTP/1.1 | Status: 401 | Latency: 98.736µs | IP: ::1
2026/01/04 21:45:32 [POST] /api/v1/auth/refresh-token HTTP/1.1 | Status: 500 | Latency: 7.630686ms | IP: ::1
2026/01/04 21:45:33 [GET] /api/v1/auth/me HTTP/1.1 | Status: 401 | Latency: 75.737µs | IP: ::1
2026/01/04 21:45:33 [POST] /api/v1/auth/refresh-token HTTP/1.1 | Status: 200 | Latency: 8.930774ms | IP: ::1
2026/01/04 21:45:33 [GET] /api/v1/auth/me HTTP/1.1 | Status: 401 | Latency: 91.297µs | IP: ::1
2026/01/04 21:48:11 [GET] /api/v1/auth/me HTTP/1.1 | Status: 401 | Latency: 64.807µs | IP: ::1
2026/01/04 21:48:11 [POST] /api/v1/auth/refresh-token HTTP/1.1 | Status: 500 | Latency: 5.260404ms | IP: ::1
2026/01/04 21:48:12 [GET] /api/v1/auth/me HTTP/1.1 | Status: 401 | Latency: 53.884µs | IP: ::1
2026/01/04 21:48:12 [POST] /api/v1/auth/refresh-token HTTP/1.1 | Status: 500 | Latency: 3.132579ms | IP: ::1
2026/01/04 21:48:12 [GET] /api/v1/auth/me HTTP/1.1 | Status: 401 | Latency: 24.839µs | IP: ::1
2026/01/04 21:48:12 [POST] /api/v1/auth/refresh-token HTTP/1.1 | Status: 500 | Latency: 1.331637ms | IP: ::1
2026/01/04 21:48:13 [GET] /api/v1/auth/me HTTP/1.1 | Status: 401 | Latency: 47.191µs | IP: ::1
2026/01/04 21:48:13 [POST] /api/v1/auth/refresh-token HTTP/1.1 | Status: 500 | Latency: 1.033245ms | IP: ::1
2026/01/04 21:48:14 [GET] /api/v1/auth/me HTTP/1.1 | Status: 401 | Latency: 27.019µs | IP: ::1
2026/01/04 21:48:14 [POST] /api/v1/auth/refresh-token HTTP/1.1 | Status: 500 | Latency: 1.436572ms | IP: ::1
2026/01/04 21:48:14 [GET] /api/v1/auth/me HTTP/1.1 | Status: 401 | Latency: 23.802µs | IP: ::1
2026/01/04 21:48:14 [POST] /api/v1/auth/refresh-token HTTP/1.1 | Status: 503 | Latency: 70.938µs | IP: ::1
2026/01/04 21:48:15 [GET] /api/v1/auth/me HTTP/1.1 | Status: 401 | Latency: 24.39µs | IP: ::1
2026/01/04 21:48:15 [POST] /api/v1/auth/refresh-token HTTP/1.1 | Status: 503 | Latency: 81.894µs | IP: ::1
2026/01/04 21:48:15 [GET] /api/v1/auth/me HTTP/1.1 | Status: 401 | Latency: 27.937µs | IP: ::1
2026/01/04 21:48:15 [POST] /api/v1/auth/refresh-token HTTP/1.1 | Status: 503 | Latency: 41.419µs | IP: ::1
2026/01/04 21:48:16 [GET] /api/v1/auth/me HTTP/1.1 | Status: 401 | Latency: 63.476µs | IP: ::1
2026/01/04 21:48:16 [POST] /api/v1/auth/refresh-token HTTP/1.1 | Status: 503 | Latency: 81.806µs | IP: ::1
2026/01/04 21:48:16 [GET] /api/v1/auth/me HTTP/1.1 | Status: 401 | Latency: 22.526µs | IP: ::1
2026/01/04 21:48:16 [POST] /api/v1/auth/refresh-token HTTP/1.1 | Status: 503 | Latency: 31.549µs | IP: ::1
2026/01/04 21:48:17 [GET] /api/v1/auth/me HTTP/1.1 | Status: 401 | Latency: 34.001µs | IP: ::1
2026/01/04 21:48:17 [POST] /api/v1/auth/refresh-token HTTP/1.1 | Status: 503 | Latency: 36.134µs | IP: ::1
2026/01/04 21:48:17 [GET] /api/v1/auth/me HTTP/1.1 | Status: 401 | Latency: 62.813µs | IP: ::1
2026/01/04 21:48:17 [POST] /api/v1/auth/refresh-token HTTP/1.1 | Status: 503 | Latency: 56.407µs | IP: ::1
2026/01/04 21:48:18 [GET] /api/v1/auth/me HTTP/1.1 | Status: 401 | Latency: 70.542µs | IP: ::1
2026/01/04 21:48:18 [POST] /api/v1/auth/refresh-token HTTP/1.1 | Status: 503 | Latency: 32.816µs | IP: ::1
2026/01/04 21:48:19 [GET] /api/v1/auth/me HTTP/1.1 | Status: 401 | Latency: 32.244µs | IP: ::1
2026/01/04 21:48:19 [GET] /api/v1/auth/me HTTP/1.1 | Status: 401 | Latency: 21.735µs | IP: ::1
2026/01/04 21:48:19 [POST] /api/v1/auth/refresh-token HTTP/1.1 | Status: 503 | Latency: 32.95µs | IP: ::1
2026/01/04 21:48:19 [POST] /api/v1/auth/refresh-token HTTP/1.1 | Status: 503 | Latency: 24.451µs | IP: ::1
2026/01/04 21:48:19 [GET] /api/v1/auth/me HTTP/1.1 | Status: 401 | Latency: 36.939µs | IP: ::1
2026/01/04 21:48:19 [POST] /api/v1/auth/refresh-token HTTP/1.1 | Status: 503 | Latency: 42.788µs | IP: ::1
2026/01/04 21:48:20 [GET] /api/v1/auth/me HTTP/1.1 | Status: 401 | Latency: 47.84µs | IP: ::1
2026/01/04 21:48:20 [POST] /api/v1/auth/refresh-token HTTP/1.1 | Status: 503 | Latency: 44.759µs | IP: ::1
2026/01/04 21:48:20 [GET] /api/v1/auth/me HTTP/1.1 | Status: 401 | Latency: 48.646µs | IP: ::1
2026/01/04 21:48:20 [POST] /api/v1/auth/refresh-token HTTP/1.1 | Status: 503 | Latency: 33.896µs | IP: ::1
2026/01/04 21:48:20 [GET] /api/v1/auth/me HTTP/1.1 | Status: 401 | Latency: 31.246µs | IP: ::1
2026/01/04 21:48:21 [POST] /api/v1/auth/refresh-token HTTP/1.1 | Status: 503 | Latency: 38.534µs | IP: ::1
2026/01/04 21:48:21 [GET] /api/v1/auth/me HTTP/1.1 | Status: 401 | Latency: 27.021µs | IP: ::1
2026/01/04 21:48:21 [POST] /api/v1/auth/refresh-token HTTP/1.1 | Status: 503 | Latency: 36.653µs | IP: ::1
2026/01/04 21:48:21 [GET] /api/v1/auth/me HTTP/1.1 | Status: 401 | Latency: 33.02µs | IP: ::1
2026/01/04 21:48:21 [POST] /api/v1/auth/refresh-token HTTP/1.1 | Status: 503 | Latency: 34.503µs | IP: ::1
2026/01/04 21:48:22 [GET] /api/v1/auth/me HTTP/1.1 | Status: 401 | Latency: 30.555µs | IP: ::1
2026/01/04 21:48:22 [POST] /api/v1/auth/refresh-token HTTP/1.1 | Status: 503 | Latency: 26.384µs | IP: ::1
2026/01/04 21:48:22 [GET] /api/v1/auth/me HTTP/1.1 | Status: 401 | Latency: 33.785µs | IP: ::1
2026/01/04 21:48:22 [POST] /api/v1/auth/refresh-token HTTP/1.1 | Status: 503 | Latency: 50.862µs | IP: ::1
2026/01/04 21:48:23 [GET] /api/v1/auth/me HTTP/1.1 | Status: 401 | Latency: 59.597µs | IP: ::1
2026/01/04 21:48:23 [POST] /api/v1/auth/refresh-token HTTP/1.1 | Status: 503 | Latency: 41.622µs | IP: ::1
2026/01/04 21:48:23 [GET] /api/v1/auth/me HTTP/1.1 | Status: 401 | Latency: 33.518µs | IP: ::1
2026/01/04 21:48:23 [POST] /api/v1/auth/refresh-token HTTP/1.1 | Status: 503 | Latency: 35.955µs | IP: ::1
2026/01/04 21:48:24 [GET] /api/v1/auth/me HTTP/1.1 | Status: 401 | Latency: 68.875µs | IP: ::1
2026/01/04 21:48:24 [POST] /api/v1/auth/refresh-token HTTP/1.1 | Status: 503 | Latency: 37.831µs | IP: ::1
2026/01/04 21:48:24 [GET] /api/v1/auth/me HTTP/1.1 | Status: 401 | Latency: 19.729µs | IP: ::1
2026/01/04 21:48:24 [POST] /api/v1/auth/refresh-token HTTP/1.1 | Status: 503 | Latency: 79.584µs | IP: ::1
2026/01/04 21:48:24 [GET] /api/v1/auth/me HTTP/1.1 | Status: 401 | Latency: 22.25µs | IP: ::1
2026/01/04 21:48:24 [POST] /api/v1/auth/refresh-token HTTP/1.1 | Status: 503 | Latency: 57.631µs | IP: ::1
2026/01/04 21:48:25 [GET] /api/v1/auth/me HTTP/1.1 | Status: 401 | Latency: 28.417µs | IP: ::1
2026/01/04 21:48:25 [POST] /api/v1/auth/refresh-token HTTP/1.1 | Status: 503 | Latency: 39.672µs | IP: ::1
2026/01/04 21:48:25 [GET] /api/v1/auth/me HTTP/1.1 | Status: 401 | Latency: 26.216µs | IP: ::1
2026/01/04 21:48:26 [POST] /api/v1/auth/refresh-token HTTP/1.1 | Status: 503 | Latency: 45.752µs | IP: ::1
2026/01/04 21:48:26 [GET] /api/v1/auth/me HTTP/1.1 | Status: 401 | Latency: 30.79µs | IP: ::1
2026/01/04 21:48:26 [GET] /api/v1/auth/me HTTP/1.1 | Status: 401 | Latency: 30.008µs | IP: ::1
2026/01/04 21:48:26 [POST] /api/v1/auth/refresh-token HTTP/1.1 | Status: 503 | Latency: 28.265µs | IP: ::1
2026/01/04 21:48:26 [POST] /api/v1/auth/refresh-token HTTP/1.1 | Status: 503 | Latency: 36.311µs | IP: ::1
2026/01/04 21:48:27 [GET] /api/v1/auth/me HTTP/1.1 | Status: 401 | Latency: 21.153µs | IP: ::1
2026/01/04 21:48:27 [POST] /api/v1/auth/refresh-token HTTP/1.1 | Status: 503 | Latency: 65.078µs | IP: ::1
2026/01/04 21:48:27 [GET] /api/v1/auth/me HTTP/1.1 | Status: 401 | Latency: 59.589µs | IP: ::1
2026/01/04 21:48:27 [POST] /api/v1/auth/refresh-token HTTP/1.1 | Status: 503 | Latency: 59.869µs | IP: ::1
2026/01/04 21:48:27 [GET] /api/v1/auth/me HTTP/1.1 | Status: 401 | Latency: 37.151µs | IP: ::1
2026/01/04 21:48:27 [POST] /api/v1/auth/refresh-token HTTP/1.1 | Status: 503 | Latency: 57.385µs | IP: ::1
2026/01/04 21:48:28 [GET] /api/v1/auth/me HTTP/1.1 | Status: 401 | Latency: 23.058µs | IP: ::1
2026/01/04 21:48:28 [POST] /api/v1/auth/refresh-token HTTP/1.1 | Status: 503 | Latency: 40.344µs | IP: ::1
2026/01/04 21:48:28 [GET] /api/v1/auth/me HTTP/1.1 | Status: 401 | Latency: 25.557µs | IP: ::1
2026/01/04 21:48:28 [POST] /api/v1/auth/refresh-token HTTP/1.1 | Status: 503 | Latency: 40.936µs | IP: ::1
2026/01/04 21:48:28 [GET] /api/v1/auth/me HTTP/1.1 | Status: 401 | Latency: 66.41µs | IP: ::1
2026/01/04 21:48:28 [POST] /api/v1/auth/refresh-token HTTP/1.1 | Status: 503 | Latency: 95.764µs | IP: ::1
2026/01/04 21:48:29 [GET] /api/v1/auth/me HTTP/1.1 | Status: 401 | Latency: 38.863µs | IP: ::1
2026/01/04 21:48:29 [POST] /api/v1/auth/refresh-token HTTP/1.1 | Status: 503 | Latency: 37.701µs | IP: ::1
2026/01/04 21:48:29 [GET] /api/v1/auth/me HTTP/1.1 | Status: 401 | Latency: 29.495µs | IP: ::1
2026/01/04 21:48:30 [POST] /api/v1/auth/refresh-token HTTP/1.1 | Status: 503 | Latency: 50.417µs | IP: ::1
2026/01/04 21:48:30 [GET] /api/v1/auth/me HTTP/1.1 | Status: 401 | Latency: 29.811µs | IP: ::1
2026/01/04 21:48:30 [POST] /api/v1/auth/refresh-token HTTP/1.1 | Status: 503 | Latency: 56.573µs | IP: ::1
2026/01/04 21:48:31 [GET] /api/v1/auth/me HTTP/1.1 | Status: 401 | Latency: 32.297µs | IP: ::1
2026/01/04 21:48:31 [POST] /api/v1/auth/refresh-token HTTP/1.1 | Status: 503 | Latency: 23.621µs | IP: ::1
2026/01/04 21:48:31 [GET] /api/v1/auth/me HTTP/1.1 | Status: 401 | Latency: 28.944µs | IP: ::1
2026/01/04 21:48:31 [POST] /api/v1/auth/refresh-token HTTP/1.1 | Status: 503 | Latency: 34.779µs | IP: ::1
2026/01/04 21:48:31 [GET] /api/v1/auth/me HTTP/1.1 | Status: 401 | Latency: 60.893µs | IP: ::1
2026/01/04 21:48:31 [POST] /api/v1/auth/refresh-token HTTP/1.1 | Status: 503 | Latency: 40.897µs | IP: ::1
2026/01/04 21:48:31 [GET] /api/v1/auth/me HTTP/1.1 | Status: 401 | Latency: 21.693µs | IP: ::1
2026/01/04 21:48:31 [POST] /api/v1/auth/refresh-token HTTP/1.1 | Status: 503 | Latency: 33.682µs | IP: ::1
2026/01/04 21:48:32 [GET] /api/v1/auth/me HTTP/1.1 | Status: 401 | Latency: 35.775µs | IP: ::1
2026/01/04 21:48:32 [POST] /api/v1/auth/refresh-token HTTP/1.1 | Status: 503 | Latency: 35.895µs | IP: ::1
2026/01/04 21:48:32 [GET] /api/v1/auth/me HTTP/1.1 | Status: 401 | Latency: 25.241µs | IP: ::1
2026/01/04 21:48:32 [POST] /api/v1/auth/refresh-token HTTP/1.1 | Status: 503 | Latency: 46.759µs | IP: ::1
2026/01/04 21:48:33 [GET] /api/v1/auth/me HTTP/1.1 | Status: 401 | Latency: 31.92µs | IP: ::1
2026/01/04 21:48:33 [POST] /api/v1/auth/refresh-token HTTP/1.1 | Status: 503 | Latency: 99.567µs | IP: ::1
2026/01/04 21:48:34 [GET] /api/v1/auth/me HTTP/1.1 | Status: 401 | Latency: 27.494µs | IP: ::1
2026/01/04 21:48:34 [POST] /api/v1/auth/refresh-token HTTP/1.1 | Status: 503 | Latency: 42.37µs | IP: ::1
2026/01/04 21:48:34 [GET] /api/v1/auth/me HTTP/1.1 | Status: 401 | Latency: 40.034µs | IP: ::1
2026/01/04 21:48:34 [POST] /api/v1/auth/refresh-token HTTP/1.1 | Status: 503 | Latency: 73.235µs | IP: ::1
2026/01/04 21:48:35 [GET] /api/v1/auth/me HTTP/1.1 | Status: 401 | Latency: 25.962µs | IP: ::1
2026/01/04 21:48:35 [POST] /api/v1/auth/refresh-token HTTP/1.1 | Status: 503 | Latency: 69.615µs | IP: ::1
2026/01/04 21:48:35 [GET] /api/v1/auth/me HTTP/1.1 | Status: 401 | Latency: 21.652µs | IP: ::1
2026/01/04 21:48:36 [POST] /api/v1/auth/refresh-token HTTP/1.1 | Status: 503 | Latency: 33.571µs | IP: ::1
2026/01/04 21:48:36 [GET] /api/v1/auth/me HTTP/1.1 | Status: 401 | Latency: 50.027µs | IP: ::1
2026/01/04 21:48:36 [POST] /api/v1/auth/refresh-token HTTP/1.1 | Status: 503 | Latency: 33.685µs | IP: ::1
2026/01/04 21:48:36 [GET] /api/v1/auth/me HTTP/1.1 | Status: 401 | Latency: 19.714µs | IP: ::1
2026/01/04 21:48:36 [POST] /api/v1/auth/refresh-token HTTP/1.1 | Status: 503 | Latency: 27.501µs | IP: ::1
2026/01/04 21:48:37 [GET] /api/v1/auth/me HTTP/1.1 | Status: 401 | Latency: 53.257µs | IP: ::1
2026/01/04 21:48:37 [POST] /api/v1/auth/refresh-token HTTP/1.1 | Status: 503 | Latency: 89.401µs | IP: ::1
2026/01/04 21:48:37 [GET] /api/v1/auth/me HTTP/1.1 | Status: 401 | Latency: 33.458µs | IP: ::1
2026/01/04 21:48:37 [POST] /api/v1/auth/refresh-token HTTP/1.1 | Status: 503 | Latency: 32.518µs | IP: ::1
2026/01/04 21:48:37 [GET] /api/v1/auth/me HTTP/1.1 | Status: 401 | Latency: 25.231µs | IP: ::1
2026/01/04 21:48:37 [POST] /api/v1/auth/refresh-token HTTP/1.1 | Status: 503 | Latency: 36.748µs | IP: ::1
2026/01/04 21:48:38 [GET] /api/v1/auth/me HTTP/1.1 | Status: 401 | Latency: 28.42µs | IP: ::1
2026/01/04 21:48:38 [POST] /api/v1/auth/refresh-token HTTP/1.1 | Status: 503 | Latency: 31.064µs | IP: ::1
2026/01/04 21:48:39 [GET] /api/v1/auth/me HTTP/1.1 | Status: 401 | Latency: 44.498µs | IP: ::1
2026/01/04 21:48:39 [POST] /api/v1/auth/refresh-token HTTP/1.1 | Status: 503 | Latency: 50.502µs | IP: ::1
2026/01/04 21:48:39 [GET] /api/v1/auth/me HTTP/1.1 | Status: 401 | Latency: 29.571µs | IP: ::1
2026/01/04 21:48:39 [POST] /api/v1/auth/refresh-token HTTP/1.1 | Status: 503 | Latency: 34.759µs | IP: ::1
2026/01/04 21:48:39 [GET] /api/v1/auth/me HTTP/1.1 | Status: 401 | Latency: 25.784µs | IP: ::1
2026/01/04 21:48:40 [POST] /api/v1/auth/refresh-token HTTP/1.1 | Status: 503 | Latency: 48.391µs | IP: ::1
2026/01/04 21:48:40 [GET] /api/v1/auth/me HTTP/1.1 | Status: 401 | Latency: 20.078µs | IP: ::1
2026/01/04 21:48:40 [POST] /api/v1/auth/refresh-token HTTP/1.1 | Status: 503 | Latency: 45.101µs | IP: ::1
2026/01/04 21:48:41 [GET] /api/v1/auth/me HTTP/1.1 | Status: 401 | Latency: 54.57µs | IP: ::1
2026/01/04 21:48:41 [POST] /api/v1/auth/refresh-token HTTP/1.1 | Status: 503 | Latency: 76.236µs | IP: ::1
2026/01/04 21:48:41 [GET] /api/v1/auth/me HTTP/1.1 | Status: 401 | Latency: 78.437µs | IP: ::1
2026/01/04 21:48:41 [POST] /api/v1/auth/refresh-token HTTP/1.1 | Status: 503 | Latency: 59.005µs | IP: ::1
2026/01/04 21:48:42 [GET] /api/v1/auth/me HTTP/1.1 | Status: 401 | Latency: 29.828µs | IP: ::1
2026/01/04 21:48:42 [POST] /api/v1/auth/refresh-token HTTP/1.1 | Status: 503 | Latency: 33.474µs | IP: ::1
2026/01/04 21:48:42 [GET] /api/v1/auth/me HTTP/1.1 | Status: 401 | Latency: 56.985µs | IP: ::1
2026/01/04 21:48:43 [POST] /api/v1/auth/refresh-token HTTP/1.1 | Status: 503 | Latency: 39.934µs | IP: ::1
2026/01/04 21:48:43 [GET] /api/v1/auth/me HTTP/1.1 | Status: 401 | Latency: 60.854µs | IP: ::1
2026/01/04 21:48:43 [POST] /api/v1/auth/refresh-token HTTP/1.1 | Status: 503 | Latency: 85.672µs | IP: ::1
2026/01/04 21:48:44 [GET] /api/v1/auth/me HTTP/1.1 | Status: 401 | Latency: 168.328µs | IP: ::1
2026/01/04 21:48:44 [POST] /api/v1/auth/refresh-token HTTP/1.1 | Status: 500 | Latency: 3.533222ms | IP: ::1
2026/01/04 21:48:44 [GET] /api/v1/auth/me HTTP/1.1 | Status: 401 | Latency: 27.35µs | IP: ::1
2026/01/04 21:48:44 [POST] /api/v1/auth/refresh-token HTTP/1.1 | Status: 503 | Latency: 35.791µs | IP: ::1
2026/01/04 21:48:45 [GET] /api/v1/auth/me HTTP/1.1 | Status: 401 | Latency: 87.558µs | IP: ::1
2026/01/04 21:48:45 [POST] /api/v1/auth/refresh-token HTTP/1.1 | Status: 503 | Latency: 33.275µs | IP: ::1
2026/01/04 21:48:45 [GET] /api/v1/auth/me HTTP/1.1 | Status: 401 | Latency: 24.907µs | IP: ::1
2026/01/04 21:48:45 [POST] /api/v1/auth/refresh-token HTTP/1.1 | Status: 503 | Latency: 25.616µs | IP: ::1
2026/01/04 21:48:46 [GET] /api/v1/auth/me HTTP/1.1 | Status: 401 | Latency: 22.131µs | IP: ::1
2026/01/04 21:48:46 [POST] /api/v1/auth/refresh-token HTTP/1.1 | Status: 503 | Latency: 31.876µs | IP: ::1
2026/01/04 21:48:46 [GET] /api/v1/auth/me HTTP/1.1 | Status: 401 | Latency: 46.667µs | IP: ::1
2026/01/04 21:48:46 [POST] /api/v1/auth/refresh-token HTTP/1.1 | Status: 503 | Latency: 37.597µs | IP: ::1
2026/01/04 21:48:47 [GET] /api/v1/auth/me HTTP/1.1 | Status: 401 | Latency: 21.192µs | IP: ::1
2026/01/04 21:48:47 [POST] /api/v1/auth/refresh-token HTTP/1.1 | Status: 503 | Latency: 32.386µs | IP: ::1
2026/01/04 21:48:47 [GET] /api/v1/auth/me HTTP/1.1 | Status: 401 | Latency: 84.023µs | IP: ::1
2026/01/04 21:48:47 [POST] /api/v1/auth/refresh-token HTTP/1.1 | Status: 503 | Latency: 40.048µs | IP: ::1
2026/01/04 21:48:48 [GET] /api/v1/auth/me HTTP/1.1 | Status: 401 | Latency: 27.829µs | IP: ::1
2026/01/04 21:48:48 [POST] /api/v1/auth/refresh-token HTTP/1.1 | Status: 503 | Latency: 35.652µs | IP: ::1
2026/01/04 21:48:48 [GET] /api/v1/auth/me HTTP/1.1 | Status: 401 | Latency: 25.984µs | IP: ::1
2026/01/04 21:48:48 [POST] /api/v1/auth/refresh-token HTTP/1.1 | Status: 503 | Latency: 51.242µs | IP: ::1
2026/01/04 21:48:48 [GET] /api/v1/auth/me HTTP/1.1 | Status: 401 | Latency: 36.715µs | IP: ::1
2026/01/04 21:48:48 [POST] /api/v1/auth/refresh-token HTTP/1.1 | Status: 503 | Latency: 26.946µs | IP: ::1
2026/01/04 21:48:49 [GET] /api/v1/auth/me HTTP/1.1 | Status: 401 | Latency: 29.741µs | IP: ::1
2026/01/04 21:48:49 [POST] /api/v1/auth/refresh-token HTTP/1.1 | Status: 503 | Latency: 79.637µs | IP: ::1
2026/01/04 21:48:49 [GET] /api/v1/auth/me HTTP/1.1 | Status: 401 | Latency: 31.875µs | IP: ::1
2026/01/04 21:48:49 [POST] /api/v1/auth/refresh-token HTTP/1.1 | Status: 503 | Latency: 38.447µs | IP: ::1
2026/01/04 21:48:50 [GET] /api/v1/auth/me HTTP/1.1 | Status: 401 | Latency: 45.299µs | IP: ::1
2026/01/04 21:48:50 [POST] /api/v1/auth/refresh-token HTTP/1.1 | Status: 503 | Latency: 43.119µs | IP: ::1
2026/01/04 21:48:51 [GET] /api/v1/auth/me HTTP/1.1 | Status: 401 | Latency: 21.86µs | IP: ::1
2026/01/04 21:48:51 [POST] /api/v1/auth/refresh-token HTTP/1.1 | Status: 503 | Latency: 35.193µs | IP: ::1
2026/01/04 21:48:51 [GET] /api/v1/auth/me HTTP/1.1 | Status: 401 | Latency: 25.93µs | IP: ::1
2026/01/04 21:48:51 [POST] /api/v1/auth/refresh-token HTTP/1.1 | Status: 503 | Latency: 28.372µs | IP: ::1
2026/01/04 21:48:52 [GET] /api/v1/auth/me HTTP/1.1 | Status: 401 | Latency: 20.491µs | IP: ::1
2026/01/04 21:48:52 [POST] /api/v1/auth/refresh-token HTTP/1.1 | Status: 429 | Latency: 70.133µs | IP: ::1
2026/01/04 21:48:52 [GET] /api/v1/auth/me HTTP/1.1 | Status: 401 | Latency: 33.84µs | IP: ::1
2026/01/04 21:48:52 [POST] /api/v1/auth/refresh-token HTTP/1.1 | Status: 429 | Latency: 48.429µs | IP: ::1
2026/01/04 21:48:53 [GET] /api/v1/auth/me HTTP/1.1 | Status: 401 | Latency: 38.728µs | IP: ::1
2026/01/04 21:48:53 [POST] /api/v1/auth/refresh-token HTTP/1.1 | Status: 429 | Latency: 91.151µs | IP: ::1
2026/01/04 21:48:54 [GET] /api/v1/auth/me HTTP/1.1 | Status: 401 | Latency: 80.362µs | IP: ::1
2026/01/04 21:48:54 [POST] /api/v1/auth/refresh-token HTTP/1.1 | Status: 429 | Latency: 32.635µs | IP: ::1
2026/01/04 21:48:54 [GET] /api/v1/auth/me HTTP/1.1 | Status: 401 | Latency: 28.982µs | IP: ::1
2026/01/04 21:48:54 [POST] /api/v1/auth/refresh-token HTTP/1.1 | Status: 429 | Latency: 102.1µs | IP: ::1
2026/01/04 21:48:55 [GET] /api/v1/auth/me HTTP/1.1 | Status: 401 | Latency: 29.292µs | IP: ::1
2026/01/04 21:48:55 [POST] /api/v1/auth/refresh-token HTTP/1.1 | Status: 429 | Latency: 30.469µs | IP: ::1
2026/01/04 21:48:55 [GET] /api/v1/auth/me HTTP/1.1 | Status: 401 | Latency: 63.979µs | IP: ::1
2026/01/04 21:48:55 [POST] /api/v1/auth/refresh-token HTTP/1.1 | Status: 429 | Latency: 35.868µs | IP: ::1
2026/01/04 21:48:56 [GET] /api/v1/auth/me HTTP/1.1 | Status: 429 | Latency: 21.095µs | IP: ::1
2026/01/04 21:49:07 [GET] /api/v1/auth/me HTTP/1.1 | Status: 401 | Latency: 22.225µs | IP: ::1
2026/01/04 21:49:07 [POST] /api/v1/auth/refresh-token HTTP/1.1 | Status: 503 | Latency: 23.355µs | IP: ::1
2026/01/04 21:49:07 [POST] /api/v1/auth/logout HTTP/1.1 | Status: 401 | Latency: 312.02µs | IP: ::1
2026/01/04 21:49:07 [POST] /api/v1/auth/refresh-token HTTP/1.1 | Status: 503 | Latency: 43.008µs | IP: ::1
2026/01/04 21:49:08 [GET] /api/v1/auth/me HTTP/1.1 | Status: 401 | Latency: 21.319µs | IP: ::1
2026/01/04 21:49:08 [POST] /api/v1/auth/refresh-token HTTP/1.1 | Status: 503 | Latency: 46.011µs | IP: ::1
2026/01/04 21:49:08 [POST] /api/v1/auth/logout HTTP/1.1 | Status: 401 | Latency: 55.246µs | IP: ::1
2026/01/04 21:49:08 [POST] /api/v1/auth/refresh-token HTTP/1.1 | Status: 503 | Latency: 32.434µs | IP: ::1
2026/01/04 21:49:08 [GET] /api/v1/auth/me HTTP/1.1 | Status: 401 | Latency: 48.233µs | IP: ::1
2026/01/04 21:49:08 [POST] /api/v1/auth/refresh-token HTTP/1.1 | Status: 503 | Latency: 36.647µs | IP: ::1
2026/01/04 21:49:08 [POST] /api/v1/auth/logout HTTP/1.1 | Status: 401 | Latency: 33.862µs | IP: ::1
2026/01/04 21:49:08 [POST] /api/v1/auth/refresh-token HTTP/1.1 | Status: 503 | Latency: 35.705µs | IP: ::1
2026/01/04 21:49:09 [GET] /api/v1/auth/me HTTP/1.1 | Status: 401 | Latency: 21.268µs | IP: ::1
2026/01/04 21:49:09 [POST] /api/v1/auth/refresh-token HTTP/1.1 | Status: 503 | Latency: 36.077µs | IP: ::1
2026/01/04 21:49:09 [POST] /api/v1/auth/logout HTTP/1.1 | Status: 401 | Latency: 94.309µs | IP: ::1
2026/01/04 21:49:09 [POST] /api/v1/auth/refresh-token HTTP/1.1 | Status: 503 | Latency: 54.387µs | IP: ::1
2026/01/04 21:49:09 [GET] /api/v1/auth/me HTTP/1.1 | Status: 401 | Latency: 29.826µs | IP: ::1
2026/01/04 21:49:10 [POST] /api/v1/auth/refresh-token HTTP/1.1 | Status: 503 | Latency: 58.128µs | IP: ::1
2026/01/04 21:49:10 [POST] /api/v1/auth/logout HTTP/1.1 | Status: 401 | Latency: 47.384µs | IP: ::1
2026/01/04 21:49:10 [POST] /api/v1/auth/refresh-token HTTP/1.1 | Status: 503 | Latency: 88.162µs | IP: ::1
2026/01/04 21:49:10 [GET] /api/v1/auth/me HTTP/1.1 | Status: 401 | Latency: 32.672µs | IP: ::1
2026/01/04 21:49:10 [POST] /api/v1/auth/refresh-token HTTP/1.1 | Status: 503 | Latency: 33.229µs | IP: ::1
2026/01/04 21:49:10 [POST] /api/v1/auth/logout HTTP/1.1 | Status: 401 | Latency: 46.883µs | IP: ::1
2026/01/04 21:49:10 [POST] /api/v1/auth/refresh-token HTTP/1.1 | Status: 503 | Latency: 33.338µs | IP: ::1
2026/01/04 21:49:11 [GET] /api/v1/auth/me HTTP/1.1 | Status: 401 | Latency: 29.106µs | IP: ::1
2026/01/04 21:49:11 [POST] /api/v1/auth/refresh-token HTTP/1.1 | Status: 503 | Latency: 38.599µs | IP: ::1
2026/01/04 21:49:11 [POST] /api/v1/auth/logout HTTP/1.1 | Status: 429 | Latency: 54.412µs | IP: ::1
2026/01/04 21:49:11 [GET] /api/v1/auth/me HTTP/1.1 | Status: 401 | Latency: 22.098µs | IP: ::1
2026/01/04 21:49:11 [POST] /api/v1/auth/refresh-token HTTP/1.1 | Status: 429 | Latency: 21.495µs | IP: ::1
2026/01/04 21:49:11 [POST] /api/v1/auth/logout HTTP/1.1 | Status: 429 | Latency: 26.897µs | IP: ::1
2026/01/04 21:49:12 [GET] /api/v1/auth/me HTTP/1.1 | Status: 401 | Latency: 49.31µs | IP: ::1
2026/01/04 21:49:12 [GET] /api/v1/auth/me HTTP/1.1 | Status: 429 | Latency: 28.159µs | IP: ::1
2026/01/04 21:49:12 [POST] /api/v1/auth/refresh-token HTTP/1.1 | Status: 429 | Latency: 38.823µs | IP: ::1
2026/01/04 21:49:12 [POST] /api/v1/auth/logout HTTP/1.1 | Status: 429 | Latency: 13.92µs | IP: ::1
2026/01/04 21:49:12 [POST] /api/v1/auth/logout HTTP/1.1 | Status: 429 | Latency: 66.018µs | IP: ::1
2026/01/04 21:49:12 [GET] /api/v1/auth/me HTTP/1.1 | Status: 429 | Latency: 22.533µs | IP: ::1
2026/01/04 21:49:12 [POST] /api/v1/auth/logout HTTP/1.1 | Status: 401 | Latency: 24.272µs | IP: ::1
2026/01/04 21:49:12 [POST] /api/v1/auth/refresh-token HTTP/1.1 | Status: 429 | Latency: 35.386µs | IP: ::1
2026/01/04 21:49:13 [GET] /api/v1/auth/me HTTP/1.1 | Status: 429 | Latency: 28.638µs | IP: ::1
2026/01/04 21:49:13 [POST] /api/v1/auth/logout HTTP/1.1 | Status: 429 | Latency: 37.576µs | IP: ::1
2026/01/04 21:50:17 [GET] /api/v1/auth/me HTTP/1.1 | Status: 401 | Latency: 30.326µs | IP: ::1
2026/01/04 21:50:17 [POST] /api/v1/auth/refresh-token HTTP/1.1 | Status: 500 | Latency: 1.5346ms | IP: ::1
2026/01/04 21:50:17 [POST] /api/v1/auth/logout HTTP/1.1 | Status: 401 | Latency: 85.213µs | IP: ::1
2026/01/04 21:50:17 [POST] /api/v1/auth/refresh-token HTTP/1.1 | Status: 503 | Latency: 66.844µs | IP: ::1
2026/01/04 21:50:18 [GET] /api/v1/auth/me HTTP/1.1 | Status: 401 | Latency: 23.244µs | IP: ::1
2026/01/04 21:50:18 [POST] /api/v1/auth/refresh-token HTTP/1.1 | Status: 503 | Latency: 54.94µs | IP: ::1
2026/01/04 21:50:18 [POST] /api/v1/auth/logout HTTP/1.1 | Status: 401 | Latency: 39.85µs | IP: ::1
2026/01/04 21:50:18 [POST] /api/v1/auth/refresh-token HTTP/1.1 | Status: 503 | Latency: 80.82µs | IP: ::1
2026/01/04 21:50:18 [GET] /api/v1/auth/me HTTP/1.1 | Status: 401 | Latency: 64.999µs | IP: ::1
2026/01/04 21:50:18 [POST] /api/v1/auth/refresh-token HTTP/1.1 | Status: 503 | Latency: 32.867µs | IP: ::1
2026/01/04 21:50:19 [POST] /api/v1/auth/logout HTTP/1.1 | Status: 401 | Latency: 42.094µs | IP: ::1
2026/01/04 21:50:19 [POST] /api/v1/auth/refresh-token HTTP/1.1 | Status: 503 | Latency: 75.84µs | IP: ::1
2026/01/04 21:50:19 [GET] /api/v1/auth/me HTTP/1.1 | Status: 401 | Latency: 35.409µs | IP: ::1
2026/01/04 21:50:19 [POST] /api/v1/auth/refresh-token HTTP/1.1 | Status: 503 | Latency: 50.983µs | IP: ::1
2026/01/04 21:50:19 [POST] /api/v1/auth/logout HTTP/1.1 | Status: 401 | Latency: 48.932µs | IP: ::1
2026/01/04 21:50:19 [POST] /api/v1/auth/refresh-token HTTP/1.1 | Status: 503 | Latency: 49.287µs | IP: ::1
2026/01/04 21:50:20 [GET] /api/v1/auth/me HTTP/1.1 | Status: 401 | Latency: 88.804µs | IP: ::1
2026/01/04 21:50:20 [POST] /api/v1/auth/refresh-token HTTP/1.1 | Status: 503 | Latency: 45.135µs | IP: ::1
2026/01/04 21:50:20 [POST] /api/v1/auth/logout HTTP/1.1 | Status: 401 | Latency: 39.946µs | IP: ::1
2026/01/04 21:50:20 [POST] /api/v1/auth/refresh-token HTTP/1.1 | Status: 503 | Latency: 41.082µs | IP: ::1
2026/01/04 21:50:21 [GET] /api/v1/auth/me HTTP/1.1 | Status: 401 | Latency: 21.743µs | IP: ::1
2026/01/04 21:50:21 [POST] /api/v1/auth/refresh-token HTTP/1.1 | Status: 503 | Latency: 39.059µs | IP: ::1
2026/01/04 21:50:21 [POST] /api/v1/auth/logout HTTP/1.1 | Status: 401 | Latency: 123.091µs | IP: ::1
2026/01/04 21:50:21 [POST] /api/v1/auth/refresh-token HTTP/1.1 | Status: 503 | Latency: 93.879µs | IP: ::1
2026/01/04 21:50:21 [GET] /api/v1/auth/me HTTP/1.1 | Status: 401 | Latency: 72.028µs | IP: ::1
2026/01/04 21:50:21 [POST] /api/v1/auth/refresh-token HTTP/1.1 | Status: 503 | Latency: 83.456µs | IP: ::1
2026/01/04 21:50:21 [POST] /api/v1/auth/logout HTTP/1.1 | Status: 401 | Latency: 64.561µs | IP: ::1
2026/01/04 21:50:21 [POST] /api/v1/auth/refresh-token HTTP/1.1 | Status: 503 | Latency: 43.774µs | IP: ::1
2026/01/04 21:50:24 [GET] /api/v1/auth/me HTTP/1.1 | Status: 401 | Latency: 30.473µs | IP: ::1
2026/01/04 21:50:24 [POST] /api/v1/auth/refresh-token HTTP/1.1 | Status: 503 | Latency: 71.358µs | IP: ::1
2026/01/04 21:50:24 [POST] /api/v1/auth/logout HTTP/1.1 | Status: 401 | Latency: 51.569µs | IP: ::1
2026/01/04 21:50:24 [POST] /api/v1/auth/refresh-token HTTP/1.1 | Status: 503 | Latency: 65.771µs | IP: ::1
2026/01/04 21:50:24 [GET] /api/v1/auth/me HTTP/1.1 | Status: 401 | Latency: 60.369µs | IP: ::1
2026/01/04 21:50:24 [POST] /api/v1/auth/refresh-token HTTP/1.1 | Status: 503 | Latency: 33.452µs | IP: ::1
2026/01/04 21:50:25 [POST] /api/v1/auth/logout HTTP/1.1 | Status: 401 | Latency: 28.395µs | IP: ::1
2026/01/04 21:50:25 [POST] /api/v1/auth/refresh-token HTTP/1.1 | Status: 503 | Latency: 71.614µs | IP: ::1
2026/01/04 21:50:25 [GET] /api/v1/auth/me HTTP/1.1 | Status: 401 | Latency: 64.893µs | IP: ::1
2026/01/04 21:50:25 [POST] /api/v1/auth/refresh-token HTTP/1.1 | Status: 503 | Latency: 41.337µs | IP: ::1
2026/01/04 21:50:25 [POST] /api/v1/auth/logout HTTP/1.1 | Status: 401 | Latency: 29.702µs | IP: ::1
2026/01/04 21:50:25 [POST] /api/v1/auth/refresh-token HTTP/1.1 | Status: 503 | Latency: 30.378µs | IP: ::1
2026/01/04 21:50:26 [GET] /api/v1/auth/me HTTP/1.1 | Status: 401 | Latency: 23.599µs | IP: ::1
2026/01/04 21:50:26 [POST] /api/v1/auth/logout HTTP/1.1 | Status: 401 | Latency: 34.818µs | IP: ::1
2026/01/04 21:50:26 [POST] /api/v1/auth/refresh-token HTTP/1.1 | Status: 503 | Latency: 41.074µs | IP: ::1
2026/01/04 21:50:26 [GET] /api/v1/auth/me HTTP/1.1 | Status: 401 | Latency: 24.029µs | IP: ::1
2026/01/04 21:50:26 [POST] /api/v1/auth/refresh-token HTTP/1.1 | Status: 503 | Latency: 36.916µs | IP: ::1
2026/01/04 21:50:26 [POST] /api/v1/auth/logout HTTP/1.1 | Status: 401 | Latency: 63.981µs | IP: ::1
2026/01/04 21:50:26 [POST] /api/v1/auth/refresh-token HTTP/1.1 | Status: 503 | Latency: 29.658µs | IP: ::1
2026/01/04 21:50:27 [GET] /api/v1/auth/me HTTP/1.1 | Status: 401 | Latency: 62.218µs | IP: ::1
2026/01/04 21:50:27 [POST] /api/v1/auth/refresh-token HTTP/1.1 | Status: 503 | Latency: 39.535µs | IP: ::1
2026/01/04 21:50:27 [POST] /api/v1/auth/logout HTTP/1.1 | Status: 401 | Latency: 59.449µs | IP: ::1
2026/01/04 21:50:27 [POST] /api/v1/auth/refresh-token HTTP/1.1 | Status: 503 | Latency: 57.182µs | IP: ::1
2026/01/04 21:50:28 [GET] /api/v1/auth/me HTTP/1.1 | Status: 401 | Latency: 27.923µs | IP: ::1
2026/01/04 21:50:28 [POST] /api/v1/auth/refresh-token HTTP/1.1 | Status: 503 | Latency: 75.71µs | IP: ::1
2026/01/04 21:50:28 [POST] /api/v1/auth/logout HTTP/1.1 | Status: 401 | Latency: 29.164µs | IP: ::1
2026/01/04 21:50:28 [POST] /api/v1/auth/refresh-token HTTP/1.1 | Status: 503 | Latency: 64.214µs | IP: ::1
2026/01/04 21:50:28 [GET] /api/v1/auth/me HTTP/1.1 | Status: 401 | Latency: 22.093µs | IP: ::1
2026/01/04 21:50:28 [POST] /api/v1/auth/refresh-token HTTP/1.1 | Status: 503 | Latency: 34.825µs | IP: ::1
2026/01/04 21:50:29 [POST] /api/v1/auth/logout HTTP/1.1 | Status: 401 | Latency: 40.267µs | IP: ::1
2026/01/04 21:50:29 [POST] /api/v1/auth/refresh-token HTTP/1.1 | Status: 503 | Latency: 90.774µs | IP: ::1
2026/01/04 21:50:29 [GET] /api/v1/auth/me HTTP/1.1 | Status: 401 | Latency: 57.205µs | IP: ::1
2026/01/04 21:50:29 [POST] /api/v1/auth/refresh-token HTTP/1.1 | Status: 503 | Latency: 42.379µs | IP: ::1
2026/01/04 21:50:29 [POST] /api/v1/auth/logout HTTP/1.1 | Status: 401 | Latency: 60.483µs | IP: ::1
2026/01/04 21:50:29 [POST] /api/v1/auth/refresh-token HTTP/1.1 | Status: 503 | Latency: 64.895µs | IP: ::1
2026/01/04 21:50:30 [GET] /api/v1/auth/me HTTP/1.1 | Status: 401 | Latency: 28.556µs | IP: ::1
2026/01/04 21:50:30 [POST] /api/v1/auth/refresh-token HTTP/1.1 | Status: 503 | Latency: 66.665µs | IP: ::1
2026/01/04 21:50:30 [POST] /api/v1/auth/logout HTTP/1.1 | Status: 401 | Latency: 47.724µs | IP: ::1
2026/01/04 21:50:30 [POST] /api/v1/auth/refresh-token HTTP/1.1 | Status: 503 | Latency: 34.264µs | IP: ::1
2026/01/04 21:50:30 [GET] /api/v1/auth/me HTTP/1.1 | Status: 401 | Latency: 33.802µs | IP: ::1
2026/01/04 21:50:30 [POST] /api/v1/auth/refresh-token HTTP/1.1 | Status: 503 | Latency: 32.254µs | IP: ::1
2026/01/04 21:50:30 [POST] /api/v1/auth/logout HTTP/1.1 | Status: 401 | Latency: 31.043µs | IP: ::1
2026/01/04 21:50:30 [POST] /api/v1/auth/refresh-token HTTP/1.1 | Status: 503 | Latency: 44.003µs | IP: ::1
2026/01/04 21:50:31 [GET] /api/v1/auth/me HTTP/1.1 | Status: 401 | Latency: 27.003µs | IP: ::1
2026/01/04 21:50:31 [POST] /api/v1/auth/refresh-token HTTP/1.1 | Status: 503 | Latency: 28.226µs | IP: ::1
2026/01/04 21:50:31 [POST] /api/v1/auth/logout HTTP/1.1 | Status: 401 | Latency: 40.046µs | IP: ::1
2026/01/04 21:50:31 [POST] /api/v1/auth/refresh-token HTTP/1.1 | Status: 503 | Latency: 94.622µs | IP: ::1
2026/01/04 21:50:32 [GET] /api/v1/auth/me HTTP/1.1 | Status: 401 | Latency: 47.975µs | IP: ::1
2026/01/04 21:50:32 [POST] /api/v1/auth/refresh-token HTTP/1.1 | Status: 503 | Latency: 62.623µs | IP: ::1
2026/01/04 21:50:32 [POST] /api/v1/auth/logout HTTP/1.1 | Status: 401 | Latency: 47.082µs | IP: ::1
2026/01/04 21:50:32 [POST] /api/v1/auth/refresh-token HTTP/1.1 | Status: 503 | Latency: 30.205µs | IP: ::1
2026/01/04 21:50:32 [GET] /api/v1/auth/me HTTP/1.1 | Status: 401 | Latency: 34.279µs | IP: ::1
2026/01/04 21:50:32 [POST] /api/v1/auth/refresh-token HTTP/1.1 | Status: 503 | Latency: 44.074µs | IP: ::1
2026/01/04 21:50:32 [POST] /api/v1/auth/logout HTTP/1.1 | Status: 401 | Latency: 43.555µs | IP: ::1
2026/01/04 21:50:32 [POST] /api/v1/auth/refresh-token HTTP/1.1 | Status: 503 | Latency: 33.413µs | IP: ::1
2026/01/04 21:50:33 [GET] /api/v1/auth/me HTTP/1.1 | Status: 401 | Latency: 54.029µs | IP: ::1
2026/01/04 21:50:33 [POST] /api/v1/auth/refresh-token HTTP/1.1 | Status: 503 | Latency: 42.498µs | IP: ::1
2026/01/04 21:50:33 [POST] /api/v1/auth/logout HTTP/1.1 | Status: 401 | Latency: 23.138µs | IP: ::1
2026/01/04 21:50:33 [GET] /api/v1/auth/me HTTP/1.1 | Status: 401 | Latency: 59.96µs | IP: ::1
2026/01/04 21:50:33 [POST] /api/v1/auth/refresh-token HTTP/1.1 | Status: 503 | Latency: 27.868µs | IP: ::1
2026/01/04 21:50:33 [POST] /api/v1/auth/logout HTTP/1.1 | Status: 401 | Latency: 44.425µs | IP: ::1
2026/01/04 21:50:33 [POST] /api/v1/auth/refresh-token HTTP/1.1 | Status: 503 | Latency: 79.622µs | IP: ::1
2026/01/04 21:50:34 [GET] /api/v1/auth/me HTTP/1.1 | Status: 401 | Latency: 29.913µs | IP: ::1
2026/01/04 21:50:34 [POST] /api/v1/auth/refresh-token HTTP/1.1 | Status: 503 | Latency: 34.356µs | IP: ::1
2026/01/04 21:50:34 [POST] /api/v1/auth/logout HTTP/1.1 | Status: 401 | Latency: 94.139µs | IP: ::1
2026/01/04 21:50:34 [POST] /api/v1/auth/refresh-token HTTP/1.1 | Status: 503 | Latency: 51.518µs | IP: ::1
2026/01/04 21:50:34 [GET] /api/v1/auth/me HTTP/1.1 | Status: 401 | Latency: 31.907µs | IP: ::1
2026/01/04 21:50:34 [POST] /api/v1/auth/refresh-token HTTP/1.1 | Status: 503 | Latency: 56.519µs | IP: ::1
2026/01/04 21:50:35 [POST] /api/v1/auth/logout HTTP/1.1 | Status: 401 | Latency: 52.743µs | IP: ::1
2026/01/04 21:50:35 [GET] /api/v1/auth/me HTTP/1.1 | Status: 401 | Latency: 26.118µs | IP: ::1
2026/01/04 21:50:35 [POST] /api/v1/auth/refresh-token HTTP/1.1 | Status: 503 | Latency: 128.017µs | IP: ::1
2026/01/04 21:50:35 [POST] /api/v1/auth/logout HTTP/1.1 | Status: 401 | Latency: 38.2µs | IP: ::1
2026/01/04 21:50:35 [POST] /api/v1/auth/refresh-token HTTP/1.1 | Status: 503 | Latency: 26.336µs | IP: ::1
2026/01/04 21:50:35 [GET] /api/v1/auth/me HTTP/1.1 | Status: 401 | Latency: 30.849µs | IP: ::1
2026/01/04 21:50:36 [POST] /api/v1/auth/refresh-token HTTP/1.1 | Status: 503 | Latency: 29.301µs | IP: ::1
2026/01/04 21:50:36 [POST] /api/v1/auth/logout HTTP/1.1 | Status: 401 | Latency: 35.409µs | IP: ::1
2026/01/04 21:50:36 [POST] /api/v1/auth/refresh-token HTTP/1.1 | Status: 503 | Latency: 66.11µs | IP: ::1
2026/01/04 21:50:36 [GET] /api/v1/auth/me HTTP/1.1 | Status: 401 | Latency: 28.078µs | IP: ::1
2026/01/04 21:50:36 [POST] /api/v1/auth/refresh-token HTTP/1.1 | Status: 503 | Latency: 45.125µs | IP: ::1
2026/01/04 21:50:36 [POST] /api/v1/auth/logout HTTP/1.1 | Status: 401 | Latency: 47.618µs | IP: ::1
2026/01/04 21:50:36 [POST] /api/v1/auth/refresh-token HTTP/1.1 | Status: 503 | Latency: 43.205µs | IP: ::1
2026/01/04 21:50:37 [GET] /api/v1/auth/me HTTP/1.1 | Status: 401 | Latency: 50.938µs | IP: ::1
2026/01/04 21:50:37 [POST] /api/v1/auth/refresh-token HTTP/1.1 | Status: 503 | Latency: 34.176µs | IP: ::1
2026/01/04 21:50:37 [POST] /api/v1/auth/logout HTTP/1.1 | Status: 401 | Latency: 43.209µs | IP: ::1
2026/01/04 21:50:37 [POST] /api/v1/auth/refresh-token HTTP/1.1 | Status: 503 | Latency: 49.241µs | IP: ::1
2026/01/04 21:50:37 [GET] /api/v1/auth/me HTTP/1.1 | Status: 401 | Latency: 30.112µs | IP: ::1
2026/01/04 21:50:37 [POST] /api/v1/auth/refresh-token HTTP/1.1 | Status: 503 | Latency: 33.27µs | IP: ::1
2026/01/04 21:50:37 [POST] /api/v1/auth/logout HTTP/1.1 | Status: 401 | Latency: 45.219µs | IP: ::1
2026/01/04 21:50:37 [POST] /api/v1/auth/refresh-token HTTP/1.1 | Status: 503 | Latency: 49.83µs | IP: ::1
2026/01/04 21:50:38 [GET] /api/v1/auth/me HTTP/1.1 | Status: 401 | Latency: 39.041µs | IP: ::1
2026/01/04 21:50:38 [POST] /api/v1/auth/refresh-token HTTP/1.1 | Status: 503 | Latency: 70.126µs | IP: ::1
2026/01/04 21:50:38 [POST] /api/v1/auth/logout HTTP/1.1 | Status: 401 | Latency: 49.495µs | IP: ::1
2026/01/04 21:50:38 [POST] /api/v1/auth/refresh-token HTTP/1.1 | Status: 503 | Latency: 42.059µs | IP: ::1
2026/01/04 21:50:39 [GET] /api/v1/auth/me HTTP/1.1 | Status: 401 | Latency: 31.061µs | IP: ::1
2026/01/04 21:50:39 [POST] /api/v1/auth/refresh-token HTTP/1.1 | Status: 503 | Latency: 38.298µs | IP: ::1
2026/01/04 21:50:39 [POST] /api/v1/auth/logout HTTP/1.1 | Status: 401 | Latency: 47.942µs | IP: ::1
2026/01/04 21:50:39 [POST] /api/v1/auth/refresh-token HTTP/1.1 | Status: 503 | Latency: 44.542µs | IP: ::1
2026/01/04 21:50:39 [GET] /api/v1/auth/me HTTP/1.1 | Status: 401 | Latency: 28.244µs | IP: ::1
2026/01/04 21:50:39 [POST] /api/v1/auth/refresh-token HTTP/1.1 | Status: 503 | Latency: 41.961µs | IP: ::1
2026/01/04 21:50:39 [POST] /api/v1/auth/logout HTTP/1.1 | Status: 401 | Latency: 67.711µs | IP: ::1
2026/01/04 21:50:39 [POST] /api/v1/auth/refresh-token HTTP/1.1 | Status: 503 | Latency: 38.495µs | IP: ::1
2026/01/04 21:50:40 [GET] /api/v1/auth/me HTTP/1.1 | Status: 401 | Latency: 75.807µs | IP: ::1
2026/01/04 21:50:40 [POST] /api/v1/auth/refresh-token HTTP/1.1 | Status: 503 | Latency: 32.649µs | IP: ::1
2026/01/04 21:50:40 [POST] /api/v1/auth/logout HTTP/1.1 | Status: 401 | Latency: 51.57µs | IP: ::1
2026/01/04 21:50:40 [GET] /api/v1/auth/me HTTP/1.1 | Status: 401 | Latency: 28.632µs | IP: ::1
2026/01/04 21:50:40 [POST] /api/v1/auth/refresh-token HTTP/1.1 | Status: 503 | Latency: 66.5µs | IP: ::1
2026/01/04 21:50:40 [POST] /api/v1/auth/logout HTTP/1.1 | Status: 401 | Latency: 46.18µs | IP: ::1
2026/01/04 21:50:40 [POST] /api/v1/auth/refresh-token HTTP/1.1 | Status: 503 | Latency: 57.776µs | IP: ::1
2026/01/04 21:50:41 [GET] /api/v1/auth/me HTTP/1.1 | Status: 401 | Latency: 39.174µs | IP: ::1
2026/01/04 21:50:41 [POST] /api/v1/auth/refresh-token HTTP/1.1 | Status: 503 | Latency: 35.862µs | IP: ::1
2026/01/04 21:50:41 [POST] /api/v1/auth/logout HTTP/1.1 | Status: 401 | Latency: 28.08µs | IP: ::1
2026/01/04 21:50:41 [POST] /api/v1/auth/refresh-token HTTP/1.1 | Status: 429 | Latency: 87.326µs | IP: ::1
2026/01/04 21:50:42 [GET] /api/v1/auth/me HTTP/1.1 | Status: 401 | Latency: 61.43µs | IP: ::1
2026/01/04 21:50:42 [POST] /api/v1/auth/refresh-token HTTP/1.1 | Status: 429 | Latency: 33.824µs | IP: ::1
2026/01/04 21:50:42 [POST] /api/v1/auth/logout HTTP/1.1 | Status: 429 | Latency: 28.7µs | IP: ::1
2026/01/04 21:50:42 [GET] /api/v1/auth/me HTTP/1.1 | Status: 401 | Latency: 20.569µs | IP: ::1
2026/01/04 21:50:42 [POST] /api/v1/auth/refresh-token HTTP/1.1 | Status: 429 | Latency: 26.393µs | IP: ::1
2026/01/04 21:50:42 [POST] /api/v1/auth/logout HTTP/1.1 | Status: 429 | Latency: 31.011µs | IP: ::1
2026/01/04 21:50:43 [GET] /api/v1/auth/me HTTP/1.1 | Status: 401 | Latency: 122.775µs | IP: ::1
2026/01/04 21:50:43 [POST] /api/v1/auth/refresh-token HTTP/1.1 | Status: 429 | Latency: 23.755µs | IP: ::1
2026/01/04 21:50:43 [POST] /api/v1/auth/logout HTTP/1.1 | Status: 429 | Latency: 32.268µs | IP: ::1
2026/01/04 21:50:44 [GET] /api/v1/auth/me HTTP/1.1 | Status: 401 | Latency: 44.426µs | IP: ::1
2026/01/04 21:50:44 [POST] /api/v1/auth/refresh-token HTTP/1.1 | Status: 429 | Latency: 29.052µs | IP: ::1
2026/01/04 21:50:44 [POST] /api/v1/auth/logout HTTP/1.1 | Status: 429 | Latency: 41.739µs | IP: ::1
2026/01/04 21:50:44 [GET] /api/v1/auth/me HTTP/1.1 | Status: 401 | Latency: 255.915µs | IP: ::1
2026/01/04 21:50:44 [POST] /api/v1/auth/refresh-token HTTP/1.1 | Status: 429 | Latency: 34.852µs | IP: ::1
2026/01/04 21:50:44 [POST] /api/v1/auth/logout HTTP/1.1 | Status: 429 | Latency: 30.964µs | IP: ::1
2026/01/04 21:50:45 [GET] /api/v1/auth/me HTTP/1.1 | Status: 401 | Latency: 25.773µs | IP: ::1
2026/01/04 21:50:45 [POST] /api/v1/auth/refresh-token HTTP/1.1 | Status: 429 | Latency: 19.828µs | IP: ::1
2026/01/04 21:50:45 [POST] /api/v1/auth/logout HTTP/1.1 | Status: 429 | Latency: 25.986µs | IP: ::1
2026/01/04 21:50:45 [GET] /api/v1/auth/me HTTP/1.1 | Status: 401 | Latency: 36.151µs | IP: ::1
2026/01/04 21:50:45 [POST] /api/v1/auth/refresh-token HTTP/1.1 | Status: 429 | Latency: 23.054µs | IP: ::1
2026/01/04 21:50:45 [POST] /api/v1/auth/logout HTTP/1.1 | Status: 429 | Latency: 24.238µs | IP: ::1
2026/01/04 21:50:46 [GET] /api/v1/auth/me HTTP/1.1 | Status: 401 | Latency: 87.548µs | IP: ::1
2026/01/04 21:50:46 [POST] /api/v1/auth/refresh-token HTTP/1.1 | Status: 429 | Latency: 24.79µs | IP: ::1
2026/01/04 21:50:46 [POST] /api/v1/auth/logout HTTP/1.1 | Status: 429 | Latency: 32.777µs | IP: ::1
2026/01/04 21:50:46 [GET] /api/v1/auth/me HTTP/1.1 | Status: 401 | Latency: 34.813µs | IP: ::1
2026/01/04 21:50:46 [POST] /api/v1/auth/refresh-token HTTP/1.1 | Status: 429 | Latency: 17.711µs | IP: ::1
2026/01/04 21:50:46 [POST] /api/v1/auth/logout HTTP/1.1 | Status: 429 | Latency: 38.378µs | IP: ::1
2026/01/04 21:50:47 [GET] /api/v1/auth/me HTTP/1.1 | Status: 401 | Latency: 47.941µs | IP: ::1
2026/01/04 21:50:47 [POST] /api/v1/auth/refresh-token HTTP/1.1 | Status: 429 | Latency: 33.035µs | IP: ::1
2026/01/04 21:50:47 [POST] /api/v1/auth/logout HTTP/1.1 | Status: 429 | Latency: 17.647µs | IP: ::1
2026/01/04 21:50:47 [GET] /api/v1/auth/me HTTP/1.1 | Status: 401 | Latency: 21.917µs | IP: ::1
2026/01/04 21:50:47 [POST] /api/v1/auth/refresh-token HTTP/1.1 | Status: 429 | Latency: 92.974µs | IP: ::1
2026/01/04 21:50:47 [POST] /api/v1/auth/logout HTTP/1.1 | Status: 429 | Latency: 36.916µs | IP: ::1
2026/01/04 21:50:48 [GET] /api/v1/auth/me HTTP/1.1 | Status: 429 | Latency: 16.471µs | IP: ::1
2026/01/04 21:50:48 [POST] /api/v1/auth/logout HTTP/1.1 | Status: 429 | Latency: 25.868µs | IP: ::1
2026/01/04 21:50:52 [OPTIONS] /api/v1/auth/login HTTP/1.1 | Status: 204 | Latency: 43.722µs | IP: ::1
2026/01/04 21:50:52 [POST] /api/v1/auth/login HTTP/1.1 | Status: 200 | Latency: 87.845166ms | IP: ::1
2026/01/04 21:50:52 [GET] /api/v1/auth/me HTTP/1.1 | Status: 401 | Latency: 62.417µs | IP: ::1
2026/01/04 21:50:52 [POST] /api/v1/auth/refresh-token HTTP/1.1 | Status: 500 | Latency: 4.272882ms | IP: ::1
2026/01/04 21:50:52 [GET] /api/v1/auth/me HTTP/1.1 | Status: 401 | Latency: 67.39µs | IP: ::1
2026/01/04 21:50:52 [POST] /api/v1/auth/refresh-token HTTP/1.1 | Status: 500 | Latency: 6.202417ms | IP: ::1
2026/01/04 21:50:52 [POST] /api/v1/auth/logout HTTP/1.1 | Status: 401 | Latency: 90.087µs | IP: ::1
2026/01/04 21:50:53 [POST] /api/v1/auth/refresh-token HTTP/1.1 | Status: 200 | Latency: 23.793181ms | IP: ::1
2026/01/04 21:50:53 [POST] /api/v1/auth/logout HTTP/1.1 | Status: 429 | Latency: 84.275µs | IP: ::1
2026/01/04 21:50:53 [GET] /api/v1/auth/me HTTP/1.1 | Status: 401 | Latency: 71.216µs | IP: ::1
2026/01/04 21:50:53 [POST] /api/v1/auth/refresh-token HTTP/1.1 | Status: 429 | Latency: 31.735µs | IP: ::1
2026/01/04 21:50:53 [POST] /api/v1/auth/logout HTTP/1.1 | Status: 429 | Latency: 36.888µs | IP: ::1
2026/01/04 21:50:53 [GET] /api/v1/auth/me HTTP/1.1 | Status: 401 | Latency: 257.595µs | IP: ::1
2026/01/04 21:50:53 [POST] /api/v1/auth/refresh-token HTTP/1.1 | Status: 429 | Latency: 49.606µs | IP: ::1
2026/01/04 21:50:53 [POST] /api/v1/auth/logout HTTP/1.1 | Status: 429 | Latency: 28.846µs | IP: ::1
2026/01/04 21:50:54 [GET] /api/v1/auth/me HTTP/1.1 | Status: 429 | Latency: 42.788µs | IP: ::1
2026/01/04 21:50:54 [POST] /api/v1/auth/logout HTTP/1.1 | Status: 429 | Latency: 25.637µs | IP: ::1
2026/01/04 21:51:02 [GET] /api/v1/auth/me HTTP/1.1 | Status: 401 | Latency: 195.752µs | IP: ::1
2026/01/04 21:51:02 [GET] /api/v1/auth/me HTTP/1.1 | Status: 401 | Latency: 210.997µs | IP: ::1
2026/01/04 21:51:02 [POST] /api/v1/auth/refresh-token HTTP/1.1 | Status: 200 | Latency: 14.218521ms | IP: ::1
2026/01/04 21:51:02 [POST] /api/v1/auth/refresh-token HTTP/1.1 | Status: 500 | Latency: 17.40809ms | IP: ::1
2026/01/04 21:51:02 [GET] /api/v1/auth/me HTTP/1.1 | Status: 401 | Latency: 91.917µs | IP: ::1
2026/01/04 21:51:02 [POST] /api/v1/auth/logout HTTP/1.1 | Status: 401 | Latency: 191.726µs | IP: ::1
2026/01/04 21:51:02 [POST] /api/v1/auth/logout HTTP/1.1 | Status: 401 | Latency: 116.048µs | IP: ::1
2026/01/04 21:51:02 [POST] /api/v1/auth/refresh-token HTTP/1.1 | Status: 500 | Latency: 8.441052ms | IP: ::1
2026/01/04 21:51:02 [POST] /api/v1/auth/refresh-token HTTP/1.1 | Status: 500 | Latency: 8.681323ms | IP: ::1
2026/01/04 21:51:04 [GET] /api/v1/auth/me HTTP/1.1 | Status: 401 | Latency: 94.383µs | IP: ::1
2026/01/04 21:51:04 [POST] /api/v1/auth/refresh-token HTTP/1.1 | Status: 200 | Latency: 17.227029ms | IP: ::1
2026/01/04 21:51:04 [GET] /api/v1/auth/me HTTP/1.1 | Status: 401 | Latency: 73.14µs | IP: ::1
2026/01/04 21:51:04 [POST] /api/v1/auth/logout HTTP/1.1 | Status: 401 | Latency: 74.447µs | IP: ::1
2026/01/04 21:51:04 [POST] /api/v1/auth/refresh-token HTTP/1.1 | Status: 500 | Latency: 11.358137ms | IP: ::1
2026/01/04 21:51:05 [GET] /api/v1/auth/me HTTP/1.1 | Status: 401 | Latency: 98.712µs | IP: ::1
2026/01/04 21:51:05 [POST] /api/v1/auth/refresh-token HTTP/1.1 | Status: 200 | Latency: 8.120186ms | IP: ::1
2026/01/04 21:51:05 [GET] /api/v1/auth/me HTTP/1.1 | Status: 401 | Latency: 51.279µs | IP: ::1
2026/01/04 21:51:05 [POST] /api/v1/auth/logout HTTP/1.1 | Status: 401 | Latency: 79.805µs | IP: ::1
2026/01/04 21:51:05 [POST] /api/v1/auth/refresh-token HTTP/1.1 | Status: 500 | Latency: 5.884469ms | IP: ::1
2026/01/04 21:51:06 [GET] /api/v1/auth/me HTTP/1.1 | Status: 401 | Latency: 191.383µs | IP: ::1
2026/01/04 21:51:06 [POST] /api/v1/auth/refresh-token HTTP/1.1 | Status: 429 | Latency: 39.356µs | IP: ::1
2026/01/04 21:51:06 [POST] /api/v1/auth/logout HTTP/1.1 | Status: 429 | Latency: 130.496µs | IP: ::1
2026/01/04 21:51:06 [GET] /api/v1/auth/me HTTP/1.1 | Status: 401 | Latency: 98.494µs | IP: ::1
2026/01/04 21:51:06 [POST] /api/v1/auth/refresh-token HTTP/1.1 | Status: 429 | Latency: 35.61µs | IP: ::1
2026/01/04 21:51:06 [POST] /api/v1/auth/logout HTTP/1.1 | Status: 429 | Latency: 25.156µs | IP: ::1
2026/01/04 21:51:07 [GET] /api/v1/auth/me HTTP/1.1 | Status: 401 | Latency: 128.009µs | IP: ::1
2026/01/04 21:51:07 [POST] /api/v1/auth/refresh-token HTTP/1.1 | Status: 429 | Latency: 85.546µs | IP: ::1
2026/01/04 21:51:07 [POST] /api/v1/auth/logout HTTP/1.1 | Status: 429 | Latency: 74.794µs | IP: ::1
2026/01/04 21:51:07 [GET] /api/v1/auth/me HTTP/1.1 | Status: 401 | Latency: 57.928µs | IP: ::1
2026/01/04 21:51:07 [POST] /api/v1/auth/refresh-token HTTP/1.1 | Status: 429 | Latency: 32.32µs | IP: ::1
2026/01/04 21:51:08 [POST] /api/v1/auth/logout HTTP/1.1 | Status: 429 | Latency: 21.97µs | IP: ::1
2026/01/04 21:51:08 [GET] /api/v1/auth/me HTTP/1.1 | Status: 401 | Latency: 100.849µs | IP: ::1
2026/01/04 21:51:08 [POST] /api/v1/auth/refresh-token HTTP/1.1 | Status: 429 | Latency: 32.157µs | IP: ::1
2026/01/04 21:51:08 [POST] /api/v1/auth/logout HTTP/1.1 | Status: 429 | Latency: 26.887µs | IP: ::1
2026/01/04 21:51:09 [GET] /api/v1/auth/me HTTP/1.1 | Status: 401 | Latency: 95.895µs | IP: ::1
2026/01/04 21:51:09 [POST] /api/v1/auth/refresh-token HTTP/1.1 | Status: 429 | Latency: 31.624µs | IP: ::1
2026/01/04 21:51:09 [POST] /api/v1/auth/logout HTTP/1.1 | Status: 429 | Latency: 52.81µs | IP: ::1
2026/01/04 21:51:09 [GET] /api/v1/auth/me HTTP/1.1 | Status: 401 | Latency: 69.638µs | IP: ::1
2026/01/04 21:51:09 [POST] /api/v1/auth/refresh-token HTTP/1.1 | Status: 429 | Latency: 59.151µs | IP: ::1
2026/01/04 21:51:09 [POST] /api/v1/auth/logout HTTP/1.1 | Status: 429 | Latency: 37.899µs | IP: ::1
2026/01/04 21:51:10 [GET] /api/v1/auth/me HTTP/1.1 | Status: 401 | Latency: 66.308µs | IP: ::1
2026/01/04 21:51:10 [POST] /api/v1/auth/refresh-token HTTP/1.1 | Status: 429 | Latency: 23.299µs | IP: ::1
2026/01/04 21:51:10 [POST] /api/v1/auth/logout HTTP/1.1 | Status: 429 | Latency: 37.817µs | IP: ::1
2026/01/04 21:51:10 [GET] /api/v1/auth/me HTTP/1.1 | Status: 401 | Latency: 88.128µs | IP: ::1
2026/01/04 21:51:10 [POST] /api/v1/auth/refresh-token HTTP/1.1 | Status: 429 | Latency: 31.962µs | IP: ::1
2026/01/04 21:51:10 [POST] /api/v1/auth/logout HTTP/1.1 | Status: 429 | Latency: 30.169µs | IP: ::1
2026/01/04 21:51:11 [GET] /api/v1/auth/me HTTP/1.1 | Status: 429 | Latency: 31.682µs | IP: ::1
2026/01/04 21:51:11 [POST] /api/v1/auth/logout HTTP/1.1 | Status: 429 | Latency: 17.876µs | IP: ::1
2026/01/04 21:54:01 [GET] /api/v1/auth/me HTTP/1.1 | Status: 401 | Latency: 98.62µs | IP: ::1
2026/01/04 21:54:01 [POST] /api/v1/auth/refresh-token HTTP/1.1 | Status: 500 | Latency: 7.808924ms | IP: ::1
2026/01/04 21:54:01 [POST] /api/v1/auth/logout HTTP/1.1 | Status: 401 | Latency: 67.231µs | IP: ::1
2026/01/04 21:54:01 [POST] /api/v1/auth/refresh-token HTTP/1.1 | Status: 500 | Latency: 3.596081ms | IP: ::1
2026/01/04 21:54:02 [GET] /api/v1/auth/me HTTP/1.1 | Status: 401 | Latency: 33.971µs | IP: ::1
2026/01/04 21:54:02 [POST] /api/v1/auth/refresh-token HTTP/1.1 | Status: 500 | Latency: 1.064406ms | IP: ::1
2026/01/04 21:54:02 [POST] /api/v1/auth/logout HTTP/1.1 | Status: 401 | Latency: 36.825µs | IP: ::1
2026/01/04 21:54:02 [POST] /api/v1/auth/refresh-token HTTP/1.1 | Status: 503 | Latency: 108.272µs | IP: ::1
2026/01/04 21:54:02 [GET] /api/v1/auth/me HTTP/1.1 | Status: 401 | Latency: 26.538µs | IP: ::1
2026/01/04 21:54:02 [POST] /api/v1/auth/refresh-token HTTP/1.1 | Status: 503 | Latency: 61.206µs | IP: ::1
2026/01/04 21:54:02 [POST] /api/v1/auth/logout HTTP/1.1 | Status: 401 | Latency: 61.331µs | IP: ::1
2026/01/04 21:54:02 [POST] /api/v1/auth/refresh-token HTTP/1.1 | Status: 503 | Latency: 54.351µs | IP: ::1
2026/01/04 21:54:03 [GET] /api/v1/auth/me HTTP/1.1 | Status: 401 | Latency: 21.65µs | IP: ::1
2026/01/04 21:54:03 [POST] /api/v1/auth/refresh-token HTTP/1.1 | Status: 503 | Latency: 62.764µs | IP: ::1
2026/01/04 21:54:03 [POST] /api/v1/auth/logout HTTP/1.1 | Status: 401 | Latency: 80.714µs | IP: ::1
2026/01/04 21:54:03 [POST] /api/v1/auth/refresh-token HTTP/1.1 | Status: 503 | Latency: 55.283µs | IP: ::1
2026/01/04 21:54:03 [GET] /api/v1/auth/me HTTP/1.1 | Status: 401 | Latency: 23.155µs | IP: ::1
2026/01/04 21:54:03 [POST] /api/v1/auth/refresh-token HTTP/1.1 | Status: 503 | Latency: 36.801µs | IP: ::1
2026/01/04 21:54:03 [POST] /api/v1/auth/logout HTTP/1.1 | Status: 401 | Latency: 22.105µs | IP: ::1
2026/01/04 21:54:03 [POST] /api/v1/auth/refresh-token HTTP/1.1 | Status: 503 | Latency: 30.756µs | IP: ::1
2026/01/04 21:54:04 [GET] /api/v1/auth/me HTTP/1.1 | Status: 401 | Latency: 38.813µs | IP: ::1
2026/01/04 21:54:04 [POST] /api/v1/auth/refresh-token HTTP/1.1 | Status: 503 | Latency: 44.821µs | IP: ::1
2026/01/04 21:54:04 [POST] /api/v1/auth/logout HTTP/1.1 | Status: 401 | Latency: 47.183µs | IP: ::1
2026/01/04 21:54:04 [POST] /api/v1/auth/refresh-token HTTP/1.1 | Status: 503 | Latency: 45.292µs | IP: ::1
2026/01/04 21:54:05 [GET] /api/v1/auth/me HTTP/1.1 | Status: 401 | Latency: 50.769µs | IP: ::1
2026/01/04 21:54:05 [POST] /api/v1/auth/refresh-token HTTP/1.1 | Status: 503 | Latency: 59.538µs | IP: ::1
2026/01/04 21:54:05 [POST] /api/v1/auth/logout HTTP/1.1 | Status: 401 | Latency: 73.324µs | IP: ::1
2026/01/04 21:54:05 [POST] /api/v1/auth/refresh-token HTTP/1.1 | Status: 503 | Latency: 126.004µs | IP: ::1
2026/01/04 21:54:05 [GET] /api/v1/auth/me HTTP/1.1 | Status: 401 | Latency: 20.562µs | IP: ::1
2026/01/04 21:54:05 [POST] /api/v1/auth/refresh-token HTTP/1.1 | Status: 503 | Latency: 36.641µs | IP: ::1
2026/01/04 21:54:05 [POST] /api/v1/auth/logout HTTP/1.1 | Status: 401 | Latency: 39.654µs | IP: ::1
2026/01/04 21:54:05 [POST] /api/v1/auth/refresh-token HTTP/1.1 | Status: 503 | Latency: 66.942µs | IP: ::1
2026/01/04 21:54:06 [GET] /api/v1/auth/me HTTP/1.1 | Status: 401 | Latency: 30.487µs | IP: ::1
2026/01/04 21:54:06 [POST] /api/v1/auth/refresh-token HTTP/1.1 | Status: 503 | Latency: 40.733µs | IP: ::1
2026/01/04 21:54:06 [POST] /api/v1/auth/logout HTTP/1.1 | Status: 401 | Latency: 38.954µs | IP: ::1
2026/01/04 21:54:06 [POST] /api/v1/auth/refresh-token HTTP/1.1 | Status: 503 | Latency: 84.112µs | IP: ::1
2026/01/04 21:54:07 [GET] /api/v1/auth/me HTTP/1.1 | Status: 401 | Latency: 51.577µs | IP: ::1
2026/01/04 21:54:07 [POST] /api/v1/auth/refresh-token HTTP/1.1 | Status: 503 | Latency: 37.035µs | IP: ::1
2026/01/04 21:54:07 [POST] /api/v1/auth/logout HTTP/1.1 | Status: 401 | Latency: 48.502µs | IP: ::1
2026/01/04 21:54:07 [POST] /api/v1/auth/refresh-token HTTP/1.1 | Status: 503 | Latency: 74.521µs | IP: ::1
2026/01/04 21:54:07 [GET] /api/v1/auth/me HTTP/1.1 | Status: 401 | Latency: 27.734µs | IP: ::1
2026/01/04 21:54:07 [POST] /api/v1/auth/refresh-token HTTP/1.1 | Status: 503 | Latency: 65.66µs | IP: ::1
2026/01/04 21:54:07 [POST] /api/v1/auth/logout HTTP/1.1 | Status: 401 | Latency: 45.683µs | IP: ::1
2026/01/04 21:54:07 [POST] /api/v1/auth/refresh-token HTTP/1.1 | Status: 503 | Latency: 64.675µs | IP: ::1
2026/01/04 21:54:08 [GET] /api/v1/auth/me HTTP/1.1 | Status: 401 | Latency: 29.063µs | IP: ::1
2026/01/04 21:54:08 [POST] /api/v1/auth/refresh-token HTTP/1.1 | Status: 503 | Latency: 30.618µs | IP: ::1
2026/01/04 21:54:08 [POST] /api/v1/auth/logout HTTP/1.1 | Status: 401 | Latency: 59.196µs | IP: ::1
2026/01/04 21:54:08 [POST] /api/v1/auth/refresh-token HTTP/1.1 | Status: 503 | Latency: 64.916µs | IP: ::1
2026/01/04 21:54:08 [GET] /api/v1/auth/me HTTP/1.1 | Status: 401 | Latency: 29.27µs | IP: ::1
2026/01/04 21:54:08 [POST] /api/v1/auth/refresh-token HTTP/1.1 | Status: 503 | Latency: 29.567µs | IP: ::1
2026/01/04 21:54:09 [POST] /api/v1/auth/logout HTTP/1.1 | Status: 401 | Latency: 30.008µs | IP: ::1
2026/01/04 21:54:09 [POST] /api/v1/auth/refresh-token HTTP/1.1 | Status: 503 | Latency: 42.662µs | IP: ::1
2026/01/04 21:54:09 [GET] /api/v1/auth/me HTTP/1.1 | Status: 401 | Latency: 39.217µs | IP: ::1
2026/01/04 21:54:09 [POST] /api/v1/auth/refresh-token HTTP/1.1 | Status: 503 | Latency: 45.102µs | IP: ::1
2026/01/04 21:54:09 [POST] /api/v1/auth/logout HTTP/1.1 | Status: 401 | Latency: 48.838µs | IP: ::1
2026/01/04 21:54:09 [POST] /api/v1/auth/refresh-token HTTP/1.1 | Status: 503 | Latency: 53.682µs | IP: ::1
2026/01/04 21:54:10 [GET] /api/v1/auth/me HTTP/1.1 | Status: 401 | Latency: 44.312µs | IP: ::1
2026/01/04 21:54:10 [POST] /api/v1/auth/refresh-token HTTP/1.1 | Status: 503 | Latency: 33.776µs | IP: ::1
2026/01/04 21:54:10 [POST] /api/v1/auth/logout HTTP/1.1 | Status: 401 | Latency: 40.3µs | IP: ::1
2026/01/04 21:54:10 [POST] /api/v1/auth/refresh-token HTTP/1.1 | Status: 503 | Latency: 45.585µs | IP: ::1
2026/01/04 21:54:10 [GET] /api/v1/auth/me HTTP/1.1 | Status: 401 | Latency: 40.208µs | IP: ::1
2026/01/04 21:54:10 [POST] /api/v1/auth/refresh-token HTTP/1.1 | Status: 503 | Latency: 32.721µs | IP: ::1
2026/01/04 21:54:10 [POST] /api/v1/auth/logout HTTP/1.1 | Status: 401 | Latency: 49.621µs | IP: ::1
2026/01/04 21:54:10 [POST] /api/v1/auth/refresh-token HTTP/1.1 | Status: 503 | Latency: 67.282µs | IP: ::1
2026/01/04 21:54:11 [GET] /api/v1/auth/me HTTP/1.1 | Status: 401 | Latency: 57.229µs | IP: ::1
2026/01/04 21:54:11 [POST] /api/v1/auth/refresh-token HTTP/1.1 | Status: 503 | Latency: 58.092µs | IP: ::1
2026/01/04 21:54:11 [POST] /api/v1/auth/logout HTTP/1.1 | Status: 401 | Latency: 37.667µs | IP: ::1
2026/01/04 21:54:11 [POST] /api/v1/auth/refresh-token HTTP/1.1 | Status: 503 | Latency: 59.075µs | IP: ::1
2026/01/04 21:54:12 [GET] /api/v1/auth/me HTTP/1.1 | Status: 401 | Latency: 43.372µs | IP: ::1
2026/01/04 21:54:12 [POST] /api/v1/auth/refresh-token HTTP/1.1 | Status: 503 | Latency: 37.985µs | IP: ::1
2026/01/04 21:54:12 [POST] /api/v1/auth/logout HTTP/1.1 | Status: 401 | Latency: 36.834µs | IP: ::1
2026/01/04 21:54:12 [POST] /api/v1/auth/refresh-token HTTP/1.1 | Status: 503 | Latency: 50.819µs | IP: ::1
2026/01/04 21:54:12 [GET] /api/v1/auth/me HTTP/1.1 | Status: 401 | Latency: 53.459µs | IP: ::1
2026/01/04 21:54:12 [POST] /api/v1/auth/refresh-token HTTP/1.1 | Status: 503 | Latency: 59.393µs | IP: ::1
2026/01/04 21:54:12 [POST] /api/v1/auth/logout HTTP/1.1 | Status: 401 | Latency: 83.469µs | IP: ::1
2026/01/04 21:54:12 [POST] /api/v1/auth/refresh-token HTTP/1.1 | Status: 503 | Latency: 34.85µs | IP: ::1
2026/01/04 21:54:13 [GET] /api/v1/auth/me HTTP/1.1 | Status: 401 | Latency: 35.487µs | IP: ::1
2026/01/04 21:54:13 [POST] /api/v1/auth/refresh-token HTTP/1.1 | Status: 503 | Latency: 39.763µs | IP: ::1
2026/01/04 21:54:13 [POST] /api/v1/auth/logout HTTP/1.1 | Status: 401 | Latency: 62.108µs | IP: ::1
2026/01/04 21:54:13 [POST] /api/v1/auth/refresh-token HTTP/1.1 | Status: 503 | Latency: 85.214µs | IP: ::1
2026/01/04 21:54:14 [GET] /api/v1/auth/me HTTP/1.1 | Status: 401 | Latency: 37.308µs | IP: ::1
2026/01/04 21:54:14 [POST] /api/v1/auth/refresh-token HTTP/1.1 | Status: 503 | Latency: 44.275µs | IP: ::1
2026/01/04 21:54:14 [POST] /api/v1/auth/logout HTTP/1.1 | Status: 401 | Latency: 59.75µs | IP: ::1
2026/01/04 21:54:14 [POST] /api/v1/auth/refresh-token HTTP/1.1 | Status: 503 | Latency: 56.499µs | IP: ::1
2026/01/04 21:54:14 [GET] /api/v1/auth/me HTTP/1.1 | Status: 401 | Latency: 41.544µs | IP: ::1
2026/01/04 21:54:14 [POST] /api/v1/auth/refresh-token HTTP/1.1 | Status: 503 | Latency: 45.415µs | IP: ::1
2026/01/04 21:54:14 [POST] /api/v1/auth/logout HTTP/1.1 | Status: 401 | Latency: 37.013µs | IP: ::1
2026/01/04 21:54:14 [POST] /api/v1/auth/refresh-token HTTP/1.1 | Status: 503 | Latency: 59.637µs | IP: ::1
2026/01/04 21:54:15 [GET] /api/v1/auth/me HTTP/1.1 | Status: 401 | Latency: 84.523µs | IP: ::1
2026/01/04 21:54:15 [POST] /api/v1/auth/refresh-token HTTP/1.1 | Status: 503 | Latency: 32.739µs | IP: ::1
2026/01/04 21:54:15 [POST] /api/v1/auth/logout HTTP/1.1 | Status: 401 | Latency: 37.317µs | IP: ::1
2026/01/04 21:54:15 [POST] /api/v1/auth/refresh-token HTTP/1.1 | Status: 503 | Latency: 46.992µs | IP: ::1
2026/01/04 21:54:16 [GET] /api/v1/auth/me HTTP/1.1 | Status: 401 | Latency: 92.428µs | IP: ::1
2026/01/04 21:54:16 [POST] /api/v1/auth/refresh-token HTTP/1.1 | Status: 503 | Latency: 39.756µs | IP: ::1
2026/01/04 21:54:16 [POST] /api/v1/auth/logout HTTP/1.1 | Status: 401 | Latency: 36.398µs | IP: ::1
2026/01/04 21:54:16 [POST] /api/v1/auth/refresh-token HTTP/1.1 | Status: 503 | Latency: 56.009µs | IP: ::1
2026/01/04 21:54:16 [GET] /api/v1/auth/me HTTP/1.1 | Status: 401 | Latency: 90.425µs | IP: ::1
2026/01/04 21:54:16 [POST] /api/v1/auth/refresh-token HTTP/1.1 | Status: 503 | Latency: 44.38µs | IP: ::1
2026/01/04 21:54:16 [POST] /api/v1/auth/logout HTTP/1.1 | Status: 401 | Latency: 57.212µs | IP: ::1
2026/01/04 21:54:16 [POST] /api/v1/auth/refresh-token HTTP/1.1 | Status: 503 | Latency: 27.422µs | IP: ::1
2026/01/04 21:54:17 [GET] /api/v1/auth/me HTTP/1.1 | Status: 401 | Latency: 61.454µs | IP: ::1
2026/01/04 21:54:17 [POST] /api/v1/auth/refresh-token HTTP/1.1 | Status: 503 | Latency: 47.784µs | IP: ::1
2026/01/04 21:54:17 [POST] /api/v1/auth/logout HTTP/1.1 | Status: 401 | Latency: 62.965µs | IP: ::1
2026/01/04 21:54:17 [POST] /api/v1/auth/refresh-token HTTP/1.1 | Status: 503 | Latency: 45.141µs | IP: ::1
2026/01/04 21:54:17 [GET] /api/v1/auth/me HTTP/1.1 | Status: 401 | Latency: 29.944µs | IP: ::1
2026/01/04 21:54:17 [POST] /api/v1/auth/refresh-token HTTP/1.1 | Status: 503 | Latency: 24.819µs | IP: ::1
2026/01/04 21:54:17 [POST] /api/v1/auth/logout HTTP/1.1 | Status: 401 | Latency: 76.452µs | IP: ::1
2026/01/04 21:54:18 [GET] /api/v1/auth/me HTTP/1.1 | Status: 401 | Latency: 57.328µs | IP: ::1
2026/01/04 21:54:18 [POST] /api/v1/auth/refresh-token HTTP/1.1 | Status: 503 | Latency: 56.278µs | IP: ::1
2026/01/04 21:54:18 [GET] /api/v1/auth/me HTTP/1.1 | Status: 401 | Latency: 44.556µs | IP: ::1
2026/01/04 21:54:18 [POST] /api/v1/auth/logout HTTP/1.1 | Status: 401 | Latency: 76.492µs | IP: ::1
2026/01/04 21:54:18 [POST] /api/v1/auth/refresh-token HTTP/1.1 | Status: 503 | Latency: 73.682µs | IP: ::1
2026/01/04 21:54:18 [POST] /api/v1/auth/refresh-token HTTP/1.1 | Status: 503 | Latency: 99.821µs | IP: ::1
2026/01/04 21:54:18 [POST] /api/v1/auth/logout HTTP/1.1 | Status: 401 | Latency: 34.194µs | IP: ::1
2026/01/04 21:54:18 [POST] /api/v1/auth/refresh-token HTTP/1.1 | Status: 503 | Latency: 106.54µs | IP: ::1
2026/01/04 21:54:19 [GET] /api/v1/auth/me HTTP/1.1 | Status: 401 | Latency: 97.448µs | IP: ::1
2026/01/04 21:54:19 [POST] /api/v1/auth/refresh-token HTTP/1.1 | Status: 503 | Latency: 84.014µs | IP: ::1
2026/01/04 21:54:19 [POST] /api/v1/auth/logout HTTP/1.1 | Status: 401 | Latency: 71.462µs | IP: ::1
2026/01/04 21:54:19 [POST] /api/v1/auth/refresh-token HTTP/1.1 | Status: 503 | Latency: 65.672µs | IP: ::1
2026/01/04 21:54:19 [GET] /api/v1/auth/me HTTP/1.1 | Status: 401 | Latency: 66.963µs | IP: ::1
2026/01/04 21:54:19 [POST] /api/v1/auth/refresh-token HTTP/1.1 | Status: 503 | Latency: 51.992µs | IP: ::1
2026/01/04 21:54:19 [POST] /api/v1/auth/logout HTTP/1.1 | Status: 401 | Latency: 79.107µs | IP: ::1
2026/01/04 21:54:19 [GET] /api/v1/auth/me HTTP/1.1 | Status: 401 | Latency: 54.054µs | IP: ::1
2026/01/04 21:54:19 [POST] /api/v1/auth/refresh-token HTTP/1.1 | Status: 503 | Latency: 121.239µs | IP: ::1
2026/01/04 21:54:19 [POST] /api/v1/auth/refresh-token HTTP/1.1 | Status: 503 | Latency: 42.028µs | IP: ::1
2026/01/04 21:54:19 [POST] /api/v1/auth/logout HTTP/1.1 | Status: 401 | Latency: 55.222µs | IP: ::1
2026/01/04 21:54:19 [POST] /api/v1/auth/refresh-token HTTP/1.1 | Status: 503 | Latency: 72.783µs | IP: ::1
2026/01/04 21:54:19 [GET] /api/v1/auth/me HTTP/1.1 | Status: 401 | Latency: 57.786µs | IP: ::1
2026/01/04 21:54:19 [POST] /api/v1/auth/refresh-token HTTP/1.1 | Status: 503 | Latency: 61.161µs | IP: ::1
2026/01/04 21:54:19 [POST] /api/v1/auth/logout HTTP/1.1 | Status: 401 | Latency: 71.193µs | IP: ::1
2026/01/04 21:54:19 [POST] /api/v1/auth/refresh-token HTTP/1.1 | Status: 429 | Latency: 36.96µs | IP: ::1
2026/01/04 21:54:20 [GET] /api/v1/auth/me HTTP/1.1 | Status: 429 | Latency: 35.141µs | IP: ::1
2026/01/04 21:54:20 [POST] /api/v1/auth/logout HTTP/1.1 | Status: 429 | Latency: 35.217µs | IP: ::1
2026/01/04 21:54:20 [GET] /api/v1/auth/me HTTP/1.1 | Status: 429 | Latency: 43.194µs | IP: ::1
2026/01/04 21:54:20 [POST] /api/v1/auth/logout HTTP/1.1 | Status: 429 | Latency: 36.12µs | IP: ::1
2026/01/04 21:54:23 [OPTIONS] /api/v1/auth/login HTTP/1.1 | Status: 204 | Latency: 33.388µs | IP: ::1
2026/01/04 21:54:23 [POST] /api/v1/auth/login HTTP/1.1 | Status: 503 | Latency: 26.404µs | IP: ::1
2026/01/04 21:54:24 [POST] /api/v1/auth/login HTTP/1.1 | Status: 503 | Latency: 47.007µs | IP: ::1
2026/01/04 21:54:48 [GET] /api/v1/auth/me HTTP/1.1 | Status: 401 | Latency: 43.303µs | IP: ::1
2026/01/04 21:54:48 [POST] /api/v1/auth/refresh-token HTTP/1.1 | Status: 500 | Latency: 1.950724ms | IP: ::1
2026/01/04 21:54:48 [POST] /api/v1/auth/logout HTTP/1.1 | Status: 401 | Latency: 42.284µs | IP: ::1
2026/01/04 21:54:48 [POST] /api/v1/auth/refresh-token HTTP/1.1 | Status: 503 | Latency: 34.192µs | IP: ::1
2026/01/04 21:54:48 [GET] /api/v1/auth/me HTTP/1.1 | Status: 401 | Latency: 32.712µs | IP: ::1
2026/01/04 21:54:48 [POST] /api/v1/auth/refresh-token HTTP/1.1 | Status: 503 | Latency: 28.603µs | IP: ::1
2026/01/04 21:54:48 [POST] /api/v1/auth/logout HTTP/1.1 | Status: 401 | Latency: 53.264µs | IP: ::1
2026/01/04 21:54:49 [POST] /api/v1/auth/refresh-token HTTP/1.1 | Status: 503 | Latency: 36.529µs | IP: ::1
2026/01/04 21:54:49 [GET] /api/v1/auth/me HTTP/1.1 | Status: 401 | Latency: 53.888µs | IP: ::1
2026/01/04 21:54:49 [POST] /api/v1/auth/refresh-token HTTP/1.1 | Status: 503 | Latency: 84.171µs | IP: ::1
2026/01/04 21:54:49 [POST] /api/v1/auth/logout HTTP/1.1 | Status: 401 | Latency: 62.471µs | IP: ::1
2026/01/04 21:54:49 [POST] /api/v1/auth/refresh-token HTTP/1.1 | Status: 503 | Latency: 129.123µs | IP: ::1
2026/01/04 21:54:49 [GET] /api/v1/auth/me HTTP/1.1 | Status: 401 | Latency: 25.362µs | IP: ::1
2026/01/04 21:54:49 [POST] /api/v1/auth/refresh-token HTTP/1.1 | Status: 503 | Latency: 28.451µs | IP: ::1
2026/01/04 21:54:49 [POST] /api/v1/auth/logout HTTP/1.1 | Status: 401 | Latency: 56.879µs | IP: ::1
2026/01/04 21:54:49 [POST] /api/v1/auth/refresh-token HTTP/1.1 | Status: 503 | Latency: 74.897µs | IP: ::1
2026/01/04 21:54:49 [GET] /api/v1/auth/me HTTP/1.1 | Status: 401 | Latency: 69.3µs | IP: ::1
2026/01/04 21:54:49 [POST] /api/v1/auth/refresh-token HTTP/1.1 | Status: 503 | Latency: 27.513µs | IP: ::1
2026/01/04 21:54:49 [POST] /api/v1/auth/logout HTTP/1.1 | Status: 401 | Latency: 41.991µs | IP: ::1
2026/01/04 21:54:49 [POST] /api/v1/auth/refresh-token HTTP/1.1 | Status: 503 | Latency: 96.858µs | IP: ::1
2026/01/04 21:54:49 [GET] /api/v1/auth/me HTTP/1.1 | Status: 401 | Latency: 44.903µs | IP: ::1
2026/01/04 21:54:49 [POST] /api/v1/auth/refresh-token HTTP/1.1 | Status: 503 | Latency: 22.898µs | IP: ::1
2026/01/04 21:54:49 [POST] /api/v1/auth/logout HTTP/1.1 | Status: 401 | Latency: 35.426µs | IP: ::1
2026/01/04 21:54:49 [POST] /api/v1/auth/refresh-token HTTP/1.1 | Status: 503 | Latency: 47.289µs | IP: ::1
2026/01/04 21:54:50 [GET] /api/v1/auth/me HTTP/1.1 | Status: 401 | Latency: 29.786µs | IP: ::1
2026/01/04 21:54:50 [POST] /api/v1/auth/refresh-token HTTP/1.1 | Status: 503 | Latency: 78.093µs | IP: ::1
2026/01/04 21:54:50 [POST] /api/v1/auth/logout HTTP/1.1 | Status: 401 | Latency: 36.956µs | IP: ::1
2026/01/04 21:54:50 [POST] /api/v1/auth/refresh-token HTTP/1.1 | Status: 503 | Latency: 70.544µs | IP: ::1
2026/01/04 21:54:50 [GET] /api/v1/auth/me HTTP/1.1 | Status: 401 | Latency: 27.308µs | IP: ::1
2026/01/04 21:54:50 [POST] /api/v1/auth/refresh-token HTTP/1.1 | Status: 503 | Latency: 29.518µs | IP: ::1
2026/01/04 21:54:50 [POST] /api/v1/auth/logout HTTP/1.1 | Status: 401 | Latency: 46.35µs | IP: ::1
2026/01/04 21:54:50 [POST] /api/v1/auth/refresh-token HTTP/1.1 | Status: 503 | Latency: 78.661µs | IP: ::1
2026/01/04 21:54:50 [GET] /api/v1/auth/me HTTP/1.1 | Status: 401 | Latency: 25.402µs | IP: ::1
2026/01/04 21:54:50 [POST] /api/v1/auth/refresh-token HTTP/1.1 | Status: 503 | Latency: 59.472µs | IP: ::1
2026/01/04 21:54:50 [POST] /api/v1/auth/logout HTTP/1.1 | Status: 401 | Latency: 70.16µs | IP: ::1
2026/01/04 21:54:50 [POST] /api/v1/auth/refresh-token HTTP/1.1 | Status: 503 | Latency: 60.846µs | IP: ::1
2026/01/04 21:54:50 [GET] /api/v1/auth/me HTTP/1.1 | Status: 401 | Latency: 25.889µs | IP: ::1
2026/01/04 21:54:50 [POST] /api/v1/auth/refresh-token HTTP/1.1 | Status: 503 | Latency: 94.153µs | IP: ::1
2026/01/04 21:54:50 [POST] /api/v1/auth/logout HTTP/1.1 | Status: 401 | Latency: 59.134µs | IP: ::1
2026/01/04 21:54:50 [POST] /api/v1/auth/refresh-token HTTP/1.1 | Status: 503 | Latency: 45.213µs | IP: ::1
2026/01/04 21:54:50 [GET] /api/v1/auth/me HTTP/1.1 | Status: 401 | Latency: 27.319µs | IP: ::1
2026/01/04 21:54:50 [POST] /api/v1/auth/refresh-token HTTP/1.1 | Status: 503 | Latency: 64.821µs | IP: ::1
2026/01/04 21:54:50 [POST] /api/v1/auth/logout HTTP/1.1 | Status: 401 | Latency: 28.07µs | IP: ::1
2026/01/04 21:54:50 [POST] /api/v1/auth/refresh-token HTTP/1.1 | Status: 503 | Latency: 86.582µs | IP: ::1
2026/01/04 21:54:51 [GET] /api/v1/auth/me HTTP/1.1 | Status: 401 | Latency: 29.817µs | IP: ::1
2026/01/04 21:54:51 [POST] /api/v1/auth/refresh-token HTTP/1.1 | Status: 503 | Latency: 72.524µs | IP: ::1
2026/01/04 21:54:51 [POST] /api/v1/auth/logout HTTP/1.1 | Status: 401 | Latency: 31.264µs | IP: ::1
2026/01/04 21:54:51 [POST] /api/v1/auth/refresh-token HTTP/1.1 | Status: 503 | Latency: 32.154µs | IP: ::1
2026/01/04 21:54:51 [GET] /api/v1/auth/me HTTP/1.1 | Status: 401 | Latency: 33.67µs | IP: ::1
2026/01/04 21:54:51 [POST] /api/v1/auth/refresh-token HTTP/1.1 | Status: 429 | Latency: 28.949µs | IP: ::1
2026/01/04 21:54:51 [POST] /api/v1/auth/logout HTTP/1.1 | Status: 429 | Latency: 21.569µs | IP: ::1
2026/01/04 21:54:51 [GET] /api/v1/auth/me HTTP/1.1 | Status: 429 | Latency: 22.026µs | IP: ::1
2026/01/04 21:54:51 [POST] /api/v1/auth/logout HTTP/1.1 | Status: 429 | Latency: 36.344µs | IP: ::1
2026/01/04 21:54:59 [GET] /api/v1/auth/me HTTP/1.1 | Status: 401 | Latency: 42.664µs | IP: ::1
2026/01/04 21:54:59 [POST] /api/v1/auth/refresh-token HTTP/1.1 | Status: 503 | Latency: 128.789µs | IP: ::1
2026/01/04 21:54:59 [POST] /api/v1/auth/logout HTTP/1.1 | Status: 401 | Latency: 56.552µs | IP: ::1
2026/01/04 21:54:59 [POST] /api/v1/auth/refresh-token HTTP/1.1 | Status: 503 | Latency: 39.139µs | IP: ::1
2026/01/04 21:54:59 [GET] /api/v1/auth/me HTTP/1.1 | Status: 401 | Latency: 32.323µs | IP: ::1
2026/01/04 21:54:59 [POST] /api/v1/auth/refresh-token HTTP/1.1 | Status: 503 | Latency: 37.136µs | IP: ::1
2026/01/04 21:54:59 [POST] /api/v1/auth/logout HTTP/1.1 | Status: 401 | Latency: 66.55µs | IP: ::1
2026/01/04 21:54:59 [POST] /api/v1/auth/refresh-token HTTP/1.1 | Status: 503 | Latency: 86.982µs | IP: ::1
2026/01/04 21:55:00 [GET] /api/v1/auth/me HTTP/1.1 | Status: 401 | Latency: 32.543µs | IP: ::1
2026/01/04 21:55:00 [POST] /api/v1/auth/refresh-token HTTP/1.1 | Status: 503 | Latency: 36.773µs | IP: ::1
2026/01/04 21:55:00 [POST] /api/v1/auth/logout HTTP/1.1 | Status: 401 | Latency: 47.588µs | IP: ::1
2026/01/04 21:55:00 [POST] /api/v1/auth/refresh-token HTTP/1.1 | Status: 503 | Latency: 58.045µs | IP: ::1
2026/01/04 21:55:00 [GET] /api/v1/auth/me HTTP/1.1 | Status: 401 | Latency: 42.663µs | IP: ::1
2026/01/04 21:55:00 [POST] /api/v1/auth/refresh-token HTTP/1.1 | Status: 503 | Latency: 73.232µs | IP: ::1
2026/01/04 21:55:00 [POST] /api/v1/auth/logout HTTP/1.1 | Status: 401 | Latency: 74.86µs | IP: ::1
2026/01/04 21:55:00 [POST] /api/v1/auth/refresh-token HTTP/1.1 | Status: 503 | Latency: 33.625µs | IP: ::1
2026/01/04 21:55:00 [GET] /api/v1/auth/me HTTP/1.1 | Status: 429 | Latency: 25.664µs | IP: ::1
2026/01/04 21:55:00 [POST] /api/v1/auth/logout HTTP/1.1 | Status: 429 | Latency: 18.015µs | IP: ::1
2026/01/04 21:55:24 [OPTIONS] /api/v1/auth/login HTTP/1.1 | Status: 204 | Latency: 57.952µs | IP: ::1
2026/01/04 21:55:24 [POST] /api/v1/auth/login HTTP/1.1 | Status: 200 | Latency: 74.634965ms | IP: ::1
2026/01/04 21:55:24 [GET] /api/v1/auth/me HTTP/1.1 | Status: 401 | Latency: 314.905µs | IP: ::1
2026/01/04 21:55:24 [POST] /api/v1/auth/refresh-token HTTP/1.1 | Status: 500 | Latency: 10.418039ms | IP: ::1
2026/01/04 21:55:25 [GET] /api/v1/auth/me HTTP/1.1 | Status: 401 | Latency: 73.283µs | IP: ::1
2026/01/04 21:55:25 [POST] /api/v1/auth/refresh-token HTTP/1.1 | Status: 200 | Latency: 13.193518ms | IP: ::1
2026/01/04 21:55:25 [GET] /api/v1/auth/me HTTP/1.1 | Status: 401 | Latency: 97.774µs | IP: ::1
2026/01/04 21:55:25 [POST] /api/v1/auth/logout HTTP/1.1 | Status: 401 | Latency: 46.434µs | IP: ::1
2026/01/04 21:55:25 [POST] /api/v1/auth/refresh-token HTTP/1.1 | Status: 500 | Latency: 5.982086ms | IP: ::1
2026/01/04 21:55:25 [GET] /api/v1/auth/me HTTP/1.1 | Status: 401 | Latency: 261.56µs | IP: ::1
2026/01/04 21:55:25 [POST] /api/v1/auth/refresh-token HTTP/1.1 | Status: 500 | Latency: 9.317891ms | IP: ::1
2026/01/04 21:55:25 [POST] /api/v1/auth/logout HTTP/1.1 | Status: 401 | Latency: 92.581µs | IP: ::1
2026/01/04 21:55:25 [POST] /api/v1/auth/refresh-token HTTP/1.1 | Status: 500 | Latency: 7.190003ms | IP: ::1
2026/01/04 21:55:25 [GET] /api/v1/auth/me HTTP/1.1 | Status: 401 | Latency: 56.656µs | IP: ::1
2026/01/04 21:55:25 [POST] /api/v1/auth/refresh-token HTTP/1.1 | Status: 500 | Latency: 12.149186ms | IP: ::1
2026/01/04 21:55:25 [POST] /api/v1/auth/logout HTTP/1.1 | Status: 401 | Latency: 57.164µs | IP: ::1
2026/01/04 21:55:25 [POST] /api/v1/auth/refresh-token HTTP/1.1 | Status: 500 | Latency: 6.259781ms | IP: ::1
2026/01/04 21:55:25 [GET] /api/v1/auth/me HTTP/1.1 | Status: 401 | Latency: 149.283µs | IP: ::1
2026/01/04 21:55:26 [POST] /api/v1/auth/refresh-token HTTP/1.1 | Status: 503 | Latency: 119.114µs | IP: ::1
2026/01/04 21:55:26 [POST] /api/v1/auth/logout HTTP/1.1 | Status: 401 | Latency: 94.196µs | IP: ::1
2026/01/04 21:55:26 [POST] /api/v1/auth/refresh-token HTTP/1.1 | Status: 503 | Latency: 26.772µs | IP: ::1
2026/01/04 21:55:26 [GET] /api/v1/auth/me HTTP/1.1 | Status: 401 | Latency: 224.915µs | IP: ::1
2026/01/04 21:55:26 [POST] /api/v1/auth/refresh-token HTTP/1.1 | Status: 503 | Latency: 61.036µs | IP: ::1
2026/01/04 21:55:26 [POST] /api/v1/auth/logout HTTP/1.1 | Status: 401 | Latency: 237.972µs | IP: ::1
2026/01/04 21:55:26 [POST] /api/v1/auth/refresh-token HTTP/1.1 | Status: 503 | Latency: 103.96µs | IP: ::1
2026/01/04 21:55:26 [GET] /api/v1/auth/me HTTP/1.1 | Status: 401 | Latency: 237.751µs | IP: ::1
2026/01/04 21:55:26 [POST] /api/v1/auth/refresh-token HTTP/1.1 | Status: 503 | Latency: 34.714µs | IP: ::1
2026/01/04 21:55:26 [POST] /api/v1/auth/logout HTTP/1.1 | Status: 401 | Latency: 111.069µs | IP: ::1
2026/01/04 21:55:26 [POST] /api/v1/auth/refresh-token HTTP/1.1 | Status: 503 | Latency: 51.156µs | IP: ::1
2026/01/04 21:55:26 [GET] /api/v1/auth/me HTTP/1.1 | Status: 401 | Latency: 100.619µs | IP: ::1
2026/01/04 21:55:26 [POST] /api/v1/auth/refresh-token HTTP/1.1 | Status: 503 | Latency: 58.839µs | IP: ::1
2026/01/04 21:55:26 [POST] /api/v1/auth/logout HTTP/1.1 | Status: 401 | Latency: 394.017µs | IP: ::1
2026/01/04 21:55:26 [POST] /api/v1/auth/refresh-token HTTP/1.1 | Status: 503 | Latency: 82.546µs | IP: ::1
2026/01/04 21:55:26 [GET] /api/v1/auth/me HTTP/1.1 | Status: 401 | Latency: 85.62µs | IP: ::1
2026/01/04 21:55:26 [POST] /api/v1/auth/refresh-token HTTP/1.1 | Status: 503 | Latency: 60.425µs | IP: ::1
2026/01/04 21:55:26 [POST] /api/v1/auth/logout HTTP/1.1 | Status: 401 | Latency: 84.713µs | IP: ::1
2026/01/04 21:55:26 [POST] /api/v1/auth/refresh-token HTTP/1.1 | Status: 503 | Latency: 13.555µs | IP: ::1
2026/01/04 21:55:27 [GET] /api/v1/auth/me HTTP/1.1 | Status: 401 | Latency: 64.399µs | IP: ::1
2026/01/04 21:55:27 [POST] /api/v1/auth/refresh-token HTTP/1.1 | Status: 503 | Latency: 54.115µs | IP: ::1
2026/01/04 21:55:27 [POST] /api/v1/auth/logout HTTP/1.1 | Status: 401 | Latency: 279.022µs | IP: ::1
2026/01/04 21:55:27 [POST] /api/v1/auth/refresh-token HTTP/1.1 | Status: 503 | Latency: 47.079µs | IP: ::1
2026/01/04 21:55:27 [GET] /api/v1/auth/me HTTP/1.1 | Status: 401 | Latency: 73.846µs | IP: ::1
2026/01/04 21:55:27 [POST] /api/v1/auth/refresh-token HTTP/1.1 | Status: 503 | Latency: 52.843µs | IP: ::1
2026/01/04 21:55:27 [POST] /api/v1/auth/logout HTTP/1.1 | Status: 401 | Latency: 57.661µs | IP: ::1
2026/01/04 21:55:27 [POST] /api/v1/auth/refresh-token HTTP/1.1 | Status: 429 | Latency: 15.685µs | IP: ::1
2026/01/04 21:55:27 [GET] /api/v1/auth/me HTTP/1.1 | Status: 401 | Latency: 96.042µs | IP: ::1
2026/01/04 21:55:27 [POST] /api/v1/auth/refresh-token HTTP/1.1 | Status: 429 | Latency: 34.894µs | IP: ::1
2026/01/04 21:55:27 [POST] /api/v1/auth/logout HTTP/1.1 | Status: 429 | Latency: 43.937µs | IP: ::1
2026/01/04 21:55:27 [GET] /api/v1/auth/me HTTP/1.1 | Status: 429 | Latency: 52.823µs | IP: ::1
2026/01/04 21:55:27 [POST] /api/v1/auth/logout HTTP/1.1 | Status: 429 | Latency: 24.727µs | IP: ::1
2026/01/04 21:56:36 [GET] /api/v1/auth/me HTTP/1.1 | Status: 401 | Latency: 84.46µs | IP: ::1
2026/01/04 21:56:36 [POST] /api/v1/auth/refresh-token HTTP/1.1 | Status: 200 | Latency: 10.048502ms | IP: ::1
2026/01/04 21:56:36 [GET] /api/v1/auth/me HTTP/1.1 | Status: 401 | Latency: 101.574µs | IP: ::1
2026/01/04 21:56:36 [POST] /api/v1/auth/logout HTTP/1.1 | Status: 401 | Latency: 59.811µs | IP: ::1
2026/01/04 21:56:36 [POST] /api/v1/auth/refresh-token HTTP/1.1 | Status: 500 | Latency: 6.327133ms | IP: ::1
2026/01/04 21:56:36 [GET] /api/v1/auth/me HTTP/1.1 | Status: 401 | Latency: 107.071µs | IP: ::1
2026/01/04 21:56:36 [POST] /api/v1/auth/refresh-token HTTP/1.1 | Status: 500 | Latency: 8.354277ms | IP: ::1
2026/01/04 21:56:37 [POST] /api/v1/auth/logout HTTP/1.1 | Status: 401 | Latency: 80.786µs | IP: ::1
2026/01/04 21:56:37 [GET] /api/v1/auth/me HTTP/1.1 | Status: 401 | Latency: 56.486µs | IP: ::1
2026/01/04 21:56:37 [POST] /api/v1/auth/refresh-token HTTP/1.1 | Status: 500 | Latency: 4.610293ms | IP: ::1
2026/01/04 21:56:37 [POST] /api/v1/auth/refresh-token HTTP/1.1 | Status: 200 | Latency: 17.670154ms | IP: ::1
2026/01/04 21:56:37 [POST] /api/v1/auth/logout HTTP/1.1 | Status: 401 | Latency: 42.452µs | IP: ::1
2026/01/04 21:56:37 [POST] /api/v1/auth/refresh-token HTTP/1.1 | Status: 500 | Latency: 2.552464ms | IP: ::1
2026/01/04 21:56:37 [GET] /api/v1/auth/me HTTP/1.1 | Status: 401 | Latency: 171.059µs | IP: ::1
2026/01/04 21:56:37 [POST] /api/v1/auth/refresh-token HTTP/1.1 | Status: 500 | Latency: 14.983699ms | IP: ::1
2026/01/04 21:56:37 [POST] /api/v1/auth/logout HTTP/1.1 | Status: 401 | Latency: 227.751µs | IP: ::1
2026/01/04 21:56:37 [POST] /api/v1/auth/refresh-token HTTP/1.1 | Status: 500 | Latency: 16.5419ms | IP: ::1
2026/01/04 21:56:37 [GET] /api/v1/auth/me HTTP/1.1 | Status: 401 | Latency: 118.326µs | IP: ::1
2026/01/04 21:56:37 [POST] /api/v1/auth/refresh-token HTTP/1.1 | Status: 500 | Latency: 8.860316ms | IP: ::1
2026/01/04 21:56:37 [POST] /api/v1/auth/logout HTTP/1.1 | Status: 401 | Latency: 86.132µs | IP: ::1
2026/01/04 21:56:37 [POST] /api/v1/auth/refresh-token HTTP/1.1 | Status: 503 | Latency: 26.033µs | IP: ::1
2026/01/04 21:56:37 [GET] /api/v1/auth/me HTTP/1.1 | Status: 401 | Latency: 80.447µs | IP: ::1
2026/01/04 21:56:38 [POST] /api/v1/auth/refresh-token HTTP/1.1 | Status: 503 | Latency: 54.685µs | IP: ::1
2026/01/04 21:56:38 [POST] /api/v1/auth/logout HTTP/1.1 | Status: 401 | Latency: 118.645µs | IP: ::1
2026/01/04 21:56:38 [POST] /api/v1/auth/refresh-token HTTP/1.1 | Status: 503 | Latency: 49.717µs | IP: ::1
2026/01/04 21:56:38 [GET] /api/v1/auth/me HTTP/1.1 | Status: 401 | Latency: 179.118µs | IP: ::1
2026/01/04 21:56:38 [POST] /api/v1/auth/refresh-token HTTP/1.1 | Status: 503 | Latency: 63.254µs | IP: ::1
2026/01/04 21:56:38 [POST] /api/v1/auth/logout HTTP/1.1 | Status: 401 | Latency: 233.69µs | IP: ::1
2026/01/04 21:56:38 [POST] /api/v1/auth/refresh-token HTTP/1.1 | Status: 503 | Latency: 96.734µs | IP: ::1
2026/01/04 21:56:38 [GET] /api/v1/auth/me HTTP/1.1 | Status: 401 | Latency: 94.479µs | IP: ::1
2026/01/04 21:56:38 [POST] /api/v1/auth/refresh-token HTTP/1.1 | Status: 503 | Latency: 51.463µs | IP: ::1
2026/01/04 21:56:38 [POST] /api/v1/auth/logout HTTP/1.1 | Status: 401 | Latency: 127.245µs | IP: ::1
2026/01/04 21:56:38 [POST] /api/v1/auth/refresh-token HTTP/1.1 | Status: 503 | Latency: 44.741µs | IP: ::1
2026/01/04 21:56:38 [GET] /api/v1/auth/me HTTP/1.1 | Status: 401 | Latency: 205.095µs | IP: ::1
2026/01/04 21:56:38 [GET] /api/v1/auth/me HTTP/1.1 | Status: 401 | Latency: 106.412µs | IP: ::1
2026/01/04 21:56:38 [GET] /api/v1/auth/me HTTP/1.1 | Status: 401 | Latency: 65.229µs | IP: ::1
2026/01/04 21:56:38 [POST] /api/v1/auth/refresh-token HTTP/1.1 | Status: 503 | Latency: 94.112µs | IP: ::1
2026/01/04 21:56:38 [POST] /api/v1/auth/logout HTTP/1.1 | Status: 401 | Latency: 186.64µs | IP: ::1
2026/01/04 21:56:38 [POST] /api/v1/auth/refresh-token HTTP/1.1 | Status: 503 | Latency: 63.645µs | IP: ::1
2026/01/04 21:56:38 [POST] /api/v1/auth/refresh-token HTTP/1.1 | Status: 503 | Latency: 96.472µs | IP: ::1
2026/01/04 21:56:38 [POST] /api/v1/auth/refresh-token HTTP/1.1 | Status: 503 | Latency: 44.721µs | IP: ::1
2026/01/04 21:56:38 [POST] /api/v1/auth/logout HTTP/1.1 | Status: 401 | Latency: 80.345µs | IP: ::1
2026/01/04 21:56:38 [POST] /api/v1/auth/logout HTTP/1.1 | Status: 401 | Latency: 66.679µs | IP: ::1
2026/01/04 21:56:38 [POST] /api/v1/auth/refresh-token HTTP/1.1 | Status: 503 | Latency: 65.589µs | IP: ::1
2026/01/04 21:56:38 [POST] /api/v1/auth/refresh-token HTTP/1.1 | Status: 503 | Latency: 37.787µs | IP: ::1
2026/01/04 21:56:39 [GET] /api/v1/auth/me HTTP/1.1 | Status: 401 | Latency: 129.838µs | IP: ::1
2026/01/04 21:56:39 [POST] /api/v1/auth/refresh-token HTTP/1.1 | Status: 503 | Latency: 42.239µs | IP: ::1
2026/01/04 21:56:39 [POST] /api/v1/auth/logout HTTP/1.1 | Status: 401 | Latency: 160.285µs | IP: ::1
2026/01/04 21:56:39 [POST] /api/v1/auth/refresh-token HTTP/1.1 | Status: 503 | Latency: 29.534µs | IP: ::1
2026/01/04 21:56:39 [GET] /api/v1/auth/me HTTP/1.1 | Status: 401 | Latency: 148.823µs | IP: ::1
2026/01/04 21:56:39 [POST] /api/v1/auth/refresh-token HTTP/1.1 | Status: 503 | Latency: 44.119µs | IP: ::1
2026/01/04 21:56:39 [POST] /api/v1/auth/logout HTTP/1.1 | Status: 401 | Latency: 182.424µs | IP: ::1
2026/01/04 21:56:39 [POST] /api/v1/auth/refresh-token HTTP/1.1 | Status: 503 | Latency: 92.861µs | IP: ::1
2026/01/04 21:56:39 [GET] /api/v1/auth/me HTTP/1.1 | Status: 401 | Latency: 96.489µs | IP: ::1
2026/01/04 21:56:39 [POST] /api/v1/auth/refresh-token HTTP/1.1 | Status: 503 | Latency: 116.967µs | IP: ::1
2026/01/04 21:56:39 [POST] /api/v1/auth/logout HTTP/1.1 | Status: 401 | Latency: 153.788µs | IP: ::1
2026/01/04 21:56:39 [POST] /api/v1/auth/refresh-token HTTP/1.1 | Status: 503 | Latency: 277.375µs | IP: ::1
2026/01/04 21:56:40 [GET] /api/v1/auth/me HTTP/1.1 | Status: 401 | Latency: 264.706µs | IP: ::1
2026/01/04 21:56:40 [POST] /api/v1/auth/refresh-token HTTP/1.1 | Status: 503 | Latency: 192.146µs | IP: ::1
2026/01/04 21:56:40 [POST] /api/v1/auth/logout HTTP/1.1 | Status: 401 | Latency: 327.806µs | IP: ::1
2026/01/04 21:56:40 [POST] /api/v1/auth/refresh-token HTTP/1.1 | Status: 503 | Latency: 139.242µs | IP: ::1
2026/01/04 21:56:40 [GET] /api/v1/auth/me HTTP/1.1 | Status: 401 | Latency: 210.217µs | IP: ::1
2026/01/04 21:56:40 [POST] /api/v1/auth/refresh-token HTTP/1.1 | Status: 503 | Latency: 57.728µs | IP: ::1
2026/01/04 21:56:40 [POST] /api/v1/auth/logout HTTP/1.1 | Status: 401 | Latency: 214.861µs | IP: ::1
2026/01/04 21:56:40 [POST] /api/v1/auth/refresh-token HTTP/1.1 | Status: 503 | Latency: 58.003µs | IP: ::1
2026/01/04 21:56:40 [GET] /api/v1/auth/me HTTP/1.1 | Status: 401 | Latency: 53.651µs | IP: ::1
2026/01/04 21:56:40 [GET] /api/v1/auth/me HTTP/1.1 | Status: 401 | Latency: 126.703µs | IP: ::1
2026/01/04 21:56:40 [GET] /api/v1/auth/me HTTP/1.1 | Status: 401 | Latency: 46.44µs | IP: ::1
2026/01/04 21:56:40 [POST] /api/v1/auth/refresh-token HTTP/1.1 | Status: 503 | Latency: 138.454µs | IP: ::1
2026/01/04 21:56:40 [POST] /api/v1/auth/logout HTTP/1.1 | Status: 401 | Latency: 404.346µs | IP: ::1
2026/01/04 21:56:40 [POST] /api/v1/auth/refresh-token HTTP/1.1 | Status: 503 | Latency: 83.977µs | IP: ::1
2026/01/04 21:56:40 [POST] /api/v1/auth/refresh-token HTTP/1.1 | Status: 503 | Latency: 41.793µs | IP: ::1
2026/01/04 21:56:40 [POST] /api/v1/auth/refresh-token HTTP/1.1 | Status: 503 | Latency: 137.419µs | IP: ::1
2026/01/04 21:56:41 [POST] /api/v1/auth/logout HTTP/1.1 | Status: 401 | Latency: 69.935µs | IP: ::1
2026/01/04 21:56:41 [POST] /api/v1/auth/logout HTTP/1.1 | Status: 401 | Latency: 46.029µs | IP: ::1
2026/01/04 21:56:41 [POST] /api/v1/auth/refresh-token HTTP/1.1 | Status: 503 | Latency: 65.868µs | IP: ::1
2026/01/04 21:56:41 [GET] /api/v1/auth/me HTTP/1.1 | Status: 401 | Latency: 124.652µs | IP: ::1
2026/01/04 21:56:41 [POST] /api/v1/auth/refresh-token HTTP/1.1 | Status: 503 | Latency: 41.216µs | IP: ::1
2026/01/04 21:56:41 [POST] /api/v1/auth/logout HTTP/1.1 | Status: 401 | Latency: 110.19µs | IP: ::1
2026/01/04 21:56:41 [POST] /api/v1/auth/refresh-token HTTP/1.1 | Status: 503 | Latency: 48.446µs | IP: ::1
2026/01/04 21:56:41 [GET] /api/v1/auth/me HTTP/1.1 | Status: 401 | Latency: 141.625µs | IP: ::1
2026/01/04 21:56:41 [POST] /api/v1/auth/refresh-token HTTP/1.1 | Status: 503 | Latency: 59.678µs | IP: ::1
2026/01/04 21:56:41 [POST] /api/v1/auth/logout HTTP/1.1 | Status: 401 | Latency: 116.738µs | IP: ::1
2026/01/04 21:56:41 [POST] /api/v1/auth/refresh-token HTTP/1.1 | Status: 503 | Latency: 30.839µs | IP: ::1
2026/01/04 21:56:41 [GET] /api/v1/auth/me HTTP/1.1 | Status: 401 | Latency: 39.636µs | IP: ::1
2026/01/04 21:56:41 [POST] /api/v1/auth/refresh-token HTTP/1.1 | Status: 503 | Latency: 63.278µs | IP: ::1
2026/01/04 21:56:41 [POST] /api/v1/auth/logout HTTP/1.1 | Status: 401 | Latency: 114.313µs | IP: ::1
2026/01/04 21:56:41 [POST] /api/v1/auth/refresh-token HTTP/1.1 | Status: 503 | Latency: 81.023µs | IP: ::1
2026/01/04 21:56:41 [GET] /api/v1/auth/me HTTP/1.1 | Status: 401 | Latency: 120.055µs | IP: ::1
2026/01/04 21:56:41 [POST] /api/v1/auth/refresh-token HTTP/1.1 | Status: 503 | Latency: 125.485µs | IP: ::1
2026/01/04 21:56:41 [POST] /api/v1/auth/logout HTTP/1.1 | Status: 401 | Latency: 249.205µs | IP: ::1
2026/01/04 21:56:41 [POST] /api/v1/auth/refresh-token HTTP/1.1 | Status: 503 | Latency: 79.115µs | IP: ::1
2026/01/04 21:56:42 [GET] /api/v1/auth/me HTTP/1.1 | Status: 401 | Latency: 129.88µs | IP: ::1
2026/01/04 21:56:42 [POST] /api/v1/auth/refresh-token HTTP/1.1 | Status: 503 | Latency: 62.048µs | IP: ::1
2026/01/04 21:56:42 [POST] /api/v1/auth/logout HTTP/1.1 | Status: 401 | Latency: 162.534µs | IP: ::1
2026/01/04 21:56:42 [POST] /api/v1/auth/refresh-token HTTP/1.1 | Status: 503 | Latency: 107.352µs | IP: ::1
2026/01/04 21:56:42 [GET] /api/v1/auth/me HTTP/1.1 | Status: 401 | Latency: 176.053µs | IP: ::1
2026/01/04 21:56:42 [GET] /api/v1/auth/me HTTP/1.1 | Status: 401 | Latency: 75.921µs | IP: ::1
2026/01/04 21:56:42 [GET] /api/v1/auth/me HTTP/1.1 | Status: 401 | Latency: 44.044µs | IP: ::1
2026/01/04 21:56:42 [POST] /api/v1/auth/refresh-token HTTP/1.1 | Status: 503 | Latency: 80.838µs | IP: ::1
2026/01/04 21:56:42 [POST] /api/v1/auth/refresh-token HTTP/1.1 | Status: 503 | Latency: 32.701µs | IP: ::1
2026/01/04 21:56:42 [POST] /api/v1/auth/logout HTTP/1.1 | Status: 401 | Latency: 125.953µs | IP: ::1
2026/01/04 21:56:42 [POST] /api/v1/auth/refresh-token HTTP/1.1 | Status: 503 | Latency: 40.006µs | IP: ::1
2026/01/04 21:56:42 [POST] /api/v1/auth/refresh-token HTTP/1.1 | Status: 503 | Latency: 19.342µs | IP: ::1
2026/01/04 21:56:42 [POST] /api/v1/auth/logout HTTP/1.1 | Status: 401 | Latency: 63.567µs | IP: ::1
2026/01/04 21:56:42 [POST] /api/v1/auth/logout HTTP/1.1 | Status: 401 | Latency: 55.98µs | IP: ::1
2026/01/04 21:56:42 [POST] /api/v1/auth/refresh-token HTTP/1.1 | Status: 503 | Latency: 88.321µs | IP: ::1
2026/01/04 21:56:42 [POST] /api/v1/auth/refresh-token HTTP/1.1 | Status: 503 | Latency: 38.261µs | IP: ::1
2026/01/04 21:56:43 [GET] /api/v1/auth/me HTTP/1.1 | Status: 401 | Latency: 250.162µs | IP: ::1
2026/01/04 21:56:43 [POST] /api/v1/auth/refresh-token HTTP/1.1 | Status: 503 | Latency: 59.35µs | IP: ::1
2026/01/04 21:56:43 [POST] /api/v1/auth/logout HTTP/1.1 | Status: 429 | Latency: 94.023µs | IP: ::1
2026/01/04 21:56:43 [GET] /api/v1/auth/me HTTP/1.1 | Status: 401 | Latency: 163.12µs | IP: ::1
2026/01/04 21:56:43 [POST] /api/v1/auth/refresh-token HTTP/1.1 | Status: 429 | Latency: 36.049µs | IP: ::1
2026/01/04 21:56:43 [POST] /api/v1/auth/logout HTTP/1.1 | Status: 429 | Latency: 34.193µs | IP: ::1
2026/01/04 21:56:43 [GET] /api/v1/auth/me HTTP/1.1 | Status: 429 | Latency: 40.404µs | IP: ::1
2026/01/04 21:56:43 [GET] /api/v1/auth/me HTTP/1.1 | Status: 429 | Latency: 89.231µs | IP: ::1
2026/01/04 21:56:43 [POST] /api/v1/auth/logout HTTP/1.1 | Status: 429 | Latency: 23.664µs | IP: ::1
2026/01/04 21:56:43 [POST] /api/v1/auth/logout HTTP/1.1 | Status: 429 | Latency: 52.657µs | IP: ::1
2026/01/04 21:57:03 [GET] /api/v1/auth/me HTTP/1.1 | Status: 401 | Latency: 97.718µs | IP: ::1
2026/01/04 21:57:03 [POST] /api/v1/auth/refresh-token HTTP/1.1 | Status: 503 | Latency: 53.044µs | IP: ::1
2026/01/04 21:57:03 [GET] /api/v1/auth/me HTTP/1.1 | Status: 401 | Latency: 144.583µs | IP: ::1
2026/01/04 21:57:03 [POST] /api/v1/auth/logout HTTP/1.1 | Status: 401 | Latency: 185.723µs | IP: ::1
2026/01/04 21:57:03 [POST] /api/v1/auth/refresh-token HTTP/1.1 | Status: 503 | Latency: 95.95µs | IP: ::1
2026/01/04 21:57:03 [POST] /api/v1/auth/refresh-token HTTP/1.1 | Status: 503 | Latency: 142.247µs | IP: ::1
2026/01/04 21:57:03 [POST] /api/v1/auth/logout HTTP/1.1 | Status: 401 | Latency: 66.007µs | IP: ::1
2026/01/04 21:57:03 [POST] /api/v1/auth/refresh-token HTTP/1.1 | Status: 503 | Latency: 93.414µs | IP: ::1
2026/01/04 21:57:04 [GET] /api/v1/auth/me HTTP/1.1 | Status: 401 | Latency: 248.44µs | IP: ::1
2026/01/04 21:57:04 [POST] /api/v1/auth/refresh-token HTTP/1.1 | Status: 503 | Latency: 85.719µs | IP: ::1
2026/01/04 21:57:04 [POST] /api/v1/auth/logout HTTP/1.1 | Status: 401 | Latency: 107.242µs | IP: ::1
2026/01/04 21:57:04 [POST] /api/v1/auth/refresh-token HTTP/1.1 | Status: 503 | Latency: 56.914µs | IP: ::1
2026/01/04 21:57:04 [GET] /api/v1/auth/me HTTP/1.1 | Status: 401 | Latency: 223.473µs | IP: ::1
2026/01/04 21:57:04 [POST] /api/v1/auth/refresh-token HTTP/1.1 | Status: 503 | Latency: 51.113µs | IP: ::1
2026/01/04 21:57:04 [POST] /api/v1/auth/logout HTTP/1.1 | Status: 401 | Latency: 272.586µs | IP: ::1
2026/01/04 21:57:04 [POST] /api/v1/auth/refresh-token HTTP/1.1 | Status: 503 | Latency: 80.573µs | IP: ::1
2026/01/04 21:57:04 [GET] /api/v1/auth/me HTTP/1.1 | Status: 401 | Latency: 61.734µs | IP: ::1
2026/01/04 21:57:05 [POST] /api/v1/auth/refresh-token HTTP/1.1 | Status: 503 | Latency: 88.127µs | IP: ::1
2026/01/04 21:57:05 [POST] /api/v1/auth/logout HTTP/1.1 | Status: 401 | Latency: 100.09µs | IP: ::1
2026/01/04 21:57:05 [POST] /api/v1/auth/refresh-token HTTP/1.1 | Status: 503 | Latency: 108.613µs | IP: ::1
2026/01/04 21:57:05 [GET] /api/v1/auth/me HTTP/1.1 | Status: 401 | Latency: 348.574µs | IP: ::1
2026/01/04 21:57:05 [POST] /api/v1/auth/refresh-token HTTP/1.1 | Status: 503 | Latency: 50.113µs | IP: ::1
2026/01/04 21:57:05 [POST] /api/v1/auth/logout HTTP/1.1 | Status: 401 | Latency: 238.951µs | IP: ::1
2026/01/04 21:57:05 [POST] /api/v1/auth/refresh-token HTTP/1.1 | Status: 503 | Latency: 93.889µs | IP: ::1
2026/01/04 21:57:06 [GET] /api/v1/auth/me HTTP/1.1 | Status: 401 | Latency: 102.04µs | IP: ::1
2026/01/04 21:57:06 [GET] /api/v1/auth/me HTTP/1.1 | Status: 401 | Latency: 105.332µs | IP: ::1
2026/01/04 21:57:06 [GET] /api/v1/auth/me HTTP/1.1 | Status: 401 | Latency: 359.904µs | IP: ::1
2026/01/04 21:57:06 [POST] /api/v1/auth/refresh-token HTTP/1.1 | Status: 503 | Latency: 92.532µs | IP: ::1
2026/01/04 21:57:06 [POST] /api/v1/auth/refresh-token HTTP/1.1 | Status: 503 | Latency: 115.336µs | IP: ::1
2026/01/04 21:57:06 [POST] /api/v1/auth/logout HTTP/1.1 | Status: 401 | Latency: 72.577µs | IP: ::1
2026/01/04 21:57:06 [POST] /api/v1/auth/refresh-token HTTP/1.1 | Status: 503 | Latency: 32.737µs | IP: ::1
2026/01/04 21:57:06 [POST] /api/v1/auth/logout HTTP/1.1 | Status: 401 | Latency: 57.922µs | IP: ::1
2026/01/04 21:57:06 [POST] /api/v1/auth/refresh-token HTTP/1.1 | Status: 503 | Latency: 103.458µs | IP: ::1
2026/01/04 21:57:06 [POST] /api/v1/auth/logout HTTP/1.1 | Status: 401 | Latency: 307.543µs | IP: ::1
2026/01/04 21:57:06 [POST] /api/v1/auth/refresh-token HTTP/1.1 | Status: 503 | Latency: 52.006µs | IP: ::1
2026/01/04 21:57:06 [POST] /api/v1/auth/refresh-token HTTP/1.1 | Status: 503 | Latency: 91.978µs | IP: ::1
2026/01/04 21:57:06 [GET] /api/v1/auth/me HTTP/1.1 | Status: 401 | Latency: 278.078µs | IP: ::1
2026/01/04 21:57:06 [POST] /api/v1/auth/refresh-token HTTP/1.1 | Status: 503 | Latency: 158.96µs | IP: ::1
2026/01/04 21:57:06 [POST] /api/v1/auth/logout HTTP/1.1 | Status: 401 | Latency: 165.262µs | IP: ::1
2026/01/04 21:57:06 [POST] /api/v1/auth/refresh-token HTTP/1.1 | Status: 429 | Latency: 53.841µs | IP: ::1
2026/01/04 21:57:07 [GET] /api/v1/auth/me HTTP/1.1 | Status: 429 | Latency: 35.727µs | IP: ::1
2026/01/04 21:57:07 [POST] /api/v1/auth/logout HTTP/1.1 | Status: 429 | Latency: 42.204µs | IP: ::1
2026/01/04 21:57:07 [GET] /api/v1/auth/me HTTP/1.1 | Status: 429 | Latency: 41.829µs | IP: ::1
2026/01/04 21:57:07 [POST] /api/v1/auth/logout HTTP/1.1 | Status: 429 | Latency: 22.397µs | IP: ::1
2026/01/04 21:57:52 [GET] /api/v1/auth/me HTTP/1.1 | Status: 401 | Latency: 60.659µs | IP: ::1
2026/01/04 21:57:52 [POST] /api/v1/auth/refresh-token HTTP/1.1 | Status: 200 | Latency: 11.180803ms | IP: ::1
2026/01/04 21:57:52 [GET] /api/v1/auth/me HTTP/1.1 | Status: 401 | Latency: 67.219µs | IP: ::1
2026/01/04 21:57:52 [POST] /api/v1/auth/logout HTTP/1.1 | Status: 401 | Latency: 118.495µs | IP: ::1
2026/01/04 21:57:52 [POST] /api/v1/auth/refresh-token HTTP/1.1 | Status: 500 | Latency: 7.623675ms | IP: ::1
2026/01/04 21:57:52 [GET] /api/v1/auth/me HTTP/1.1 | Status: 401 | Latency: 89.588µs | IP: ::1
2026/01/04 21:57:52 [POST] /api/v1/auth/refresh-token HTTP/1.1 | Status: 500 | Latency: 10.540893ms | IP: ::1
2026/01/04 21:57:52 [POST] /api/v1/auth/logout HTTP/1.1 | Status: 401 | Latency: 81.044µs | IP: ::1
2026/01/04 21:57:52 [POST] /api/v1/auth/refresh-token HTTP/1.1 | Status: 500 | Latency: 7.647462ms | IP: ::1
2026/01/04 21:57:52 [GET] /api/v1/auth/me HTTP/1.1 | Status: 401 | Latency: 176.896µs | IP: ::1
2026/01/04 21:57:52 [POST] /api/v1/auth/refresh-token HTTP/1.1 | Status: 500 | Latency: 8.749482ms | IP: ::1
2026/01/04 21:57:52 [POST] /api/v1/auth/logout HTTP/1.1 | Status: 401 | Latency: 102.11µs | IP: ::1
2026/01/04 21:57:52 [POST] /api/v1/auth/refresh-token HTTP/1.1 | Status: 500 | Latency: 6.603088ms | IP: ::1
2026/01/04 21:57:53 [GET] /api/v1/auth/me HTTP/1.1 | Status: 401 | Latency: 82.102µs | IP: ::1
2026/01/04 21:57:53 [POST] /api/v1/auth/refresh-token HTTP/1.1 | Status: 503 | Latency: 55.909µs | IP: ::1
2026/01/04 21:57:53 [POST] /api/v1/auth/logout HTTP/1.1 | Status: 401 | Latency: 92.569µs | IP: ::1
2026/01/04 21:57:53 [POST] /api/v1/auth/refresh-token HTTP/1.1 | Status: 503 | Latency: 43.623µs | IP: ::1
2026/01/04 21:57:53 [GET] /api/v1/auth/me HTTP/1.1 | Status: 401 | Latency: 183.404µs | IP: ::1
2026/01/04 21:57:53 [POST] /api/v1/auth/refresh-token HTTP/1.1 | Status: 503 | Latency: 25.689µs | IP: ::1
2026/01/04 21:57:53 [POST] /api/v1/auth/logout HTTP/1.1 | Status: 401 | Latency: 64.062µs | IP: ::1
2026/01/04 21:57:53 [POST] /api/v1/auth/refresh-token HTTP/1.1 | Status: 503 | Latency: 20.998µs | IP: ::1
2026/01/04 21:57:53 [GET] /api/v1/auth/me HTTP/1.1 | Status: 401 | Latency: 213.806µs | IP: ::1
2026/01/04 21:57:53 [POST] /api/v1/auth/refresh-token HTTP/1.1 | Status: 503 | Latency: 30.691µs | IP: ::1
2026/01/04 21:57:53 [POST] /api/v1/auth/logout HTTP/1.1 | Status: 401 | Latency: 66.811µs | IP: ::1
2026/01/04 21:57:53 [POST] /api/v1/auth/refresh-token HTTP/1.1 | Status: 503 | Latency: 34.814µs | IP: ::1
2026/01/04 21:57:53 [GET] /api/v1/auth/me HTTP/1.1 | Status: 401 | Latency: 90.022µs | IP: ::1
2026/01/04 21:57:53 [POST] /api/v1/auth/refresh-token HTTP/1.1 | Status: 503 | Latency: 31.967µs | IP: ::1
2026/01/04 21:57:53 [POST] /api/v1/auth/logout HTTP/1.1 | Status: 401 | Latency: 77.52µs | IP: ::1
2026/01/04 21:57:53 [POST] /api/v1/auth/refresh-token HTTP/1.1 | Status: 503 | Latency: 26.878µs | IP: ::1
2026/01/04 21:57:54 [GET] /api/v1/auth/me HTTP/1.1 | Status: 401 | Latency: 182.173µs | IP: ::1
2026/01/04 21:57:54 [POST] /api/v1/auth/refresh-token HTTP/1.1 | Status: 503 | Latency: 42.179µs | IP: ::1
2026/01/04 21:57:54 [POST] /api/v1/auth/logout HTTP/1.1 | Status: 401 | Latency: 100.909µs | IP: ::1
2026/01/04 21:57:54 [POST] /api/v1/auth/refresh-token HTTP/1.1 | Status: 503 | Latency: 36.28µs | IP: ::1
2026/01/04 21:57:54 [GET] /api/v1/auth/me HTTP/1.1 | Status: 401 | Latency: 176.52µs | IP: ::1
2026/01/04 21:57:54 [POST] /api/v1/auth/refresh-token HTTP/1.1 | Status: 503 | Latency: 70.096µs | IP: ::1
2026/01/04 21:57:54 [POST] /api/v1/auth/logout HTTP/1.1 | Status: 401 | Latency: 122.432µs | IP: ::1
2026/01/04 21:57:54 [POST] /api/v1/auth/refresh-token HTTP/1.1 | Status: 503 | Latency: 49.298µs | IP: ::1
2026/01/04 21:57:54 [GET] /api/v1/auth/me HTTP/1.1 | Status: 401 | Latency: 88.949µs | IP: ::1
2026/01/04 21:57:54 [POST] /api/v1/auth/refresh-token HTTP/1.1 | Status: 503 | Latency: 35.004µs | IP: ::1
2026/01/04 21:57:54 [POST] /api/v1/auth/logout HTTP/1.1 | Status: 401 | Latency: 56.406µs | IP: ::1
2026/01/04 21:57:54 [POST] /api/v1/auth/refresh-token HTTP/1.1 | Status: 503 | Latency: 45.105µs | IP: ::1
2026/01/04 21:57:54 [GET] /api/v1/auth/me HTTP/1.1 | Status: 401 | Latency: 69.701µs | IP: ::1
2026/01/04 21:57:54 [POST] /api/v1/auth/refresh-token HTTP/1.1 | Status: 503 | Latency: 33.071µs | IP: ::1
2026/01/04 21:57:54 [POST] /api/v1/auth/logout HTTP/1.1 | Status: 401 | Latency: 87.489µs | IP: ::1
2026/01/04 21:57:54 [POST] /api/v1/auth/refresh-token HTTP/1.1 | Status: 503 | Latency: 45.86µs | IP: ::1
2026/01/04 21:57:54 [GET] /api/v1/auth/me HTTP/1.1 | Status: 401 | Latency: 80.456µs | IP: ::1
2026/01/04 21:57:55 [POST] /api/v1/auth/refresh-token HTTP/1.1 | Status: 503 | Latency: 56.049µs | IP: ::1
2026/01/04 21:57:55 [POST] /api/v1/auth/logout HTTP/1.1 | Status: 401 | Latency: 55.862µs | IP: ::1
2026/01/04 21:57:55 [POST] /api/v1/auth/refresh-token HTTP/1.1 | Status: 503 | Latency: 50.087µs | IP: ::1
2026/01/04 21:57:55 [GET] /api/v1/auth/me HTTP/1.1 | Status: 401 | Latency: 69.104µs | IP: ::1
2026/01/04 21:57:55 [POST] /api/v1/auth/refresh-token HTTP/1.1 | Status: 503 | Latency: 42.76µs | IP: ::1
2026/01/04 21:57:55 [POST] /api/v1/auth/logout HTTP/1.1 | Status: 401 | Latency: 58.871µs | IP: ::1
2026/01/04 21:57:55 [POST] /api/v1/auth/refresh-token HTTP/1.1 | Status: 503 | Latency: 34.056µs | IP: ::1
2026/01/04 21:57:55 [GET] /api/v1/auth/me HTTP/1.1 | Status: 401 | Latency: 110.79µs | IP: ::1
2026/01/04 21:57:55 [POST] /api/v1/auth/refresh-token HTTP/1.1 | Status: 503 | Latency: 39.284µs | IP: ::1
2026/01/04 21:57:55 [POST] /api/v1/auth/logout HTTP/1.1 | Status: 401 | Latency: 70.136µs | IP: ::1
2026/01/04 21:57:55 [POST] /api/v1/auth/refresh-token HTTP/1.1 | Status: 503 | Latency: 28.855µs | IP: ::1
2026/01/04 21:57:55 [GET] /api/v1/auth/me HTTP/1.1 | Status: 401 | Latency: 124.904µs | IP: ::1
2026/01/04 21:57:55 [POST] /api/v1/auth/refresh-token HTTP/1.1 | Status: 503 | Latency: 107.344µs | IP: ::1
2026/01/04 21:57:55 [POST] /api/v1/auth/logout HTTP/1.1 | Status: 401 | Latency: 168.941µs | IP: ::1
2026/01/04 21:57:55 [POST] /api/v1/auth/refresh-token HTTP/1.1 | Status: 503 | Latency: 67.91µs | IP: ::1
2026/01/04 21:57:55 [GET] /api/v1/auth/me HTTP/1.1 | Status: 401 | Latency: 80.65µs | IP: ::1
2026/01/04 21:57:55 [POST] /api/v1/auth/refresh-token HTTP/1.1 | Status: 503 | Latency: 35.432µs | IP: ::1
2026/01/04 21:57:55 [POST] /api/v1/auth/logout HTTP/1.1 | Status: 401 | Latency: 141.986µs | IP: ::1
2026/01/04 21:57:55 [POST] /api/v1/auth/refresh-token HTTP/1.1 | Status: 503 | Latency: 69.838µs | IP: ::1
2026/01/04 21:57:56 [GET] /api/v1/auth/me HTTP/1.1 | Status: 401 | Latency: 236.77µs | IP: ::1
2026/01/04 21:57:56 [POST] /api/v1/auth/refresh-token HTTP/1.1 | Status: 503 | Latency: 57.319µs | IP: ::1
2026/01/04 21:57:56 [POST] /api/v1/auth/logout HTTP/1.1 | Status: 401 | Latency: 73.248µs | IP: ::1
2026/01/04 21:57:56 [POST] /api/v1/auth/refresh-token HTTP/1.1 | Status: 503 | Latency: 17.092µs | IP: ::1
2026/01/04 21:57:56 [GET] /api/v1/auth/me HTTP/1.1 | Status: 401 | Latency: 72.96µs | IP: ::1
2026/01/04 21:57:56 [POST] /api/v1/auth/refresh-token HTTP/1.1 | Status: 503 | Latency: 44.84µs | IP: ::1
2026/01/04 21:57:56 [POST] /api/v1/auth/logout HTTP/1.1 | Status: 401 | Latency: 83.039µs | IP: ::1
2026/01/04 21:57:56 [POST] /api/v1/auth/refresh-token HTTP/1.1 | Status: 503 | Latency: 56.932µs | IP: ::1
2026/01/04 21:58:01 [GET] /api/v1/auth/me HTTP/1.1 | Status: 401 | Latency: 64.666µs | IP: ::1
2026/01/04 21:58:01 [POST] /api/v1/auth/refresh-token HTTP/1.1 | Status: 503 | Latency: 54.592µs | IP: ::1
2026/01/04 21:58:01 [POST] /api/v1/auth/logout HTTP/1.1 | Status: 401 | Latency: 78.29µs | IP: ::1
2026/01/04 21:58:01 [GET] /api/v1/auth/me HTTP/1.1 | Status: 401 | Latency: 35.069µs | IP: ::1
2026/01/04 21:58:01 [POST] /api/v1/auth/refresh-token HTTP/1.1 | Status: 503 | Latency: 46.955µs | IP: ::1
2026/01/04 21:58:01 [POST] /api/v1/auth/logout HTTP/1.1 | Status: 401 | Latency: 44.407µs | IP: ::1
2026/01/04 21:58:01 [GET] /api/v1/auth/me HTTP/1.1 | Status: 401 | Latency: 31.932µs | IP: ::1
2026/01/04 21:58:02 [POST] /api/v1/auth/refresh-token HTTP/1.1 | Status: 503 | Latency: 57.003µs | IP: ::1
2026/01/04 21:58:02 [POST] /api/v1/auth/logout HTTP/1.1 | Status: 401 | Latency: 42.516µs | IP: ::1
2026/01/04 21:58:02 [POST] /api/v1/auth/refresh-token HTTP/1.1 | Status: 503 | Latency: 88.559µs | IP: ::1
2026/01/04 21:58:02 [GET] /api/v1/auth/me HTTP/1.1 | Status: 401 | Latency: 34.085µs | IP: ::1
2026/01/04 21:58:02 [POST] /api/v1/auth/refresh-token HTTP/1.1 | Status: 503 | Latency: 66.603µs | IP: ::1
2026/01/04 21:58:02 [POST] /api/v1/auth/logout HTTP/1.1 | Status: 401 | Latency: 55.686µs | IP: ::1
2026/01/04 21:58:02 [POST] /api/v1/auth/refresh-token HTTP/1.1 | Status: 503 | Latency: 35.848µs | IP: ::1
2026/01/04 21:58:03 [GET] /api/v1/auth/me HTTP/1.1 | Status: 401 | Latency: 42.647µs | IP: ::1
2026/01/04 21:58:03 [POST] /api/v1/auth/refresh-token HTTP/1.1 | Status: 503 | Latency: 60.505µs | IP: ::1
2026/01/04 21:58:03 [POST] /api/v1/auth/logout HTTP/1.1 | Status: 401 | Latency: 74.664µs | IP: ::1
2026/01/04 21:58:03 [POST] /api/v1/auth/refresh-token HTTP/1.1 | Status: 503 | Latency: 73.348µs | IP: ::1
2026/01/04 21:58:03 [GET] /api/v1/auth/me HTTP/1.1 | Status: 401 | Latency: 23.833µs | IP: ::1
2026/01/04 21:58:03 [POST] /api/v1/auth/refresh-token HTTP/1.1 | Status: 503 | Latency: 60.381µs | IP: ::1
2026/01/04 21:58:04 [POST] /api/v1/auth/logout HTTP/1.1 | Status: 401 | Latency: 43.303µs | IP: ::1
2026/01/04 21:58:04 [POST] /api/v1/auth/refresh-token HTTP/1.1 | Status: 503 | Latency: 54.068µs | IP: ::1
2026/01/04 21:58:04 [GET] /api/v1/auth/me HTTP/1.1 | Status: 401 | Latency: 48.673µs | IP: ::1
2026/01/04 21:58:04 [POST] /api/v1/auth/refresh-token HTTP/1.1 | Status: 429 | Latency: 28.758µs | IP: ::1
2026/01/04 21:58:04 [POST] /api/v1/auth/logout HTTP/1.1 | Status: 429 | Latency: 54.454µs | IP: ::1
2026/01/04 21:58:05 [GET] /api/v1/auth/me HTTP/1.1 | Status: 401 | Latency: 56.783µs | IP: ::1
2026/01/04 21:58:05 [GET] /api/v1/auth/me HTTP/1.1 | Status: 429 | Latency: 24.36µs | IP: ::1
2026/01/04 21:58:05 [POST] /api/v1/auth/refresh-token HTTP/1.1 | Status: 429 | Latency: 30.992µs | IP: ::1
2026/01/04 21:58:05 [POST] /api/v1/auth/logout HTTP/1.1 | Status: 429 | Latency: 49.089µs | IP: ::1
2026/01/04 21:58:05 [POST] /api/v1/auth/logout HTTP/1.1 | Status: 429 | Latency: 26.607µs | IP: ::1
2026/01/04 21:58:05 [GET] /api/v1/auth/me HTTP/1.1 | Status: 401 | Latency: 24.351µs | IP: ::1
2026/01/04 21:58:05 [POST] /api/v1/auth/refresh-token HTTP/1.1 | Status: 429 | Latency: 29.151µs | IP: ::1
2026/01/04 21:58:05 [POST] /api/v1/auth/logout HTTP/1.1 | Status: 429 | Latency: 23.99µs | IP: ::1
2026/01/04 21:58:06 [GET] /api/v1/auth/me HTTP/1.1 | Status: 401 | Latency: 46.151µs | IP: ::1
2026/01/04 21:58:06 [POST] /api/v1/auth/refresh-token HTTP/1.1 | Status: 429 | Latency: 38.991µs | IP: ::1
2026/01/04 21:58:07 [POST] /api/v1/auth/logout HTTP/1.1 | Status: 401 | Latency: 54.151µs | IP: ::1
2026/01/04 21:58:07 [POST] /api/v1/auth/refresh-token HTTP/1.1 | Status: 503 | Latency: 54.557µs | IP: ::1
2026/01/04 21:58:09 [GET] /api/v1/auth/me HTTP/1.1 | Status: 401 | Latency: 41.968µs | IP: ::1
2026/01/04 21:58:09 [GET] /api/v1/auth/me HTTP/1.1 | Status: 401 | Latency: 57.501µs | IP: ::1
2026/01/04 21:58:09 [POST] /api/v1/auth/refresh-token HTTP/1.1 | Status: 503 | Latency: 46.047µs | IP: ::1
2026/01/04 21:58:09 [POST] /api/v1/auth/refresh-token HTTP/1.1 | Status: 503 | Latency: 126.75µs | IP: ::1
2026/01/04 21:58:09 [POST] /api/v1/auth/logout HTTP/1.1 | Status: 429 | Latency: 36.381µs | IP: ::1
2026/01/04 21:58:09 [POST] /api/v1/auth/logout HTTP/1.1 | Status: 429 | Latency: 64.143µs | IP: ::1
2026/01/04 21:58:11 [GET] /api/v1/auth/me HTTP/1.1 | Status: 401 | Latency: 84.563µs | IP: ::1
2026/01/04 21:58:11 [POST] /api/v1/auth/refresh-token HTTP/1.1 | Status: 503 | Latency: 37.073µs | IP: ::1
2026/01/04 21:58:11 [POST] /api/v1/auth/logout HTTP/1.1 | Status: 401 | Latency: 46.019µs | IP: ::1
2026/01/04 21:58:11 [POST] /api/v1/auth/refresh-token HTTP/1.1 | Status: 429 | Latency: 42.418µs | IP: ::1
2026/01/04 21:58:12 [GET] /api/v1/auth/me HTTP/1.1 | Status: 401 | Latency: 28.825µs | IP: ::1
2026/01/04 21:58:12 [POST] /api/v1/auth/refresh-token HTTP/1.1 | Status: 503 | Latency: 37.489µs | IP: ::1
2026/01/04 21:58:12 [POST] /api/v1/auth/logout HTTP/1.1 | Status: 429 | Latency: 26.762µs | IP: ::1
2026/01/04 21:58:13 [GET] /api/v1/auth/me HTTP/1.1 | Status: 401 | Latency: 30.076µs | IP: ::1
2026/01/04 21:58:13 [POST] /api/v1/auth/refresh-token HTTP/1.1 | Status: 429 | Latency: 46.272µs | IP: ::1
2026/01/04 21:58:13 [POST] /api/v1/auth/logout HTTP/1.1 | Status: 429 | Latency: 46.89µs | IP: ::1
2026/01/04 21:58:13 [GET] /api/v1/auth/me HTTP/1.1 | Status: 401 | Latency: 39.304µs | IP: ::1
2026/01/04 21:58:13 [POST] /api/v1/auth/refresh-token HTTP/1.1 | Status: 429 | Latency: 28.434µs | IP: ::1
2026/01/04 21:58:14 [POST] /api/v1/auth/logout HTTP/1.1 | Status: 429 | Latency: 48.888µs | IP: ::1
2026/01/04 21:58:14 [GET] /api/v1/auth/me HTTP/1.1 | Status: 429 | Latency: 19.297µs | IP: ::1
2026/01/04 21:58:14 [POST] /api/v1/auth/logout HTTP/1.1 | Status: 429 | Latency: 29.551µs | IP: ::1
2026/01/04 21:58:15 [GET] /api/v1/auth/me HTTP/1.1 | Status: 401 | Latency: 27.013µs | IP: ::1
2026/01/04 21:58:15 [POST] /api/v1/auth/refresh-token HTTP/1.1 | Status: 503 | Latency: 51.253µs | IP: ::1
2026/01/04 21:58:15 [POST] /api/v1/auth/logout HTTP/1.1 | Status: 429 | Latency: 34.055µs | IP: ::1
2026/01/04 21:58:15 [GET] /api/v1/auth/me HTTP/1.1 | Status: 401 | Latency: 28.449µs | IP: ::1
2026/01/04 21:58:15 [POST] /api/v1/auth/refresh-token HTTP/1.1 | Status: 429 | Latency: 28.469µs | IP: ::1
2026/01/04 21:58:15 [POST] /api/v1/auth/logout HTTP/1.1 | Status: 429 | Latency: 32.288µs | IP: ::1
2026/01/04 21:58:16 [GET] /api/v1/auth/me HTTP/1.1 | Status: 401 | Latency: 21.491µs | IP: ::1
2026/01/04 21:58:16 [POST] /api/v1/auth/refresh-token HTTP/1.1 | Status: 429 | Latency: 25.357µs | IP: ::1
2026/01/04 21:58:16 [POST] /api/v1/auth/logout HTTP/1.1 | Status: 429 | Latency: 47.863µs | IP: ::1
2026/01/04 21:58:16 [GET] /api/v1/auth/me HTTP/1.1 | Status: 429 | Latency: 23.926µs | IP: ::1
2026/01/04 21:58:16 [POST] /api/v1/auth/logout HTTP/1.1 | Status: 429 | Latency: 19.871µs | IP: ::1
2026/01/04 21:58:19 [OPTIONS] /api/v1/auth/login HTTP/1.1 | Status: 204 | Latency: 47.887µs | IP: ::1
2026/01/04 21:58:19 [POST] /api/v1/auth/login HTTP/1.1 | Status: 503 | Latency: 27.562µs | IP: ::1
2026/01/04 21:58:32 [OPTIONS] /api/v1/auth/login HTTP/1.1 | Status: 204 | Latency: 28.94µs | IP: ::1
2026/01/04 21:58:32 [POST] /api/v1/auth/login HTTP/1.1 | Status: 200 | Latency: 66.528025ms | IP: ::1
2026/01/04 21:58:32 [GET] /api/v1/auth/me HTTP/1.1 | Status: 401 | Latency: 53.129µs | IP: ::1
2026/01/04 21:58:32 [POST] /api/v1/auth/refresh-token HTTP/1.1 | Status: 500 | Latency: 6.871253ms | IP: ::1
2026/01/04 21:58:33 [GET] /api/v1/auth/me HTTP/1.1 | Status: 401 | Latency: 195.471µs | IP: ::1
2026/01/04 21:58:33 [POST] /api/v1/auth/refresh-token HTTP/1.1 | Status: 200 | Latency: 18.879856ms | IP: ::1
2026/01/04 21:58:34 [GET] /api/v1/auth/me HTTP/1.1 | Status: 401 | Latency: 166.129µs | IP: ::1
2026/01/04 21:58:34 [POST] /api/v1/auth/logout HTTP/1.1 | Status: 401 | Latency: 95.286µs | IP: ::1
2026/01/04 21:58:34 [POST] /api/v1/auth/refresh-token HTTP/1.1 | Status: 200 | Latency: 7.661452ms | IP: ::1
2026/01/04 21:58:34 [POST] /api/v1/auth/logout HTTP/1.1 | Status: 401 | Latency: 94.465µs | IP: ::1
2026/01/04 22:01:06 [GET] /api/v1/auth/me HTTP/1.1 | Status: 401 | Latency: 179.157µs | IP: ::1
2026/01/04 22:01:06 [POST] /api/v1/auth/refresh-token HTTP/1.1 | Status: 200 | Latency: 19.462876ms | IP: ::1
2026/01/04 22:01:06 [GET] /api/v1/auth/me HTTP/1.1 | Status: 401 | Latency: 114.339µs | IP: ::1
2026/01/04 22:01:06 [POST] /api/v1/auth/logout HTTP/1.1 | Status: 401 | Latency: 123.207µs | IP: ::1
2026/01/04 22:01:06 [POST] /api/v1/auth/refresh-token HTTP/1.1 | Status: 500 | Latency: 8.789083ms | IP: ::1
2026/01/04 22:01:07 [GET] /api/v1/auth/me HTTP/1.1 | Status: 401 | Latency: 63.276µs | IP: ::1
2026/01/04 22:01:07 [POST] /api/v1/auth/refresh-token HTTP/1.1 | Status: 200 | Latency: 19.968649ms | IP: ::1
2026/01/04 22:01:07 [GET] /api/v1/auth/me HTTP/1.1 | Status: 401 | Latency: 82.646µs | IP: ::1
2026/01/04 22:01:07 [POST] /api/v1/auth/logout HTTP/1.1 | Status: 401 | Latency: 250.724µs | IP: ::1
2026/01/04 22:01:07 [POST] /api/v1/auth/refresh-token HTTP/1.1 | Status: 500 | Latency: 6.360624ms | IP: ::1
2026/01/04 22:01:07 [GET] /api/v1/auth/me HTTP/1.1 | Status: 401 | Latency: 54.188µs | IP: ::1
2026/01/04 22:01:07 [POST] /api/v1/auth/refresh-token HTTP/1.1 | Status: 500 | Latency: 5.59051ms | IP: ::1
2026/01/04 22:01:07 [POST] /api/v1/auth/logout HTTP/1.1 | Status: 401 | Latency: 152.234µs | IP: ::1
2026/01/04 22:01:07 [POST] /api/v1/auth/refresh-token HTTP/1.1 | Status: 500 | Latency: 7.712109ms | IP: ::1
2026/01/04 22:01:08 [GET] /api/v1/auth/me HTTP/1.1 | Status: 401 | Latency: 93.763µs | IP: ::1
2026/01/04 22:01:08 [POST] /api/v1/auth/refresh-token HTTP/1.1 | Status: 200 | Latency: 15.873988ms | IP: ::1
2026/01/04 22:01:08 [GET] /api/v1/auth/me HTTP/1.1 | Status: 401 | Latency: 183.801µs | IP: ::1
2026/01/04 22:01:08 [POST] /api/v1/auth/logout HTTP/1.1 | Status: 401 | Latency: 162.351µs | IP: ::1
2026/01/04 22:01:08 [POST] /api/v1/auth/refresh-token HTTP/1.1 | Status: 500 | Latency: 6.765684ms | IP: ::1
2026/01/04 22:01:09 [GET] /api/v1/auth/me HTTP/1.1 | Status: 401 | Latency: 86.931µs | IP: ::1
2026/01/04 22:01:09 [POST] /api/v1/auth/refresh-token HTTP/1.1 | Status: 200 | Latency: 14.922879ms | IP: ::1
2026/01/04 22:01:09 [GET] /api/v1/auth/me HTTP/1.1 | Status: 401 | Latency: 128.983µs | IP: ::1
2026/01/04 22:01:09 [POST] /api/v1/auth/logout HTTP/1.1 | Status: 401 | Latency: 226.386µs | IP: ::1
2026/01/04 22:01:09 [POST] /api/v1/auth/refresh-token HTTP/1.1 | Status: 500 | Latency: 8.760692ms | IP: ::1
2026/01/04 22:01:09 [GET] /api/v1/auth/me HTTP/1.1 | Status: 401 | Latency: 94.843µs | IP: ::1
2026/01/04 22:01:09 [POST] /api/v1/auth/refresh-token HTTP/1.1 | Status: 500 | Latency: 5.363879ms | IP: ::1
2026/01/04 22:01:09 [POST] /api/v1/auth/logout HTTP/1.1 | Status: 401 | Latency: 98.79µs | IP: ::1
2026/01/04 22:01:09 [GET] /api/v1/auth/me HTTP/1.1 | Status: 401 | Latency: 59.426µs | IP: ::1
2026/01/04 22:01:09 [POST] /api/v1/auth/refresh-token HTTP/1.1 | Status: 500 | Latency: 5.749973ms | IP: ::1
2026/01/04 22:01:09 [POST] /api/v1/auth/logout HTTP/1.1 | Status: 401 | Latency: 79.131µs | IP: ::1
2026/01/04 22:01:10 [GET] /api/v1/auth/me HTTP/1.1 | Status: 401 | Latency: 57.978µs | IP: ::1
2026/01/04 22:01:10 [POST] /api/v1/auth/refresh-token HTTP/1.1 | Status: 200 | Latency: 14.293647ms | IP: ::1
2026/01/04 22:01:10 [GET] /api/v1/auth/me HTTP/1.1 | Status: 401 | Latency: 66.448µs | IP: ::1
2026/01/04 22:01:10 [POST] /api/v1/auth/logout HTTP/1.1 | Status: 401 | Latency: 77.91µs | IP: ::1
2026/01/04 22:01:10 [POST] /api/v1/auth/refresh-token HTTP/1.1 | Status: 500 | Latency: 9.456938ms | IP: ::1
2026/01/04 22:01:10 [GET] /api/v1/auth/me HTTP/1.1 | Status: 401 | Latency: 75.295µs | IP: ::1
2026/01/04 22:01:10 [POST] /api/v1/auth/refresh-token HTTP/1.1 | Status: 500 | Latency: 6.829244ms | IP: ::1
2026/01/04 22:01:11 [POST] /api/v1/auth/logout HTTP/1.1 | Status: 401 | Latency: 114.441µs | IP: ::1
2026/01/04 22:01:11 [POST] /api/v1/auth/refresh-token HTTP/1.1 | Status: 200 | Latency: 14.637065ms | IP: ::1
2026/01/04 22:01:11 [POST] /api/v1/auth/logout HTTP/1.1 | Status: 401 | Latency: 135.379µs | IP: ::1
2026/01/04 22:01:11 [GET] /api/v1/auth/me HTTP/1.1 | Status: 401 | Latency: 163.548µs | IP: ::1
2026/01/04 22:01:11 [POST] /api/v1/auth/refresh-token HTTP/1.1 | Status: 500 | Latency: 6.387242ms | IP: ::1
2026/01/04 22:01:11 [POST] /api/v1/auth/logout HTTP/1.1 | Status: 401 | Latency: 141.574µs | IP: ::1
2026/01/04 22:01:11 [POST] /api/v1/auth/refresh-token HTTP/1.1 | Status: 500 | Latency: 5.628307ms | IP: ::1
2026/01/04 22:01:12 [GET] /api/v1/auth/me HTTP/1.1 | Status: 401 | Latency: 56.756µs | IP: ::1
2026/01/04 22:01:12 [POST] /api/v1/auth/refresh-token HTTP/1.1 | Status: 200 | Latency: 7.774065ms | IP: ::1
2026/01/04 22:01:12 [GET] /api/v1/auth/me HTTP/1.1 | Status: 401 | Latency: 71.914µs | IP: ::1
2026/01/04 22:01:12 [POST] /api/v1/auth/logout HTTP/1.1 | Status: 401 | Latency: 57.407µs | IP: ::1
2026/01/04 22:01:12 [POST] /api/v1/auth/refresh-token HTTP/1.1 | Status: 500 | Latency: 5.114854ms | IP: ::1
2026/01/04 22:01:12 [GET] /api/v1/auth/me HTTP/1.1 | Status: 401 | Latency: 57.164µs | IP: ::1
2026/01/04 22:01:12 [POST] /api/v1/auth/refresh-token HTTP/1.1 | Status: 500 | Latency: 12.003516ms | IP: ::1
2026/01/04 22:01:12 [POST] /api/v1/auth/logout HTTP/1.1 | Status: 401 | Latency: 122.234µs | IP: ::1
2026/01/04 22:01:12 [POST] /api/v1/auth/refresh-token HTTP/1.1 | Status: 500 | Latency: 9.196491ms | IP: ::1
2026/01/04 22:01:13 [GET] /api/v1/auth/me HTTP/1.1 | Status: 401 | Latency: 81.908µs | IP: ::1
2026/01/04 22:01:13 [POST] /api/v1/auth/refresh-token HTTP/1.1 | Status: 503 | Latency: 33.788µs | IP: ::1
2026/01/04 22:01:13 [POST] /api/v1/auth/logout HTTP/1.1 | Status: 401 | Latency: 167.857µs | IP: ::1
2026/01/04 22:01:13 [POST] /api/v1/auth/refresh-token HTTP/1.1 | Status: 503 | Latency: 64.815µs | IP: ::1
2026/01/04 22:01:13 [GET] /api/v1/auth/me HTTP/1.1 | Status: 401 | Latency: 60.387µs | IP: ::1
2026/01/04 22:01:14 [POST] /api/v1/auth/refresh-token HTTP/1.1 | Status: 503 | Latency: 30.591µs | IP: ::1
2026/01/04 22:01:14 [POST] /api/v1/auth/logout HTTP/1.1 | Status: 401 | Latency: 139.403µs | IP: ::1
2026/01/04 22:01:14 [POST] /api/v1/auth/refresh-token HTTP/1.1 | Status: 503 | Latency: 33.823µs | IP: ::1
2026/01/04 22:01:14 [GET] /api/v1/auth/me HTTP/1.1 | Status: 401 | Latency: 205.124µs | IP: ::1
2026/01/04 22:01:14 [POST] /api/v1/auth/refresh-token HTTP/1.1 | Status: 503 | Latency: 32.913µs | IP: ::1
2026/01/04 22:01:14 [POST] /api/v1/auth/logout HTTP/1.1 | Status: 401 | Latency: 164.199µs | IP: ::1
2026/01/04 22:01:14 [POST] /api/v1/auth/refresh-token HTTP/1.1 | Status: 503 | Latency: 27.43µs | IP: ::1
2026/01/04 22:01:15 [GET] /api/v1/auth/me HTTP/1.1 | Status: 401 | Latency: 59.605µs | IP: ::1
2026/01/04 22:01:15 [POST] /api/v1/auth/refresh-token HTTP/1.1 | Status: 503 | Latency: 33.654µs | IP: ::1
2026/01/04 22:01:15 [POST] /api/v1/auth/logout HTTP/1.1 | Status: 401 | Latency: 83.927µs | IP: ::1
2026/01/04 22:01:15 [POST] /api/v1/auth/refresh-token HTTP/1.1 | Status: 503 | Latency: 33.103µs | IP: ::1
2026/01/04 22:01:15 [GET] /api/v1/auth/me HTTP/1.1 | Status: 401 | Latency: 69.653µs | IP: ::1
2026/01/04 22:01:15 [POST] /api/v1/auth/refresh-token HTTP/1.1 | Status: 503 | Latency: 31.35µs | IP: ::1
2026/01/04 22:01:15 [POST] /api/v1/auth/logout HTTP/1.1 | Status: 401 | Latency: 82.087µs | IP: ::1
2026/01/04 22:01:15 [POST] /api/v1/auth/refresh-token HTTP/1.1 | Status: 503 | Latency: 31.394µs | IP: ::1
2026/01/04 22:01:16 [GET] /api/v1/auth/me HTTP/1.1 | Status: 401 | Latency: 118.756µs | IP: ::1
2026/01/04 22:01:16 [POST] /api/v1/auth/refresh-token HTTP/1.1 | Status: 503 | Latency: 41.704µs | IP: ::1
2026/01/04 22:01:16 [POST] /api/v1/auth/logout HTTP/1.1 | Status: 401 | Latency: 145.709µs | IP: ::1
2026/01/04 22:01:16 [POST] /api/v1/auth/refresh-token HTTP/1.1 | Status: 503 | Latency: 51.753µs | IP: ::1
2026/01/04 22:01:16 [GET] /api/v1/auth/me HTTP/1.1 | Status: 401 | Latency: 87.137µs | IP: ::1
2026/01/04 22:01:16 [POST] /api/v1/auth/refresh-token HTTP/1.1 | Status: 503 | Latency: 49.981µs | IP: ::1
2026/01/04 22:01:17 [POST] /api/v1/auth/logout HTTP/1.1 | Status: 401 | Latency: 73.569µs | IP: ::1
2026/01/04 22:01:17 [POST] /api/v1/auth/refresh-token HTTP/1.1 | Status: 503 | Latency: 46.268µs | IP: ::1
2026/01/04 22:01:17 [GET] /api/v1/auth/me HTTP/1.1 | Status: 401 | Latency: 88.48µs | IP: ::1
2026/01/04 22:01:17 [POST] /api/v1/auth/refresh-token HTTP/1.1 | Status: 503 | Latency: 33.179µs | IP: ::1
2026/01/04 22:01:17 [POST] /api/v1/auth/logout HTTP/1.1 | Status: 401 | Latency: 92.409µs | IP: ::1
2026/01/04 22:01:17 [POST] /api/v1/auth/refresh-token HTTP/1.1 | Status: 503 | Latency: 31.841µs | IP: ::1
2026/01/04 22:01:18 [GET] /api/v1/auth/me HTTP/1.1 | Status: 401 | Latency: 81.236µs | IP: ::1
2026/01/04 22:01:18 [POST] /api/v1/auth/refresh-token HTTP/1.1 | Status: 503 | Latency: 41.191µs | IP: ::1
2026/01/04 22:01:18 [POST] /api/v1/auth/logout HTTP/1.1 | Status: 401 | Latency: 82.473µs | IP: ::1
2026/01/04 22:01:18 [POST] /api/v1/auth/refresh-token HTTP/1.1 | Status: 503 | Latency: 30.097µs | IP: ::1
2026/01/04 22:01:18 [GET] /api/v1/auth/me HTTP/1.1 | Status: 401 | Latency: 62.193µs | IP: ::1
2026/01/04 22:01:18 [POST] /api/v1/auth/refresh-token HTTP/1.1 | Status: 503 | Latency: 32.193µs | IP: ::1
2026/01/04 22:01:18 [POST] /api/v1/auth/logout HTTP/1.1 | Status: 401 | Latency: 129.483µs | IP: ::1
2026/01/04 22:01:18 [POST] /api/v1/auth/refresh-token HTTP/1.1 | Status: 503 | Latency: 30.321µs | IP: ::1
2026/01/04 22:01:19 [GET] /api/v1/auth/me HTTP/1.1 | Status: 401 | Latency: 72.114µs | IP: ::1
2026/01/04 22:01:19 [POST] /api/v1/auth/refresh-token HTTP/1.1 | Status: 503 | Latency: 31.335µs | IP: ::1
2026/01/04 22:01:19 [POST] /api/v1/auth/logout HTTP/1.1 | Status: 401 | Latency: 65.627µs | IP: ::1
2026/01/04 22:01:19 [POST] /api/v1/auth/refresh-token HTTP/1.1 | Status: 503 | Latency: 35.963µs | IP: ::1
2026/01/04 22:01:19 [GET] /api/v1/auth/me HTTP/1.1 | Status: 401 | Latency: 95.459µs | IP: ::1
2026/01/04 22:01:19 [POST] /api/v1/auth/refresh-token HTTP/1.1 | Status: 503 | Latency: 35.299µs | IP: ::1
2026/01/04 22:01:20 [POST] /api/v1/auth/logout HTTP/1.1 | Status: 401 | Latency: 88.92µs | IP: ::1
2026/01/04 22:01:20 [POST] /api/v1/auth/refresh-token HTTP/1.1 | Status: 503 | Latency: 34.599µs | IP: ::1
2026/01/04 22:01:20 [GET] /api/v1/auth/me HTTP/1.1 | Status: 401 | Latency: 105.022µs | IP: ::1
2026/01/04 22:01:20 [POST] /api/v1/auth/refresh-token HTTP/1.1 | Status: 503 | Latency: 43.581µs | IP: ::1
2026/01/04 22:01:20 [POST] /api/v1/auth/logout HTTP/1.1 | Status: 401 | Latency: 94.048µs | IP: ::1
2026/01/04 22:01:20 [POST] /api/v1/auth/refresh-token HTTP/1.1 | Status: 503 | Latency: 32.053µs | IP: ::1
2026/01/04 22:01:21 [GET] /api/v1/auth/me HTTP/1.1 | Status: 401 | Latency: 66.075µs | IP: ::1
2026/01/04 22:01:21 [POST] /api/v1/auth/refresh-token HTTP/1.1 | Status: 503 | Latency: 31.012µs | IP: ::1
2026/01/04 22:01:21 [POST] /api/v1/auth/logout HTTP/1.1 | Status: 401 | Latency: 71.952µs | IP: ::1
2026/01/04 22:01:21 [POST] /api/v1/auth/refresh-token HTTP/1.1 | Status: 503 | Latency: 53.8µs | IP: ::1
2026/01/04 22:01:21 [GET] /api/v1/auth/me HTTP/1.1 | Status: 401 | Latency: 104.881µs | IP: ::1
2026/01/04 22:01:21 [POST] /api/v1/auth/refresh-token HTTP/1.1 | Status: 503 | Latency: 36.396µs | IP: ::1
2026/01/04 22:01:21 [POST] /api/v1/auth/logout HTTP/1.1 | Status: 401 | Latency: 127.786µs | IP: ::1
2026/01/04 22:01:21 [POST] /api/v1/auth/refresh-token HTTP/1.1 | Status: 503 | Latency: 39.371µs | IP: ::1
2026/01/04 22:01:22 [GET] /api/v1/auth/me HTTP/1.1 | Status: 401 | Latency: 85.22µs | IP: ::1
2026/01/04 22:01:22 [POST] /api/v1/auth/refresh-token HTTP/1.1 | Status: 503 | Latency: 46.749µs | IP: ::1
2026/01/04 22:01:22 [POST] /api/v1/auth/logout HTTP/1.1 | Status: 401 | Latency: 113.331µs | IP: ::1
2026/01/04 22:01:22 [POST] /api/v1/auth/refresh-token HTTP/1.1 | Status: 503 | Latency: 46.698µs | IP: ::1
2026/01/04 22:01:23 [GET] /api/v1/auth/me HTTP/1.1 | Status: 401 | Latency: 106.363µs | IP: ::1
2026/01/04 22:01:23 [POST] /api/v1/auth/refresh-token HTTP/1.1 | Status: 503 | Latency: 53.855µs | IP: ::1
2026/01/04 22:01:23 [POST] /api/v1/auth/logout HTTP/1.1 | Status: 401 | Latency: 100.303µs | IP: ::1
2026/01/04 22:01:23 [POST] /api/v1/auth/refresh-token HTTP/1.1 | Status: 503 | Latency: 43.671µs | IP: ::1
2026/01/04 22:01:23 [GET] /api/v1/auth/me HTTP/1.1 | Status: 401 | Latency: 70.035µs | IP: ::1
2026/01/04 22:01:23 [POST] /api/v1/auth/refresh-token HTTP/1.1 | Status: 503 | Latency: 44.85µs | IP: ::1
2026/01/04 22:01:23 [POST] /api/v1/auth/logout HTTP/1.1 | Status: 401 | Latency: 157.609µs | IP: ::1
2026/01/04 22:01:23 [POST] /api/v1/auth/refresh-token HTTP/1.1 | Status: 503 | Latency: 46.01µs | IP: ::1
2026/01/04 22:01:24 [GET] /api/v1/auth/me HTTP/1.1 | Status: 401 | Latency: 136.995µs | IP: ::1
2026/01/04 22:01:24 [POST] /api/v1/auth/refresh-token HTTP/1.1 | Status: 503 | Latency: 54.938µs | IP: ::1
2026/01/04 22:01:24 [POST] /api/v1/auth/logout HTTP/1.1 | Status: 401 | Latency: 120.586µs | IP: ::1
2026/01/04 22:01:24 [POST] /api/v1/auth/refresh-token HTTP/1.1 | Status: 503 | Latency: 43.767µs | IP: ::1
2026/01/04 22:01:24 [GET] /api/v1/auth/me HTTP/1.1 | Status: 401 | Latency: 91.453µs | IP: ::1
2026/01/04 22:01:24 [POST] /api/v1/auth/refresh-token HTTP/1.1 | Status: 429 | Latency: 38.087µs | IP: ::1
2026/01/04 22:01:25 [POST] /api/v1/auth/logout HTTP/1.1 | Status: 401 | Latency: 101.248µs | IP: ::1
2026/01/04 22:01:25 [POST] /api/v1/auth/refresh-token HTTP/1.1 | Status: 429 | Latency: 34.479µs | IP: ::1
2026/01/04 22:01:25 [GET] /api/v1/auth/me HTTP/1.1 | Status: 429 | Latency: 20.568µs | IP: ::1
2026/01/04 22:01:25 [POST] /api/v1/auth/logout HTTP/1.1 | Status: 429 | Latency: 27.458µs | IP: ::1
2026/01/04 22:03:42 [GET] /api/v1/auth/me HTTP/1.1 | Status: 401 | Latency: 494.856µs | IP: ::1
2026/01/04 22:03:42 [POST] /api/v1/auth/refresh-token HTTP/1.1 | Status: 200 | Latency: 17.745218ms | IP: ::1
2026/01/04 22:03:42 [GET] /api/v1/auth/me HTTP/1.1 | Status: 401 | Latency: 51.337µs | IP: ::1
2026/01/04 22:03:42 [POST] /api/v1/auth/logout HTTP/1.1 | Status: 401 | Latency: 37.05µs | IP: ::1
2026/01/04 22:03:42 [POST] /api/v1/auth/refresh-token HTTP/1.1 | Status: 500 | Latency: 4.959294ms | IP: ::1
2026/01/04 22:03:42 [GET] /api/v1/auth/me HTTP/1.1 | Status: 401 | Latency: 83.15µs | IP: ::1
2026/01/04 22:03:42 [POST] /api/v1/auth/refresh-token HTTP/1.1 | Status: 500 | Latency: 9.693749ms | IP: ::1
2026/01/04 22:03:42 [POST] /api/v1/auth/logout HTTP/1.1 | Status: 401 | Latency: 100.327µs | IP: ::1
2026/01/04 22:03:43 [GET] /api/v1/auth/me HTTP/1.1 | Status: 401 | Latency: 186.953µs | IP: ::1
2026/01/04 22:03:43 [POST] /api/v1/auth/refresh-token HTTP/1.1 | Status: 200 | Latency: 7.222917ms | IP: ::1
2026/01/04 22:03:43 [GET] /api/v1/auth/me HTTP/1.1 | Status: 401 | Latency: 72.964µs | IP: ::1
2026/01/04 22:03:43 [POST] /api/v1/auth/logout HTTP/1.1 | Status: 401 | Latency: 143.047µs | IP: ::1
2026/01/04 22:03:43 [POST] /api/v1/auth/refresh-token HTTP/1.1 | Status: 500 | Latency: 7.525425ms | IP: ::1
2026/01/04 22:03:43 [GET] /api/v1/auth/me HTTP/1.1 | Status: 401 | Latency: 74.898µs | IP: ::1
2026/01/04 22:03:43 [POST] /api/v1/auth/refresh-token HTTP/1.1 | Status: 500 | Latency: 6.029302ms | IP: ::1
2026/01/04 22:03:43 [POST] /api/v1/auth/logout HTTP/1.1 | Status: 401 | Latency: 96.694µs | IP: ::1
2026/01/04 22:03:43 [POST] /api/v1/auth/refresh-token HTTP/1.1 | Status: 500 | Latency: 6.293347ms | IP: ::1
2026/01/04 22:03:44 [GET] /api/v1/auth/me HTTP/1.1 | Status: 401 | Latency: 63.522µs | IP: ::1
2026/01/04 22:03:44 [POST] /api/v1/auth/refresh-token HTTP/1.1 | Status: 200 | Latency: 9.811365ms | IP: ::1
2026/01/04 22:03:44 [GET] /api/v1/auth/me HTTP/1.1 | Status: 401 | Latency: 76.413µs | IP: ::1
2026/01/04 22:03:44 [POST] /api/v1/auth/logout HTTP/1.1 | Status: 401 | Latency: 50.998µs | IP: ::1
2026/01/04 22:03:44 [POST] /api/v1/auth/refresh-token HTTP/1.1 | Status: 500 | Latency: 4.922727ms | IP: ::1
2026/01/04 22:03:44 [GET] /api/v1/auth/me HTTP/1.1 | Status: 401 | Latency: 76.489µs | IP: ::1
2026/01/04 22:03:44 [POST] /api/v1/auth/refresh-token HTTP/1.1 | Status: 500 | Latency: 6.230548ms | IP: ::1
2026/01/04 22:03:44 [POST] /api/v1/auth/logout HTTP/1.1 | Status: 401 | Latency: 94.854µs | IP: ::1
2026/01/04 22:03:44 [POST] /api/v1/auth/refresh-token HTTP/1.1 | Status: 500 | Latency: 8.138001ms | IP: ::1
2026/01/04 22:03:45 [GET] /api/v1/auth/me HTTP/1.1 | Status: 401 | Latency: 105.088µs | IP: ::1
2026/01/04 22:03:45 [POST] /api/v1/auth/refresh-token HTTP/1.1 | Status: 503 | Latency: 37.759µs | IP: ::1
2026/01/04 22:03:45 [POST] /api/v1/auth/logout HTTP/1.1 | Status: 401 | Latency: 70.117µs | IP: ::1
2026/01/04 22:03:45 [GET] /api/v1/auth/me HTTP/1.1 | Status: 401 | Latency: 67.262µs | IP: ::1
2026/01/04 22:03:45 [POST] /api/v1/auth/refresh-token HTTP/1.1 | Status: 503 | Latency: 37.371µs | IP: ::1
2026/01/04 22:03:45 [POST] /api/v1/auth/logout HTTP/1.1 | Status: 401 | Latency: 95.659µs | IP: ::1
2026/01/04 22:03:45 [POST] /api/v1/auth/refresh-token HTTP/1.1 | Status: 503 | Latency: 39.274µs | IP: ::1
2026/01/04 22:03:45 [GET] /api/v1/auth/me HTTP/1.1 | Status: 401 | Latency: 57.512µs | IP: ::1
2026/01/04 22:03:45 [POST] /api/v1/auth/refresh-token HTTP/1.1 | Status: 503 | Latency: 41.049µs | IP: ::1
2026/01/04 22:03:45 [POST] /api/v1/auth/logout HTTP/1.1 | Status: 401 | Latency: 184.514µs | IP: ::1
2026/01/04 22:03:46 [GET] /api/v1/auth/me HTTP/1.1 | Status: 401 | Latency: 88.323µs | IP: ::1
2026/01/04 22:03:46 [POST] /api/v1/auth/refresh-token HTTP/1.1 | Status: 503 | Latency: 34.349µs | IP: ::1
2026/01/04 22:03:46 [POST] /api/v1/auth/logout HTTP/1.1 | Status: 401 | Latency: 96.043µs | IP: ::1
2026/01/04 22:03:46 [GET] /api/v1/auth/me HTTP/1.1 | Status: 401 | Latency: 87.117µs | IP: ::1
2026/01/04 22:03:46 [POST] /api/v1/auth/refresh-token HTTP/1.1 | Status: 503 | Latency: 43.162µs | IP: ::1
2026/01/04 22:03:46 [POST] /api/v1/auth/logout HTTP/1.1 | Status: 401 | Latency: 150.063µs | IP: ::1
2026/01/04 22:03:46 [POST] /api/v1/auth/refresh-token HTTP/1.1 | Status: 503 | Latency: 32.861µs | IP: ::1
2026/01/04 22:03:46 [GET] /api/v1/auth/me HTTP/1.1 | Status: 401 | Latency: 54.544µs | IP: ::1
2026/01/04 22:03:46 [POST] /api/v1/auth/refresh-token HTTP/1.1 | Status: 503 | Latency: 39.229µs | IP: ::1
2026/01/04 22:03:46 [POST] /api/v1/auth/logout HTTP/1.1 | Status: 401 | Latency: 127.259µs | IP: ::1
2026/01/04 22:03:47 [GET] /api/v1/auth/me HTTP/1.1 | Status: 401 | Latency: 57.775µs | IP: ::1
2026/01/04 22:03:47 [POST] /api/v1/auth/refresh-token HTTP/1.1 | Status: 503 | Latency: 30.412µs | IP: ::1
2026/01/04 22:03:47 [POST] /api/v1/auth/logout HTTP/1.1 | Status: 401 | Latency: 100.405µs | IP: ::1
2026/01/04 22:03:47 [GET] /api/v1/auth/me HTTP/1.1 | Status: 401 | Latency: 104.74µs | IP: ::1
2026/01/04 22:03:47 [POST] /api/v1/auth/refresh-token HTTP/1.1 | Status: 503 | Latency: 25.395µs | IP: ::1
2026/01/04 22:03:47 [POST] /api/v1/auth/logout HTTP/1.1 | Status: 401 | Latency: 84.07µs | IP: ::1
2026/01/04 22:03:47 [GET] /api/v1/auth/me HTTP/1.1 | Status: 401 | Latency: 54.801µs | IP: ::1
2026/01/04 22:03:47 [POST] /api/v1/auth/refresh-token HTTP/1.1 | Status: 503 | Latency: 43.14µs | IP: ::1
2026/01/04 22:03:47 [POST] /api/v1/auth/logout HTTP/1.1 | Status: 401 | Latency: 100.642µs | IP: ::1
2026/01/04 22:03:48 [POST] /api/v1/auth/refresh-token HTTP/1.1 | Status: 503 | Latency: 130.1µs | IP: ::1
2026/01/04 22:03:48 [GET] /api/v1/auth/me HTTP/1.1 | Status: 401 | Latency: 84.29µs | IP: ::1
2026/01/04 22:03:48 [POST] /api/v1/auth/refresh-token HTTP/1.1 | Status: 503 | Latency: 37.123µs | IP: ::1
2026/01/04 22:03:48 [POST] /api/v1/auth/logout HTTP/1.1 | Status: 401 | Latency: 66.915µs | IP: ::1
2026/01/04 22:03:48 [GET] /api/v1/auth/me HTTP/1.1 | Status: 401 | Latency: 84.905µs | IP: ::1
2026/01/04 22:03:48 [POST] /api/v1/auth/refresh-token HTTP/1.1 | Status: 503 | Latency: 51.214µs | IP: ::1
2026/01/04 22:03:48 [POST] /api/v1/auth/logout HTTP/1.1 | Status: 401 | Latency: 98.316µs | IP: ::1
2026/01/04 22:03:48 [GET] /api/v1/auth/me HTTP/1.1 | Status: 401 | Latency: 53.677µs | IP: ::1
2026/01/04 22:03:48 [POST] /api/v1/auth/refresh-token HTTP/1.1 | Status: 503 | Latency: 46.043µs | IP: ::1
2026/01/04 22:03:48 [POST] /api/v1/auth/logout HTTP/1.1 | Status: 401 | Latency: 67.266µs | IP: ::1
2026/01/04 22:03:48 [POST] /api/v1/auth/refresh-token HTTP/1.1 | Status: 503 | Latency: 51.988µs | IP: ::1
2026/01/04 22:03:49 [GET] /api/v1/auth/me HTTP/1.1 | Status: 401 | Latency: 71.545µs | IP: ::1
2026/01/04 22:03:49 [POST] /api/v1/auth/refresh-token HTTP/1.1 | Status: 503 | Latency: 90.256µs | IP: ::1
2026/01/04 22:03:49 [POST] /api/v1/auth/logout HTTP/1.1 | Status: 401 | Latency: 89.574µs | IP: ::1
2026/01/04 22:03:49 [GET] /api/v1/auth/me HTTP/1.1 | Status: 401 | Latency: 72.342µs | IP: ::1
2026/01/04 22:03:49 [POST] /api/v1/auth/refresh-token HTTP/1.1 | Status: 503 | Latency: 72.331µs | IP: ::1
2026/01/04 22:03:49 [POST] /api/v1/auth/logout HTTP/1.1 | Status: 401 | Latency: 77.238µs | IP: ::1
2026/01/04 22:03:50 [GET] /api/v1/auth/me HTTP/1.1 | Status: 401 | Latency: 108.979µs | IP: ::1
2026/01/04 22:03:50 [POST] /api/v1/auth/refresh-token HTTP/1.1 | Status: 503 | Latency: 59.363µs | IP: ::1
2026/01/04 22:03:50 [POST] /api/v1/auth/logout HTTP/1.1 | Status: 401 | Latency: 169.767µs | IP: ::1
2026/01/04 22:03:50 [GET] /api/v1/auth/me HTTP/1.1 | Status: 401 | Latency: 79.866µs | IP: ::1
2026/01/04 22:03:50 [POST] /api/v1/auth/refresh-token HTTP/1.1 | Status: 503 | Latency: 32.433µs | IP: ::1
2026/01/04 22:03:50 [POST] /api/v1/auth/logout HTTP/1.1 | Status: 401 | Latency: 108.674µs | IP: ::1
2026/01/04 22:03:50 [POST] /api/v1/auth/refresh-token HTTP/1.1 | Status: 503 | Latency: 34.34µs | IP: ::1
2026/01/04 22:03:51 [GET] /api/v1/auth/me HTTP/1.1 | Status: 401 | Latency: 64.857µs | IP: ::1
2026/01/04 22:03:51 [POST] /api/v1/auth/refresh-token HTTP/1.1 | Status: 503 | Latency: 59.32µs | IP: ::1
2026/01/04 22:03:51 [POST] /api/v1/auth/logout HTTP/1.1 | Status: 401 | Latency: 326.805µs | IP: ::1
2026/01/04 22:03:51 [POST] /api/v1/auth/refresh-token HTTP/1.1 | Status: 503 | Latency: 30.721µs | IP: ::1
2026/01/04 22:03:51 [GET] /api/v1/auth/me HTTP/1.1 | Status: 401 | Latency: 57.614µs | IP: ::1
2026/01/04 22:03:52 [POST] /api/v1/auth/refresh-token HTTP/1.1 | Status: 503 | Latency: 58.2µs | IP: ::1
2026/01/04 22:03:52 [POST] /api/v1/auth/logout HTTP/1.1 | Status: 401 | Latency: 196.792µs | IP: ::1
2026/01/04 22:03:52 [POST] /api/v1/auth/refresh-token HTTP/1.1 | Status: 503 | Latency: 83.73µs | IP: ::1
2026/01/04 22:03:52 [GET] /api/v1/auth/me HTTP/1.1 | Status: 401 | Latency: 59.09µs | IP: ::1
2026/01/04 22:03:52 [POST] /api/v1/auth/refresh-token HTTP/1.1 | Status: 503 | Latency: 76.383µs | IP: ::1
2026/01/04 22:03:52 [POST] /api/v1/auth/logout HTTP/1.1 | Status: 401 | Latency: 157.162µs | IP: ::1
2026/01/04 22:03:52 [POST] /api/v1/auth/refresh-token HTTP/1.1 | Status: 503 | Latency: 47.678µs | IP: ::1
2026/01/04 22:03:53 [GET] /api/v1/auth/me HTTP/1.1 | Status: 401 | Latency: 222.648µs | IP: ::1
2026/01/04 22:03:53 [POST] /api/v1/auth/refresh-token HTTP/1.1 | Status: 503 | Latency: 46.402µs | IP: ::1
2026/01/04 22:03:53 [POST] /api/v1/auth/logout HTTP/1.1 | Status: 401 | Latency: 130.824µs | IP: ::1
2026/01/04 22:03:53 [POST] /api/v1/auth/refresh-token HTTP/1.1 | Status: 503 | Latency: 61.343µs | IP: ::1
2026/01/04 22:03:53 [GET] /api/v1/auth/me HTTP/1.1 | Status: 401 | Latency: 126.719µs | IP: ::1
2026/01/04 22:03:53 [POST] /api/v1/auth/refresh-token HTTP/1.1 | Status: 503 | Latency: 27.226µs | IP: ::1
2026/01/04 22:03:53 [POST] /api/v1/auth/logout HTTP/1.1 | Status: 401 | Latency: 117.445µs | IP: ::1
2026/01/04 22:03:54 [GET] /api/v1/auth/me HTTP/1.1 | Status: 401 | Latency: 75.877µs | IP: ::1
2026/01/04 22:03:54 [POST] /api/v1/auth/refresh-token HTTP/1.1 | Status: 503 | Latency: 56.204µs | IP: ::1
2026/01/04 22:03:54 [POST] /api/v1/auth/logout HTTP/1.1 | Status: 401 | Latency: 97.583µs | IP: ::1
2026/01/04 22:03:54 [POST] /api/v1/auth/refresh-token HTTP/1.1 | Status: 503 | Latency: 28.404µs | IP: ::1
2026/01/04 22:03:54 [GET] /api/v1/auth/me HTTP/1.1 | Status: 401 | Latency: 71.561µs | IP: ::1
2026/01/04 22:03:54 [POST] /api/v1/auth/refresh-token HTTP/1.1 | Status: 503 | Latency: 83.886µs | IP: ::1
2026/01/04 22:03:54 [POST] /api/v1/auth/logout HTTP/1.1 | Status: 401 | Latency: 265.789µs | IP: ::1
2026/01/04 22:03:54 [POST] /api/v1/auth/refresh-token HTTP/1.1 | Status: 503 | Latency: 61.647µs | IP: ::1
2026/01/04 22:03:55 [GET] /api/v1/auth/me HTTP/1.1 | Status: 401 | Latency: 149.946µs | IP: ::1
2026/01/04 22:03:55 [POST] /api/v1/auth/refresh-token HTTP/1.1 | Status: 503 | Latency: 50.362µs | IP: ::1
2026/01/04 22:03:55 [POST] /api/v1/auth/logout HTTP/1.1 | Status: 401 | Latency: 160.325µs | IP: ::1
2026/01/04 22:03:55 [POST] /api/v1/auth/refresh-token HTTP/1.1 | Status: 503 | Latency: 99.229µs | IP: ::1
2026/01/04 22:03:56 [GET] /api/v1/auth/me HTTP/1.1 | Status: 401 | Latency: 70.032µs | IP: ::1
2026/01/04 22:03:56 [POST] /api/v1/auth/refresh-token HTTP/1.1 | Status: 503 | Latency: 35.823µs | IP: ::1
2026/01/04 22:03:56 [POST] /api/v1/auth/logout HTTP/1.1 | Status: 401 | Latency: 89.76µs | IP: ::1
2026/01/04 22:03:56 [POST] /api/v1/auth/refresh-token HTTP/1.1 | Status: 503 | Latency: 48.106µs | IP: ::1
2026/01/04 22:03:56 [GET] /api/v1/auth/me HTTP/1.1 | Status: 401 | Latency: 124.799µs | IP: ::1
2026/01/04 22:03:56 [POST] /api/v1/auth/refresh-token HTTP/1.1 | Status: 503 | Latency: 36.12µs | IP: ::1
2026/01/04 22:03:56 [POST] /api/v1/auth/logout HTTP/1.1 | Status: 401 | Latency: 184.797µs | IP: ::1
2026/01/04 22:03:56 [POST] /api/v1/auth/refresh-token HTTP/1.1 | Status: 503 | Latency: 40.443µs | IP: ::1
2026/01/04 22:03:57 [GET] /api/v1/auth/me HTTP/1.1 | Status: 401 | Latency: 53.914µs | IP: ::1
2026/01/04 22:03:57 [POST] /api/v1/auth/refresh-token HTTP/1.1 | Status: 503 | Latency: 27.541µs | IP: ::1
2026/01/04 22:03:57 [POST] /api/v1/auth/logout HTTP/1.1 | Status: 401 | Latency: 92.266µs | IP: ::1
2026/01/04 22:03:57 [POST] /api/v1/auth/refresh-token HTTP/1.1 | Status: 503 | Latency: 42.408µs | IP: ::1
2026/01/04 22:03:57 [GET] /api/v1/auth/me HTTP/1.1 | Status: 401 | Latency: 310.54µs | IP: ::1
2026/01/04 22:03:57 [POST] /api/v1/auth/refresh-token HTTP/1.1 | Status: 503 | Latency: 48.959µs | IP: ::1
2026/01/04 22:03:58 [POST] /api/v1/auth/logout HTTP/1.1 | Status: 401 | Latency: 116.809µs | IP: ::1
2026/01/04 22:03:58 [POST] /api/v1/auth/refresh-token HTTP/1.1 | Status: 503 | Latency: 87.629µs | IP: ::1
2026/01/04 22:03:58 [GET] /api/v1/auth/me HTTP/1.1 | Status: 401 | Latency: 56.011µs | IP: ::1
2026/01/04 22:03:58 [POST] /api/v1/auth/refresh-token HTTP/1.1 | Status: 429 | Latency: 27.841µs | IP: ::1
2026/01/04 22:03:58 [POST] /api/v1/auth/logout HTTP/1.1 | Status: 429 | Latency: 27.951µs | IP: ::1
2026/01/04 22:03:59 [GET] /api/v1/auth/me HTTP/1.1 | Status: 401 | Latency: 134.656µs | IP: ::1
2026/01/04 22:04:00 [POST] /api/v1/auth/refresh-token HTTP/1.1 | Status: 503 | Latency: 50.869µs | IP: ::1
2026/01/04 22:04:00 [POST] /api/v1/auth/logout HTTP/1.1 | Status: 401 | Latency: 142.492µs | IP: ::1
2026/01/04 22:04:02 [GET] /api/v1/auth/me HTTP/1.1 | Status: 401 | Latency: 88.262µs | IP: ::1
2026/01/04 22:04:02 [GET] /api/v1/auth/me HTTP/1.1 | Status: 401 | Latency: 90.868µs | IP: ::1
2026/01/04 22:04:02 [POST] /api/v1/auth/refresh-token HTTP/1.1 | Status: 503 | Latency: 61.814µs | IP: ::1
2026/01/04 22:04:02 [POST] /api/v1/auth/refresh-token HTTP/1.1 | Status: 429 | Latency: 31.508µs | IP: ::1
2026/01/04 22:04:02 [POST] /api/v1/auth/logout HTTP/1.1 | Status: 429 | Latency: 21.451µs | IP: ::1
2026/01/04 22:04:02 [POST] /api/v1/auth/logout HTTP/1.1 | Status: 429 | Latency: 62.254µs | IP: ::1
2026/01/04 22:04:04 [GET] /api/v1/auth/me HTTP/1.1 | Status: 401 | Latency: 64.977µs | IP: ::1
2026/01/04 22:04:04 [POST] /api/v1/auth/refresh-token HTTP/1.1 | Status: 503 | Latency: 55.762µs | IP: ::1
2026/01/04 22:04:04 [POST] /api/v1/auth/logout HTTP/1.1 | Status: 401 | Latency: 51.572µs | IP: ::1
2026/01/04 22:04:04 [POST] /api/v1/auth/refresh-token HTTP/1.1 | Status: 503 | Latency: 73.189µs | IP: ::1
2026/01/04 22:04:05 [GET] /api/v1/auth/me HTTP/1.1 | Status: 401 | Latency: 23.239µs | IP: ::1
2026/01/04 22:04:05 [POST] /api/v1/auth/refresh-token HTTP/1.1 | Status: 503 | Latency: 54.077µs | IP: ::1
2026/01/04 22:04:05 [POST] /api/v1/auth/logout HTTP/1.1 | Status: 429 | Latency: 32.367µs | IP: ::1
2026/01/04 22:04:06 [GET] /api/v1/auth/me HTTP/1.1 | Status: 401 | Latency: 30.53µs | IP: ::1
2026/01/04 22:04:06 [POST] /api/v1/auth/refresh-token HTTP/1.1 | Status: 429 | Latency: 28.923µs | IP: ::1
2026/01/04 22:04:06 [POST] /api/v1/auth/logout HTTP/1.1 | Status: 429 | Latency: 32.711µs | IP: ::1
2026/01/04 22:04:06 [GET] /api/v1/auth/me HTTP/1.1 | Status: 429 | Latency: 20.058µs | IP: ::1
2026/01/04 22:04:06 [POST] /api/v1/auth/logout HTTP/1.1 | Status: 429 | Latency: 26.131µs | IP: ::1
2026/01/04 22:04:13 [OPTIONS] /api/v1/auth/login HTTP/1.1 | Status: 204 | Latency: 85.773µs | IP: ::1
2026/01/04 22:04:13 [POST] /api/v1/auth/login HTTP/1.1 | Status: 503 | Latency: 38.086µs | IP: ::1
2026/01/04 22:04:16 [POST] /api/v1/auth/login HTTP/1.1 | Status: 200 | Latency: 64.872518ms | IP: ::1
2026/01/04 22:04:16 [GET] /api/v1/auth/me HTTP/1.1 | Status: 401 | Latency: 45.198µs | IP: ::1
2026/01/04 22:04:16 [POST] /api/v1/auth/refresh-token HTTP/1.1 | Status: 500 | Latency: 4.589703ms | IP: ::1
2026/01/04 22:04:16 [GET] /api/v1/auth/me HTTP/1.1 | Status: 401 | Latency: 51.894µs | IP: ::1
2026/01/04 22:04:16 [POST] /api/v1/auth/refresh-token HTTP/1.1 | Status: 500 | Latency: 10.78948ms | IP: ::1
2026/01/04 22:04:16 [POST] /api/v1/auth/logout HTTP/1.1 | Status: 401 | Latency: 217.464µs | IP: ::1
2026/01/04 22:04:16 [POST] /api/v1/auth/refresh-token HTTP/1.1 | Status: 500 | Latency: 8.199345ms | IP: ::1
2026/01/04 22:04:17 [GET] /api/v1/auth/me HTTP/1.1 | Status: 401 | Latency: 81.696µs | IP: ::1
2026/01/04 22:04:17 [POST] /api/v1/auth/refresh-token HTTP/1.1 | Status: 200 | Latency: 17.961152ms | IP: ::1
2026/01/04 22:04:17 [GET] /api/v1/auth/me HTTP/1.1 | Status: 401 | Latency: 66.64µs | IP: ::1
2026/01/04 22:04:17 [POST] /api/v1/auth/logout HTTP/1.1 | Status: 401 | Latency: 50.184µs | IP: ::1
2026/01/04 22:04:17 [POST] /api/v1/auth/refresh-token HTTP/1.1 | Status: 500 | Latency: 6.978219ms | IP: ::1
2026/01/04 22:04:17 [GET] /api/v1/auth/me HTTP/1.1 | Status: 401 | Latency: 63.522µs | IP: ::1
2026/01/04 22:04:17 [POST] /api/v1/auth/refresh-token HTTP/1.1 | Status: 500 | Latency: 7.515216ms | IP: ::1
2026/01/04 22:04:17 [POST] /api/v1/auth/logout HTTP/1.1 | Status: 401 | Latency: 135.148µs | IP: ::1
2026/01/04 22:04:17 [POST] /api/v1/auth/refresh-token HTTP/1.1 | Status: 500 | Latency: 14.090888ms | IP: ::1
2026/01/04 22:04:18 [GET] /api/v1/auth/me HTTP/1.1 | Status: 401 | Latency: 114.551µs | IP: ::1
2026/01/04 22:04:18 [POST] /api/v1/auth/refresh-token HTTP/1.1 | Status: 200 | Latency: 14.678672ms | IP: ::1
2026/01/04 22:04:18 [GET] /api/v1/auth/me HTTP/1.1 | Status: 429 | Latency: 18.104µs | IP: ::1
2026/01/04 22:04:18 [POST] /api/v1/auth/logout HTTP/1.1 | Status: 429 | Latency: 44.606µs | IP: ::1
2026/01/04 22:04:53 [OPTIONS] /api/v1/auth/login HTTP/1.1 | Status: 204 | Latency: 23.003µs | IP: ::1
2026/01/04 22:04:53 [POST] /api/v1/auth/login HTTP/1.1 | Status: 200 | Latency: 55.673848ms | IP: ::1
2026/01/04 22:04:53 [GET] /api/v1/auth/me HTTP/1.1 | Status: 401 | Latency: 70.684µs | IP: ::1
2026/01/04 22:04:53 [POST] /api/v1/auth/refresh-token HTTP/1.1 | Status: 500 | Latency: 11.950677ms | IP: ::1
2026/01/04 22:04:55 [GET] /api/v1/auth/me HTTP/1.1 | Status: 401 | Latency: 452.343µs | IP: ::1
2026/01/04 22:04:55 [POST] /api/v1/auth/refresh-token HTTP/1.1 | Status: 200 | Latency: 30.632968ms | IP: ::1
2026/01/04 22:04:55 [GET] /api/v1/auth/me HTTP/1.1 | Status: 401 | Latency: 240.045µs | IP: ::1
2026/01/04 22:04:55 [POST] /api/v1/auth/logout HTTP/1.1 | Status: 401 | Latency: 309.972µs | IP: ::1
2026/01/04 22:04:55 [POST] /api/v1/auth/refresh-token HTTP/1.1 | Status: 500 | Latency: 5.844401ms | IP: ::1
2026/01/04 22:04:57 [GET] /api/v1/auth/me HTTP/1.1 | Status: 401 | Latency: 215.577µs | IP: ::1
2026/01/04 22:04:57 [POST] /api/v1/auth/refresh-token HTTP/1.1 | Status: 200 | Latency: 23.809735ms | IP: ::1
2026/01/04 22:04:57 [GET] /api/v1/auth/me HTTP/1.1 | Status: 401 | Latency: 338.704µs | IP: ::1
2026/01/04 22:04:57 [POST] /api/v1/auth/logout HTTP/1.1 | Status: 401 | Latency: 291.128µs | IP: ::1
2026/01/04 22:04:57 [POST] /api/v1/auth/refresh-token HTTP/1.1 | Status: 500 | Latency: 7.381864ms | IP: ::1
2026/01/04 22:04:59 [GET] /api/v1/auth/me HTTP/1.1 | Status: 401 | Latency: 218.07µs | IP: ::1
2026/01/04 22:04:59 [POST] /api/v1/auth/refresh-token HTTP/1.1 | Status: 200 | Latency: 24.499002ms | IP: ::1
2026/01/04 22:04:59 [GET] /api/v1/auth/me HTTP/1.1 | Status: 401 | Latency: 139.045µs | IP: ::1
2026/01/04 22:04:59 [POST] /api/v1/auth/logout HTTP/1.1 | Status: 401 | Latency: 108.982µs | IP: ::1
2026/01/04 22:04:59 [POST] /api/v1/auth/refresh-token HTTP/1.1 | Status: 500 | Latency: 10.53265ms | IP: ::1
2026/01/04 22:05:02 [GET] /api/v1/auth/me HTTP/1.1 | Status: 401 | Latency: 98.463µs | IP: ::1
2026/01/04 22:05:02 [POST] /api/v1/auth/refresh-token HTTP/1.1 | Status: 500 | Latency: 1.119077ms | IP: ::1
2026/01/04 22:05:02 [POST] /api/v1/auth/logout HTTP/1.1 | Status: 401 | Latency: 50.116µs | IP: ::1
2026/01/04 22:05:02 [POST] /api/v1/auth/refresh-token HTTP/1.1 | Status: 500 | Latency: 1.830979ms | IP: ::1
2026/01/04 22:05:04 [GET] /api/v1/auth/me HTTP/1.1 | Status: 401 | Latency: 80.945µs | IP: ::1
2026/01/04 22:05:04 [POST] /api/v1/auth/refresh-token HTTP/1.1 | Status: 500 | Latency: 1.049419ms | IP: ::1
2026/01/04 22:05:04 [POST] /api/v1/auth/logout HTTP/1.1 | Status: 401 | Latency: 76.611µs | IP: ::1
2026/01/04 22:05:04 [POST] /api/v1/auth/refresh-token HTTP/1.1 | Status: 503 | Latency: 58.133µs | IP: ::1
2026/01/04 22:05:06 [GET] /api/v1/auth/me HTTP/1.1 | Status: 401 | Latency: 38.808µs | IP: ::1
2026/01/04 22:05:06 [POST] /api/v1/auth/refresh-token HTTP/1.1 | Status: 503 | Latency: 78.972µs | IP: ::1
2026/01/04 22:05:06 [POST] /api/v1/auth/logout HTTP/1.1 | Status: 401 | Latency: 50.137µs | IP: ::1
2026/01/04 22:05:07 [GET] /api/v1/auth/me HTTP/1.1 | Status: 401 | Latency: 45.543µs | IP: ::1
2026/01/04 22:05:08 [POST] /api/v1/auth/refresh-token HTTP/1.1 | Status: 503 | Latency: 84.848µs | IP: ::1
2026/01/04 22:05:08 [POST] /api/v1/auth/logout HTTP/1.1 | Status: 401 | Latency: 54.655µs | IP: ::1
2026/01/04 22:05:09 [GET] /api/v1/auth/me HTTP/1.1 | Status: 401 | Latency: 103.585µs | IP: ::1
2026/01/04 22:05:10 [POST] /api/v1/auth/refresh-token HTTP/1.1 | Status: 503 | Latency: 61.549µs | IP: ::1
2026/01/04 22:05:10 [POST] /api/v1/auth/logout HTTP/1.1 | Status: 401 | Latency: 60.034µs | IP: ::1
2026/01/04 22:05:10 [POST] /api/v1/auth/refresh-token HTTP/1.1 | Status: 503 | Latency: 52.836µs | IP: ::1
2026/01/04 22:05:11 [GET] /api/v1/auth/me HTTP/1.1 | Status: 401 | Latency: 42.632µs | IP: ::1
2026/01/04 22:05:11 [POST] /api/v1/auth/refresh-token HTTP/1.1 | Status: 503 | Latency: 41.804µs | IP: ::1
2026/01/04 22:05:11 [POST] /api/v1/auth/logout HTTP/1.1 | Status: 401 | Latency: 81.573µs | IP: ::1
2026/01/04 22:05:12 [POST] /api/v1/auth/refresh-token HTTP/1.1 | Status: 503 | Latency: 82.82µs | IP: ::1
2026/01/04 22:05:12 [GET] /api/v1/auth/me HTTP/1.1 | Status: 401 | Latency: 74.417µs | IP: ::1
2026/01/04 22:05:13 [POST] /api/v1/auth/refresh-token HTTP/1.1 | Status: 503 | Latency: 35.772µs | IP: ::1
2026/01/04 22:05:13 [POST] /api/v1/auth/logout HTTP/1.1 | Status: 401 | Latency: 116.821µs | IP: ::1
2026/01/04 22:05:15 [GET] /api/v1/auth/me HTTP/1.1 | Status: 401 | Latency: 33.503µs | IP: ::1
2026/01/04 22:05:15 [POST] /api/v1/auth/refresh-token HTTP/1.1 | Status: 503 | Latency: 85.995µs | IP: ::1
2026/01/04 22:05:15 [POST] /api/v1/auth/logout HTTP/1.1 | Status: 401 | Latency: 41.06µs | IP: ::1
2026/01/04 22:05:15 [GET] /api/v1/auth/me HTTP/1.1 | Status: 401 | Latency: 50.6µs | IP: ::1
2026/01/04 22:05:16 [POST] /api/v1/auth/refresh-token HTTP/1.1 | Status: 503 | Latency: 52.535µs | IP: ::1
2026/01/04 22:05:16 [POST] /api/v1/auth/logout HTTP/1.1 | Status: 401 | Latency: 101.543µs | IP: ::1
2026/01/04 22:05:16 [POST] /api/v1/auth/refresh-token HTTP/1.1 | Status: 503 | Latency: 76.97µs | IP: ::1
2026/01/04 22:05:16 [GET] /api/v1/auth/me HTTP/1.1 | Status: 401 | Latency: 38.491µs | IP: ::1
2026/01/04 22:05:16 [POST] /api/v1/auth/refresh-token HTTP/1.1 | Status: 503 | Latency: 74.787µs | IP: ::1
2026/01/04 22:05:16 [POST] /api/v1/auth/logout HTTP/1.1 | Status: 401 | Latency: 40.688µs | IP: ::1
2026/01/04 22:05:16 [POST] /api/v1/auth/refresh-token HTTP/1.1 | Status: 503 | Latency: 24.82µs | IP: ::1
2026/01/04 22:05:17 [GET] /api/v1/auth/me HTTP/1.1 | Status: 401 | Latency: 41.02µs | IP: ::1
2026/01/04 22:05:17 [POST] /api/v1/auth/refresh-token HTTP/1.1 | Status: 503 | Latency: 34.176µs | IP: ::1
2026/01/04 22:05:17 [POST] /api/v1/auth/logout HTTP/1.1 | Status: 401 | Latency: 60.114µs | IP: ::1
2026/01/04 22:05:17 [POST] /api/v1/auth/refresh-token HTTP/1.1 | Status: 503 | Latency: 42.856µs | IP: ::1
2026/01/04 22:05:17 [GET] /api/v1/auth/me HTTP/1.1 | Status: 401 | Latency: 22.144µs | IP: ::1
2026/01/04 22:05:17 [POST] /api/v1/auth/refresh-token HTTP/1.1 | Status: 503 | Latency: 43.339µs | IP: ::1
2026/01/04 22:05:17 [POST] /api/v1/auth/logout HTTP/1.1 | Status: 401 | Latency: 55.087µs | IP: ::1
2026/01/04 22:05:17 [POST] /api/v1/auth/refresh-token HTTP/1.1 | Status: 503 | Latency: 46.287µs | IP: ::1
2026/01/04 22:05:18 [GET] /api/v1/auth/me HTTP/1.1 | Status: 401 | Latency: 22.304µs | IP: ::1
2026/01/04 22:05:18 [POST] /api/v1/auth/refresh-token HTTP/1.1 | Status: 503 | Latency: 26.361µs | IP: ::1
2026/01/04 22:05:18 [POST] /api/v1/auth/logout HTTP/1.1 | Status: 401 | Latency: 54.231µs | IP: ::1
2026/01/04 22:05:18 [POST] /api/v1/auth/refresh-token HTTP/1.1 | Status: 503 | Latency: 34.734µs | IP: ::1
2026/01/04 22:05:18 [GET] /api/v1/auth/me HTTP/1.1 | Status: 401 | Latency: 34.261µs | IP: ::1
2026/01/04 22:05:18 [POST] /api/v1/auth/refresh-token HTTP/1.1 | Status: 503 | Latency: 34.718µs | IP: ::1
2026/01/04 22:05:18 [POST] /api/v1/auth/logout HTTP/1.1 | Status: 401 | Latency: 26.986µs | IP: ::1
2026/01/04 22:05:18 [GET] /api/v1/auth/me HTTP/1.1 | Status: 401 | Latency: 33.481µs | IP: ::1
2026/01/04 22:05:18 [POST] /api/v1/auth/refresh-token HTTP/1.1 | Status: 503 | Latency: 32.113µs | IP: ::1
2026/01/04 22:05:18 [POST] /api/v1/auth/logout HTTP/1.1 | Status: 401 | Latency: 39.152µs | IP: ::1
2026/01/04 22:05:18 [POST] /api/v1/auth/refresh-token HTTP/1.1 | Status: 503 | Latency: 58.037µs | IP: ::1
2026/01/04 22:05:19 [GET] /api/v1/auth/me HTTP/1.1 | Status: 401 | Latency: 98.212µs | IP: ::1
2026/01/04 22:05:19 [POST] /api/v1/auth/refresh-token HTTP/1.1 | Status: 503 | Latency: 40.08µs | IP: ::1
2026/01/04 22:05:19 [POST] /api/v1/auth/logout HTTP/1.1 | Status: 401 | Latency: 140.479µs | IP: ::1
2026/01/04 22:05:19 [GET] /api/v1/auth/me HTTP/1.1 | Status: 401 | Latency: 20.328µs | IP: ::1
2026/01/04 22:05:19 [POST] /api/v1/auth/refresh-token HTTP/1.1 | Status: 503 | Latency: 27.796µs | IP: ::1
2026/01/04 22:05:19 [POST] /api/v1/auth/logout HTTP/1.1 | Status: 401 | Latency: 57.71µs | IP: ::1
2026/01/04 22:05:19 [POST] /api/v1/auth/refresh-token HTTP/1.1 | Status: 503 | Latency: 43.659µs | IP: ::1
2026/01/04 22:05:19 [GET] /api/v1/auth/me HTTP/1.1 | Status: 401 | Latency: 24.751µs | IP: ::1
2026/01/04 22:05:19 [POST] /api/v1/auth/refresh-token HTTP/1.1 | Status: 503 | Latency: 35.253µs | IP: ::1
2026/01/04 22:05:19 [POST] /api/v1/auth/logout HTTP/1.1 | Status: 401 | Latency: 47.677µs | IP: ::1
2026/01/04 22:05:19 [POST] /api/v1/auth/refresh-token HTTP/1.1 | Status: 503 | Latency: 41.207µs | IP: ::1
2026/01/04 22:05:20 [GET] /api/v1/auth/me HTTP/1.1 | Status: 401 | Latency: 31.752µs | IP: ::1
2026/01/04 22:05:20 [POST] /api/v1/auth/refresh-token HTTP/1.1 | Status: 503 | Latency: 48.053µs | IP: ::1
2026/01/04 22:05:20 [POST] /api/v1/auth/logout HTTP/1.1 | Status: 401 | Latency: 36.798µs | IP: ::1
2026/01/04 22:05:20 [POST] /api/v1/auth/refresh-token HTTP/1.1 | Status: 503 | Latency: 43.539µs | IP: ::1
2026/01/04 22:05:20 [GET] /api/v1/auth/me HTTP/1.1 | Status: 401 | Latency: 20.803µs | IP: ::1
2026/01/04 22:05:20 [POST] /api/v1/auth/refresh-token HTTP/1.1 | Status: 503 | Latency: 29.117µs | IP: ::1
2026/01/04 22:05:20 [POST] /api/v1/auth/logout HTTP/1.1 | Status: 401 | Latency: 36.228µs | IP: ::1
2026/01/04 22:05:20 [GET] /api/v1/auth/me HTTP/1.1 | Status: 401 | Latency: 40.696µs | IP: ::1
2026/01/04 22:05:20 [POST] /api/v1/auth/refresh-token HTTP/1.1 | Status: 503 | Latency: 34.681µs | IP: ::1
2026/01/04 22:05:20 [POST] /api/v1/auth/logout HTTP/1.1 | Status: 401 | Latency: 36.71µs | IP: ::1
2026/01/04 22:05:21 [GET] /api/v1/auth/me HTTP/1.1 | Status: 401 | Latency: 30.606µs | IP: ::1
2026/01/04 22:05:21 [POST] /api/v1/auth/refresh-token HTTP/1.1 | Status: 503 | Latency: 31.575µs | IP: ::1
2026/01/04 22:05:21 [POST] /api/v1/auth/logout HTTP/1.1 | Status: 401 | Latency: 34.778µs | IP: ::1
2026/01/04 22:05:21 [POST] /api/v1/auth/refresh-token HTTP/1.1 | Status: 503 | Latency: 34.347µs | IP: ::1
2026/01/04 22:05:21 [GET] /api/v1/auth/me HTTP/1.1 | Status: 401 | Latency: 25.681µs | IP: ::1
2026/01/04 22:05:21 [POST] /api/v1/auth/refresh-token HTTP/1.1 | Status: 503 | Latency: 58.69µs | IP: ::1
2026/01/04 22:05:21 [POST] /api/v1/auth/logout HTTP/1.1 | Status: 401 | Latency: 59.184µs | IP: ::1
2026/01/04 22:05:21 [POST] /api/v1/auth/refresh-token HTTP/1.1 | Status: 503 | Latency: 42.159µs | IP: ::1
2026/01/04 22:05:22 [GET] /api/v1/auth/me HTTP/1.1 | Status: 401 | Latency: 21.763µs | IP: ::1
2026/01/04 22:05:22 [POST] /api/v1/auth/refresh-token HTTP/1.1 | Status: 503 | Latency: 21.627µs | IP: ::1
2026/01/04 22:05:22 [POST] /api/v1/auth/logout HTTP/1.1 | Status: 401 | Latency: 29.278µs | IP: ::1
2026/01/04 22:05:22 [GET] /api/v1/auth/me HTTP/1.1 | Status: 401 | Latency: 23.362µs | IP: ::1
2026/01/04 22:05:22 [POST] /api/v1/auth/refresh-token HTTP/1.1 | Status: 429 | Latency: 23.732µs | IP: ::1
2026/01/04 22:05:22 [POST] /api/v1/auth/logout HTTP/1.1 | Status: 429 | Latency: 33.841µs | IP: ::1
2026/01/04 22:05:22 [GET] /api/v1/auth/me HTTP/1.1 | Status: 429 | Latency: 19.399µs | IP: ::1
2026/01/04 22:05:22 [POST] /api/v1/auth/logout HTTP/1.1 | Status: 429 | Latency: 27.652µs | IP: ::1
2026/01/04 22:05:31 [GET] /api/v1/auth/me HTTP/1.1 | Status: 401 | Latency: 23.399µs | IP: ::1
2026/01/04 22:05:32 [POST] /api/v1/auth/refresh-token HTTP/1.1 | Status: 503 | Latency: 44.644µs | IP: ::1
2026/01/04 22:05:32 [POST] /api/v1/auth/logout HTTP/1.1 | Status: 401 | Latency: 47.087µs | IP: ::1
2026/01/04 22:05:32 [POST] /api/v1/auth/refresh-token HTTP/1.1 | Status: 503 | Latency: 107.27µs | IP: ::1
2026/01/04 22:05:32 [GET] /api/v1/auth/me HTTP/1.1 | Status: 401 | Latency: 28.258µs | IP: ::1
2026/01/04 22:05:32 [POST] /api/v1/auth/refresh-token HTTP/1.1 | Status: 503 | Latency: 33.966µs | IP: ::1
2026/01/04 22:05:32 [POST] /api/v1/auth/logout HTTP/1.1 | Status: 401 | Latency: 39.135µs | IP: ::1
2026/01/04 22:05:32 [POST] /api/v1/auth/refresh-token HTTP/1.1 | Status: 503 | Latency: 38.072µs | IP: ::1
2026/01/04 22:05:33 [GET] /api/v1/auth/me HTTP/1.1 | Status: 401 | Latency: 65.724µs | IP: ::1
2026/01/04 22:05:33 [POST] /api/v1/auth/refresh-token HTTP/1.1 | Status: 503 | Latency: 46.486µs | IP: ::1
2026/01/04 22:05:33 [POST] /api/v1/auth/logout HTTP/1.1 | Status: 401 | Latency: 51.632µs | IP: ::1
2026/01/04 22:05:33 [POST] /api/v1/auth/refresh-token HTTP/1.1 | Status: 503 | Latency: 49.641µs | IP: ::1
2026/01/04 22:05:33 [GET] /api/v1/auth/me HTTP/1.1 | Status: 401 | Latency: 36.262µs | IP: ::1
2026/01/04 22:05:33 [POST] /api/v1/auth/refresh-token HTTP/1.1 | Status: 503 | Latency: 29.08µs | IP: ::1
2026/01/04 22:05:33 [POST] /api/v1/auth/logout HTTP/1.1 | Status: 401 | Latency: 60.394µs | IP: ::1
2026/01/04 22:05:33 [POST] /api/v1/auth/refresh-token HTTP/1.1 | Status: 503 | Latency: 55.953µs | IP: ::1
2026/01/04 22:05:34 [GET] /api/v1/auth/me HTTP/1.1 | Status: 401 | Latency: 26.371µs | IP: ::1
2026/01/04 22:05:34 [POST] /api/v1/auth/refresh-token HTTP/1.1 | Status: 503 | Latency: 52.638µs | IP: ::1
2026/01/04 22:05:34 [POST] /api/v1/auth/logout HTTP/1.1 | Status: 401 | Latency: 44.242µs | IP: ::1
2026/01/04 22:05:34 [POST] /api/v1/auth/refresh-token HTTP/1.1 | Status: 429 | Latency: 54.629µs | IP: ::1
2026/01/04 22:05:34 [GET] /api/v1/auth/me HTTP/1.1 | Status: 401 | Latency: 35.325µs | IP: ::1
2026/01/04 22:05:34 [POST] /api/v1/auth/refresh-token HTTP/1.1 | Status: 429 | Latency: 36.821µs | IP: ::1
2026/01/04 22:05:34 [POST] /api/v1/auth/logout HTTP/1.1 | Status: 429 | Latency: 24.645µs | IP: ::1
2026/01/04 22:05:35 [GET] /api/v1/auth/me HTTP/1.1 | Status: 401 | Latency: 27.694µs | IP: ::1
2026/01/04 22:05:35 [POST] /api/v1/auth/refresh-token HTTP/1.1 | Status: 429 | Latency: 32.625µs | IP: ::1
2026/01/04 22:05:35 [POST] /api/v1/auth/logout HTTP/1.1 | Status: 429 | Latency: 28.073µs | IP: ::1
2026/01/04 22:05:35 [GET] /api/v1/auth/me HTTP/1.1 | Status: 429 | Latency: 20.705µs | IP: ::1
2026/01/04 22:05:35 [POST] /api/v1/auth/logout HTTP/1.1 | Status: 429 | Latency: 19.707µs | IP: ::1
2026/01/04 22:05:39 [OPTIONS] /api/v1/auth/login HTTP/1.1 | Status: 204 | Latency: 18.033µs | IP: ::1
2026/01/04 22:05:39 [POST] /api/v1/auth/login HTTP/1.1 | Status: 200 | Latency: 51.238035ms | IP: ::1
2026/01/04 22:05:39 [GET] /api/v1/auth/me HTTP/1.1 | Status: 401 | Latency: 50.173µs | IP: ::1
2026/01/04 22:05:39 [POST] /api/v1/auth/refresh-token HTTP/1.1 | Status: 500 | Latency: 4.479143ms | IP: ::1
2026/01/04 22:05:39 [GET] /api/v1/auth/me HTTP/1.1 | Status: 401 | Latency: 84.87µs | IP: ::1
2026/01/04 22:05:39 [POST] /api/v1/auth/refresh-token HTTP/1.1 | Status: 500 | Latency: 5.967395ms | IP: ::1
2026/01/04 22:05:39 [POST] /api/v1/auth/logout HTTP/1.1 | Status: 401 | Latency: 93.665µs | IP: ::1
2026/01/04 22:05:40 [GET] /api/v1/auth/me HTTP/1.1 | Status: 401 | Latency: 52.371µs | IP: ::1
2026/01/04 22:05:40 [POST] /api/v1/auth/refresh-token HTTP/1.1 | Status: 429 | Latency: 25.722µs | IP: ::1
2026/01/04 22:05:40 [POST] /api/v1/auth/logout HTTP/1.1 | Status: 401 | Latency: 99.558µs | IP: ::1
2026/01/04 22:05:40 [POST] /api/v1/auth/refresh-token HTTP/1.1 | Status: 429 | Latency: 33.121µs | IP: ::1
2026/01/04 22:05:40 [GET] /api/v1/auth/me HTTP/1.1 | Status: 401 | Latency: 257.223µs | IP: ::1
2026/01/04 22:05:41 [POST] /api/v1/auth/refresh-token HTTP/1.1 | Status: 429 | Latency: 23.429µs | IP: ::1
2026/01/04 22:05:41 [POST] /api/v1/auth/logout HTTP/1.1 | Status: 429 | Latency: 29.665µs | IP: ::1
2026/01/04 22:05:41 [GET] /api/v1/auth/me HTTP/1.1 | Status: 401 | Latency: 82.49µs | IP: ::1
2026/01/04 22:05:41 [POST] /api/v1/auth/refresh-token HTTP/1.1 | Status: 429 | Latency: 24.737µs | IP: ::1
2026/01/04 22:05:41 [POST] /api/v1/auth/logout HTTP/1.1 | Status: 429 | Latency: 26.113µs | IP: ::1
2026/01/04 22:05:42 [GET] /api/v1/auth/me HTTP/1.1 | Status: 429 | Latency: 17.269µs | IP: ::1
2026/01/04 22:05:42 [POST] /api/v1/auth/logout HTTP/1.1 | Status: 429 | Latency: 19.784µs | IP: ::1
2026/01/04 22:10:08 [GET] /api/v1/auth/me HTTP/1.1 | Status: 401 | Latency: 175.836µs | IP: ::1
2026/01/04 22:10:08 [POST] /api/v1/auth/refresh-token HTTP/1.1 | Status: 200 | Latency: 19.261094ms | IP: ::1
2026/01/04 22:10:08 [GET] /api/v1/auth/me HTTP/1.1 | Status: 401 | Latency: 86.772µs | IP: ::1
2026/01/04 22:10:08 [POST] /api/v1/auth/logout HTTP/1.1 | Status: 401 | Latency: 74.708µs | IP: ::1
2026/01/04 22:10:08 [POST] /api/v1/auth/refresh-token HTTP/1.1 | Status: 500 | Latency: 8.00555ms | IP: ::1
2026/01/04 22:10:10 [GET] /api/v1/auth/me HTTP/1.1 | Status: 401 | Latency: 622.664µs | IP: ::1
2026/01/04 22:10:10 [POST] /api/v1/auth/refresh-token HTTP/1.1 | Status: 200 | Latency: 18.009263ms | IP: ::1
2026/01/04 22:10:10 [GET] /api/v1/auth/me HTTP/1.1 | Status: 401 | Latency: 74.63µs | IP: ::1
2026/01/04 22:10:10 [POST] /api/v1/auth/logout HTTP/1.1 | Status: 401 | Latency: 121.466µs | IP: ::1
2026/01/04 22:10:10 [POST] /api/v1/auth/refresh-token HTTP/1.1 | Status: 500 | Latency: 15.52193ms | IP: ::1
2026/01/04 22:10:12 [GET] /api/v1/auth/me HTTP/1.1 | Status: 401 | Latency: 197.422µs | IP: ::1
2026/01/04 22:10:12 [GET] /api/v1/auth/me HTTP/1.1 | Status: 401 | Latency: 339.938µs | IP: ::1
2026/01/04 22:10:12 [POST] /api/v1/auth/refresh-token HTTP/1.1 | Status: 200 | Latency: 11.967025ms | IP: ::1
2026/01/04 22:10:12 [GET] /api/v1/auth/me HTTP/1.1 | Status: 401 | Latency: 216.232µs | IP: ::1
2026/01/04 22:10:12 [POST] /api/v1/auth/refresh-token HTTP/1.1 | Status: 500 | Latency: 20.126925ms | IP: ::1
2026/01/04 22:10:12 [POST] /api/v1/auth/logout HTTP/1.1 | Status: 401 | Latency: 166.327µs | IP: ::1
2026/01/04 22:10:12 [POST] /api/v1/auth/logout HTTP/1.1 | Status: 401 | Latency: 217.893µs | IP: ::1
2026/01/04 22:10:12 [POST] /api/v1/auth/refresh-token HTTP/1.1 | Status: 500 | Latency: 10.055192ms | IP: ::1
2026/01/04 22:10:12 [POST] /api/v1/auth/refresh-token HTTP/1.1 | Status: 500 | Latency: 6.940892ms | IP: ::1
2026/01/04 22:10:23 [GET] /api/v1/auth/me HTTP/1.1 | Status: 401 | Latency: 118.935µs | IP: ::1
2026/01/04 22:10:23 [POST] /api/v1/auth/refresh-token HTTP/1.1 | Status: 200 | Latency: 18.245457ms | IP: ::1
2026/01/04 22:10:23 [GET] /api/v1/auth/me HTTP/1.1 | Status: 401 | Latency: 232.383µs | IP: ::1
2026/01/04 22:10:23 [POST] /api/v1/auth/logout HTTP/1.1 | Status: 401 | Latency: 153.841µs | IP: ::1
2026/01/04 22:10:23 [POST] /api/v1/auth/refresh-token HTTP/1.1 | Status: 500 | Latency: 9.192041ms | IP: ::1
2026/01/04 22:10:54 [GET] /api/v1/auth/me HTTP/1.1 | Status: 401 | Latency: 158.917µs | IP: ::1
2026/01/04 22:10:54 [POST] /api/v1/auth/refresh-token HTTP/1.1 | Status: 200 | Latency: 19.539768ms | IP: ::1
2026/01/04 22:10:54 [GET] /api/v1/auth/me HTTP/1.1 | Status: 401 | Latency: 193.136µs | IP: ::1
2026/01/04 22:10:54 [POST] /api/v1/auth/logout HTTP/1.1 | Status: 401 | Latency: 460.648µs | IP: ::1
2026/01/04 22:10:54 [POST] /api/v1/auth/refresh-token HTTP/1.1 | Status: 500 | Latency: 7.95114ms | IP: ::1
2026/01/04 22:10:57 [OPTIONS] /api/v1/auth/login HTTP/1.1 | Status: 204 | Latency: 73.027µs | IP: ::1
2026/01/04 22:10:57 [POST] /api/v1/auth/login HTTP/1.1 | Status: 200 | Latency: 50.664497ms | IP: ::1
2026/01/04 22:10:57 [GET] /api/v1/auth/me HTTP/1.1 | Status: 401 | Latency: 51.345µs | IP: ::1
2026/01/04 22:10:57 [POST] /api/v1/auth/refresh-token HTTP/1.1 | Status: 500 | Latency: 4.326595ms | IP: ::1
2026/01/04 22:10:59 [POST] /api/v1/auth/login HTTP/1.1 | Status: 200 | Latency: 53.228095ms | IP: ::1
2026/01/04 22:10:59 [GET] /api/v1/auth/me HTTP/1.1 | Status: 401 | Latency: 69.209µs | IP: ::1
2026/01/04 22:10:59 [POST] /api/v1/auth/refresh-token HTTP/1.1 | Status: 500 | Latency: 5.184652ms | IP: ::1
2026/01/04 22:11:01 [POST] /api/v1/auth/login HTTP/1.1 | Status: 200 | Latency: 57.181618ms | IP: ::1
2026/01/04 22:11:01 [GET] /api/v1/auth/me HTTP/1.1 | Status: 401 | Latency: 47.526µs | IP: ::1
2026/01/04 22:11:01 [POST] /api/v1/auth/refresh-token HTTP/1.1 | Status: 500 | Latency: 5.389633ms | IP: ::1
2026/01/04 22:11:14 [OPTIONS] /api/v1/auth/login HTTP/1.1 | Status: 204 | Latency: 20.847µs | IP: ::1
2026/01/04 22:11:14 [POST] /api/v1/auth/login HTTP/1.1 | Status: 200 | Latency: 57.276256ms | IP: ::1
2026/01/04 22:11:14 [GET] /api/v1/auth/me HTTP/1.1 | Status: 401 | Latency: 82.421µs | IP: ::1
2026/01/04 22:11:14 [POST] /api/v1/auth/refresh-token HTTP/1.1 | Status: 500 | Latency: 6.464069ms | IP: ::1
2026/01/04 22:12:36 [GET] /api/v1/auth/me HTTP/1.1 | Status: 401 | Latency: 1.599757ms | IP: 127.0.0.1
2026/01/04 22:12:36 [POST] /api/v1/auth/refresh-token HTTP/1.1 | Status: 502 | Latency: 3.169296ms | IP: 127.0.0.1
2026/01/04 22:12:37 [POST] /api/v1/auth/logout HTTP/1.1 | Status: 401 | Latency: 588.036µs | IP: 127.0.0.1
2026/01/04 22:12:37 [POST] /api/v1/auth/refresh-token HTTP/1.1 | Status: 502 | Latency: 2.799858ms | IP: 127.0.0.1
2026/01/04 22:13:05 [GET] /api/v1/auth/me HTTP/1.1 | Status: 401 | Latency: 168.934µs | IP: 127.0.0.1
2026/01/04 22:13:05 [POST] /api/v1/auth/refresh-token HTTP/1.1 | Status: 200 | Latency: 39.600689ms | IP: 127.0.0.1
2026/01/04 22:13:05 [GET] /api/v1/auth/me HTTP/1.1 | Status: 401 | Latency: 231.903µs | IP: 127.0.0.1
2026/01/04 22:13:05 [POST] /api/v1/auth/logout HTTP/1.1 | Status: 401 | Latency: 65.401µs | IP: 127.0.0.1
2026/01/04 22:13:05 [POST] /api/v1/auth/refresh-token HTTP/1.1 | Status: 200 | Latency: 9.496962ms | IP: 127.0.0.1
2026/01/04 22:13:05 [POST] /api/v1/auth/logout HTTP/1.1 | Status: 401 | Latency: 87.151µs | IP: 127.0.0.1
2026/01/04 22:13:09 [POST] /api/v1/auth/login HTTP/1.1 | Status: 200 | Latency: 67.641582ms | IP: 127.0.0.1
2026/01/04 22:13:09 [GET] /api/v1/auth/me HTTP/1.1 | Status: 401 | Latency: 52.711µs | IP: 127.0.0.1
2026/01/04 22:13:09 [POST] /api/v1/auth/refresh-token HTTP/1.1 | Status: 200 | Latency: 7.530891ms | IP: 127.0.0.1
2026/01/04 22:13:09 [GET] /api/v1/auth/me HTTP/1.1 | Status: 401 | Latency: 79.365µs | IP: 127.0.0.1
2026/01/04 22:15:43 [GET] /api/v1/auth/me HTTP/1.1 | Status: 401 | Latency: 185.993µs | IP: 127.0.0.1
2026/01/04 22:15:43 [POST] /api/v1/auth/refresh-token HTTP/1.1 | Status: 500 | Latency: 7.069951ms | IP: 127.0.0.1
2026/01/04 22:16:05 [POST] /api/v1/auth/login HTTP/1.1 | Status: 200 | Latency: 85.07851ms | IP: 127.0.0.1
2026/01/04 22:16:05 [GET] /api/v1/auth/me HTTP/1.1 | Status: 401 | Latency: 85.999µs | IP: 127.0.0.1
2026/01/04 22:16:05 [POST] /api/v1/auth/refresh-token HTTP/1.1 | Status: 200 | Latency: 17.983029ms | IP: 127.0.0.1
2026/01/04 22:16:05 [GET] /api/v1/auth/me HTTP/1.1 | Status: 401 | Latency: 161.446µs | IP: 127.0.0.1
2026/01/04 22:17:28 [GET] /api/v1/auth/me HTTP/1.1 | Status: 401 | Latency: 120.221µs | IP: 127.0.0.1
2026/01/04 22:17:28 [POST] /api/v1/auth/refresh-token HTTP/1.1 | Status: 500 | Latency: 9.919471ms | IP: 127.0.0.1
2026/01/04 22:17:30 [POST] /api/v1/auth/login HTTP/1.1 | Status: 200 | Latency: 69.449853ms | IP: 127.0.0.1
2026/01/04 22:17:30 [GET] /api/v1/auth/me HTTP/1.1 | Status: 401 | Latency: 55.743µs | IP: 127.0.0.1
2026/01/04 22:17:30 [POST] /api/v1/auth/refresh-token HTTP/1.1 | Status: 200 | Latency: 10.941213ms | IP: 127.0.0.1
2026/01/04 22:17:30 [GET] /api/v1/auth/me HTTP/1.1 | Status: 401 | Latency: 67.642µs | IP: 127.0.0.1
2026/01/04 22:18:23 [POST] /api/v1/auth/login HTTP/1.1 | Status: 200 | Latency: 71.873414ms | IP: 127.0.0.1
2026/01/04 22:18:23 [GET] /api/v1/auth/me HTTP/1.1 | Status: 401 | Latency: 61.843µs | IP: 127.0.0.1
2026/01/04 22:18:23 [POST] /api/v1/auth/refresh-token HTTP/1.1 | Status: 200 | Latency: 10.31122ms | IP: 127.0.0.1
2026/01/04 22:18:23 [GET] /api/v1/auth/me HTTP/1.1 | Status: 401 | Latency: 96.426µs | IP: 127.0.0.1
2026/01/04 22:18:27 [GET] /api/v1/auth/me HTTP/1.1 | Status: 401 | Latency: 137.087µs | IP: 127.0.0.1
2026/01/04 22:18:27 [POST] /api/v1/auth/refresh-token HTTP/1.1 | Status: 200 | Latency: 20.541209ms | IP: 127.0.0.1
2026/01/04 22:18:27 [GET] /api/v1/auth/me HTTP/1.1 | Status: 401 | Latency: 64.853µs | IP: 127.0.0.1
2026/01/04 22:18:27 [POST] /api/v1/auth/login HTTP/1.1 | Status: 200 | Latency: 52.922924ms | IP: 127.0.0.1
2026/01/04 22:18:27 [GET] /api/v1/auth/me HTTP/1.1 | Status: 401 | Latency: 61.739µs | IP: 127.0.0.1
2026/01/04 22:18:27 [POST] /api/v1/auth/refresh-token HTTP/1.1 | Status: 200 | Latency: 10.524501ms | IP: 127.0.0.1
2026/01/04 22:18:28 [GET] /api/v1/auth/me HTTP/1.1 | Status: 401 | Latency: 73.635µs | IP: 127.0.0.1
2026/01/04 22:18:29 [POST] /api/v1/auth/login HTTP/1.1 | Status: 200 | Latency: 55.153973ms | IP: 127.0.0.1
2026/01/04 22:18:29 [GET] /api/v1/auth/me HTTP/1.1 | Status: 401 | Latency: 79.894µs | IP: 127.0.0.1
2026/01/04 22:18:29 [POST] /api/v1/auth/refresh-token HTTP/1.1 | Status: 200 | Latency: 7.657625ms | IP: 127.0.0.1
2026/01/04 22:18:29 [GET] /api/v1/auth/me HTTP/1.1 | Status: 401 | Latency: 66.166µs | IP: 127.0.0.1
2026/01/04 22:18:30 [POST] /api/v1/auth/login HTTP/1.1 | Status: 200 | Latency: 59.66074ms | IP: 127.0.0.1
2026/01/04 22:18:30 [GET] /api/v1/auth/me HTTP/1.1 | Status: 401 | Latency: 76.953µs | IP: 127.0.0.1
2026/01/04 22:18:30 [POST] /api/v1/auth/refresh-token HTTP/1.1 | Status: 200 | Latency: 7.235918ms | IP: 127.0.0.1
2026/01/04 22:18:30 [GET] /api/v1/auth/me HTTP/1.1 | Status: 401 | Latency: 120.28µs | IP: 127.0.0.1
2026/01/04 22:20:42 [GET] /api/v1/auth/me HTTP/1.1 | Status: 401 | Latency: 253.227µs | IP: 127.0.0.1
2026/01/04 22:20:42 [POST] /api/v1/auth/refresh-token HTTP/1.1 | Status: 200 | Latency: 23.79249ms | IP: 127.0.0.1
2026/01/04 22:20:42 [GET] /api/v1/auth/me HTTP/1.1 | Status: 401 | Latency: 79.08µs | IP: 127.0.0.1
2026/01/04 22:20:47 [POST] /api/v1/auth/login HTTP/1.1 | Status: 200 | Latency: 55.615802ms | IP: 127.0.0.1
2026/01/04 22:20:47 [GET] /api/v1/auth/me HTTP/1.1 | Status: 401 | Latency: 71.019µs | IP: 127.0.0.1
2026/01/04 22:20:47 [POST] /api/v1/auth/refresh-token HTTP/1.1 | Status: 200 | Latency: 8.267742ms | IP: 127.0.0.1
2026/01/04 22:20:47 [GET] /api/v1/auth/me HTTP/1.1 | Status: 401 | Latency: 123.98µs | IP: 127.0.0.1
2026/01/04 22:20:49 [POST] /api/v1/auth/login HTTP/1.1 | Status: 200 | Latency: 49.719184ms | IP: 127.0.0.1
2026/01/04 22:20:49 [GET] /api/v1/auth/me HTTP/1.1 | Status: 401 | Latency: 70.693µs | IP: 127.0.0.1
2026/01/04 22:20:49 [POST] /api/v1/auth/refresh-token HTTP/1.1 | Status: 200 | Latency: 7.500407ms | IP: 127.0.0.1
2026/01/04 22:20:49 [GET] /api/v1/auth/me HTTP/1.1 | Status: 401 | Latency: 115.802µs | IP: 127.0.0.1
2026/01/04 22:20:49 [POST] /api/v1/auth/login HTTP/1.1 | Status: 200 | Latency: 48.547775ms | IP: 127.0.0.1
2026/01/04 22:20:49 [GET] /api/v1/auth/me HTTP/1.1 | Status: 401 | Latency: 104.034µs | IP: 127.0.0.1
2026/01/04 22:20:49 [POST] /api/v1/auth/refresh-token HTTP/1.1 | Status: 200 | Latency: 6.858281ms | IP: 127.0.0.1
2026/01/04 22:20:49 [GET] /api/v1/auth/me HTTP/1.1 | Status: 401 | Latency: 67.028µs | IP: 127.0.0.1
2026/01/04 22:20:49 [POST] /api/v1/auth/login HTTP/1.1 | Status: 200 | Latency: 49.486781ms | IP: 127.0.0.1
2026/01/04 22:20:49 [GET] /api/v1/auth/me HTTP/1.1 | Status: 401 | Latency: 54.897µs | IP: 127.0.0.1
2026/01/04 22:20:49 [POST] /api/v1/auth/refresh-token HTTP/1.1 | Status: 200 | Latency: 7.120788ms | IP: 127.0.0.1
2026/01/04 22:20:49 [GET] /api/v1/auth/me HTTP/1.1 | Status: 401 | Latency: 55.621µs | IP: 127.0.0.1
2026/01/04 22:20:50 [POST] /api/v1/auth/login HTTP/1.1 | Status: 200 | Latency: 57.644119ms | IP: 127.0.0.1
2026/01/04 22:20:50 [GET] /api/v1/auth/me HTTP/1.1 | Status: 401 | Latency: 88.63µs | IP: 127.0.0.1
2026/01/04 22:20:50 [POST] /api/v1/auth/refresh-token HTTP/1.1 | Status: 200 | Latency: 8.615609ms | IP: 127.0.0.1
2026/01/04 22:20:50 [GET] /api/v1/auth/me HTTP/1.1 | Status: 401 | Latency: 80.792µs | IP: 127.0.0.1
2026/01/04 22:20:50 [POST] /api/v1/auth/login HTTP/1.1 | Status: 200 | Latency: 50.272418ms | IP: 127.0.0.1
2026/01/04 22:20:50 [GET] /api/v1/auth/me HTTP/1.1 | Status: 401 | Latency: 57.315µs | IP: 127.0.0.1
2026/01/04 22:20:50 [POST] /api/v1/auth/refresh-token HTTP/1.1 | Status: 200 | Latency: 7.223901ms | IP: 127.0.0.1
2026/01/04 22:20:50 [GET] /api/v1/auth/me HTTP/1.1 | Status: 401 | Latency: 69.051µs | IP: 127.0.0.1
2026/01/04 22:20:50 [POST] /api/v1/auth/login HTTP/1.1 | Status: 200 | Latency: 59.703331ms | IP: 127.0.0.1
2026/01/04 22:20:50 [GET] /api/v1/auth/me HTTP/1.1 | Status: 401 | Latency: 54.01µs | IP: 127.0.0.1
2026/01/04 22:20:50 [POST] /api/v1/auth/refresh-token HTTP/1.1 | Status: 200 | Latency: 9.001616ms | IP: 127.0.0.1
2026/01/04 22:20:50 [GET] /api/v1/auth/me HTTP/1.1 | Status: 401 | Latency: 61.431µs | IP: 127.0.0.1
2026/01/04 22:20:50 [POST] /api/v1/auth/login HTTP/1.1 | Status: 200 | Latency: 49.215046ms | IP: 127.0.0.1
2026/01/04 22:20:50 [GET] /api/v1/auth/me HTTP/1.1 | Status: 401 | Latency: 51.427µs | IP: 127.0.0.1
2026/01/04 22:20:50 [POST] /api/v1/auth/refresh-token HTTP/1.1 | Status: 200 | Latency: 8.039184ms | IP: 127.0.0.1
2026/01/04 22:20:50 [GET] /api/v1/auth/me HTTP/1.1 | Status: 401 | Latency: 82.007µs | IP: 127.0.0.1
2026/01/04 22:24:59 [GET] /api/v1/auth/me HTTP/1.1 | Status: 401 | Latency: 132.263µs | IP: 127.0.0.1
2026/01/04 22:24:59 [POST] /api/v1/auth/refresh-token HTTP/1.1 | Status: 200 | Latency: 42.146104ms | IP: 127.0.0.1
2026/01/04 22:25:01 [GET] /api/v1/auth/me HTTP/1.1 | Status: 401 | Latency: 193.167µs | IP: 127.0.0.1
2026/01/04 22:25:01 [GET] /api/v1/auth/me HTTP/1.1 | Status: 401 | Latency: 257.909µs | IP: 127.0.0.1
2026/01/04 22:25:01 [POST] /api/v1/auth/refresh-token HTTP/1.1 | Status: 401 | Latency: 12.529148ms | IP: 127.0.0.1
2026/01/04 22:25:01 [POST] /api/v1/auth/refresh-token HTTP/1.1 | Status: 401 | Latency: 7.485182ms | IP: 127.0.0.1
2026/01/04 22:25:01 [POST] /api/v1/auth/refresh-token HTTP/1.1 | Status: 401 | Latency: 8.045287ms | IP: 127.0.0.1
2026/01/04 22:25:01 [POST] /api/v1/auth/refresh-token HTTP/1.1 | Status: 401 | Latency: 5.712292ms | IP: 127.0.0.1
2026/01/04 22:25:01 [POST] /api/v1/auth/refresh-token HTTP/1.1 | Status: 401 | Latency: 9.258312ms | IP: 127.0.0.1
2026/01/04 22:25:01 [POST] /api/v1/auth/refresh-token HTTP/1.1 | Status: 401 | Latency: 8.419378ms | IP: 127.0.0.1
2026/01/04 22:25:01 [POST] /api/v1/auth/refresh-token HTTP/1.1 | Status: 401 | Latency: 8.266759ms | IP: 127.0.0.1
2026/01/04 22:25:01 [POST] /api/v1/auth/refresh-token HTTP/1.1 | Status: 401 | Latency: 8.902854ms | IP: 127.0.0.1
2026/01/04 22:25:01 [POST] /api/v1/auth/refresh-token HTTP/1.1 | Status: 401 | Latency: 7.924865ms | IP: 127.0.0.1
2026/01/04 22:25:01 [POST] /api/v1/auth/refresh-token HTTP/1.1 | Status: 401 | Latency: 7.200122ms | IP: 127.0.0.1
2026/01/04 22:25:01 [GET] /api/v1/auth/me HTTP/1.1 | Status: 401 | Latency: 155.251µs | IP: 127.0.0.1
2026/01/04 22:25:01 [POST] /api/v1/auth/refresh-token HTTP/1.1 | Status: 401 | Latency: 4.073917ms | IP: 127.0.0.1
2026/01/04 22:25:01 [POST] /api/v1/auth/refresh-token HTTP/1.1 | Status: 401 | Latency: 5.972098ms | IP: 127.0.0.1
2026/01/04 22:25:01 [POST] /api/v1/auth/refresh-token HTTP/1.1 | Status: 401 | Latency: 4.727229ms | IP: 127.0.0.1
2026/01/04 22:25:01 [POST] /api/v1/auth/refresh-token HTTP/1.1 | Status: 401 | Latency: 5.72356ms | IP: 127.0.0.1
2026/01/04 22:25:01 [POST] /api/v1/auth/refresh-token HTTP/1.1 | Status: 401 | Latency: 13.471756ms | IP: 127.0.0.1
2026/01/04 22:25:02 [GET] /api/v1/auth/me HTTP/1.1 | Status: 401 | Latency: 54.803µs | IP: 127.0.0.1
2026/01/04 22:25:02 [POST] /api/v1/auth/refresh-token HTTP/1.1 | Status: 401 | Latency: 5.733133ms | IP: 127.0.0.1
2026/01/04 22:25:02 [POST] /api/v1/auth/refresh-token HTTP/1.1 | Status: 401 | Latency: 2.719713ms | IP: 127.0.0.1
2026/01/04 22:25:02 [POST] /api/v1/auth/refresh-token HTTP/1.1 | Status: 401 | Latency: 5.945452ms | IP: 127.0.0.1
2026/01/04 22:25:02 [POST] /api/v1/auth/refresh-token HTTP/1.1 | Status: 401 | Latency: 2.725775ms | IP: 127.0.0.1
2026/01/04 22:25:02 [POST] /api/v1/auth/refresh-token HTTP/1.1 | Status: 401 | Latency: 2.180988ms | IP: 127.0.0.1
2026/01/04 22:25:02 [POST] /api/v1/auth/refresh-token HTTP/1.1 | Status: 401 | Latency: 1.911407ms | IP: 127.0.0.1
2026/01/04 22:25:02 [POST] /api/v1/auth/refresh-token HTTP/1.1 | Status: 401 | Latency: 1.904698ms | IP: 127.0.0.1
2026/01/04 22:25:02 [POST] /api/v1/auth/refresh-token HTTP/1.1 | Status: 401 | Latency: 2.589243ms | IP: 127.0.0.1
2026/01/04 22:25:02 [POST] /api/v1/auth/refresh-token HTTP/1.1 | Status: 401 | Latency: 2.063536ms | IP: 127.0.0.1
2026/01/04 22:25:02 [POST] /api/v1/auth/refresh-token HTTP/1.1 | Status: 401 | Latency: 2.39769ms | IP: 127.0.0.1
2026/01/04 22:25:02 [POST] /api/v1/auth/refresh-token HTTP/1.1 | Status: 401 | Latency: 3.258586ms | IP: 127.0.0.1
2026/01/04 22:25:02 [POST] /api/v1/auth/refresh-token HTTP/1.1 | Status: 401 | Latency: 2.823181ms | IP: 127.0.0.1
2026/01/04 22:25:02 [POST] /api/v1/auth/refresh-token HTTP/1.1 | Status: 401 | Latency: 3.000992ms | IP: 127.0.0.1
2026/01/04 22:25:02 [POST] /api/v1/auth/refresh-token HTTP/1.1 | Status: 401 | Latency: 3.242158ms | IP: 127.0.0.1
2026/01/04 22:25:02 [POST] /api/v1/auth/refresh-token HTTP/1.1 | Status: 401 | Latency: 3.461383ms | IP: 127.0.0.1
2026/01/04 22:25:02 [POST] /api/v1/auth/refresh-token HTTP/1.1 | Status: 401 | Latency: 3.823036ms | IP: 127.0.0.1
2026/01/04 22:25:02 [POST] /api/v1/auth/refresh-token HTTP/1.1 | Status: 401 | Latency: 4.160101ms | IP: 127.0.0.1
2026/01/04 22:25:02 [POST] /api/v1/auth/refresh-token HTTP/1.1 | Status: 401 | Latency: 4.34482ms | IP: 127.0.0.1
2026/01/04 22:25:02 [POST] /api/v1/auth/refresh-token HTTP/1.1 | Status: 401 | Latency: 4.606482ms | IP: 127.0.0.1
2026/01/04 22:25:02 [POST] /api/v1/auth/refresh-token HTTP/1.1 | Status: 401 | Latency: 5.550891ms | IP: 127.0.0.1
2026/01/04 22:25:02 [POST] /api/v1/auth/refresh-token HTTP/1.1 | Status: 401 | Latency: 5.976906ms | IP: 127.0.0.1
2026/01/04 22:25:02 [POST] /api/v1/auth/refresh-token HTTP/1.1 | Status: 401 | Latency: 4.883767ms | IP: 127.0.0.1
2026/01/04 22:25:02 [POST] /api/v1/auth/refresh-token HTTP/1.1 | Status: 401 | Latency: 5.165829ms | IP: 127.0.0.1
2026/01/04 22:25:02 [POST] /api/v1/auth/refresh-token HTTP/1.1 | Status: 401 | Latency: 5.096438ms | IP: 127.0.0.1
2026/01/04 22:25:02 [POST] /api/v1/auth/refresh-token HTTP/1.1 | Status: 401 | Latency: 3.49877ms | IP: 127.0.0.1
2026/01/04 22:25:02 [POST] /api/v1/auth/refresh-token HTTP/1.1 | Status: 401 | Latency: 4.167747ms | IP: 127.0.0.1
2026/01/04 22:25:02 [POST] /api/v1/auth/refresh-token HTTP/1.1 | Status: 401 | Latency: 5.708789ms | IP: 127.0.0.1
2026/01/04 22:25:02 [POST] /api/v1/auth/refresh-token HTTP/1.1 | Status: 401 | Latency: 6.163902ms | IP: 127.0.0.1
2026/01/04 22:25:02 [POST] /api/v1/auth/refresh-token HTTP/1.1 | Status: 401 | Latency: 8.351715ms | IP: 127.0.0.1
2026/01/04 22:25:02 [POST] /api/v1/auth/refresh-token HTTP/1.1 | Status: 401 | Latency: 6.328561ms | IP: 127.0.0.1
2026/01/04 22:25:02 [POST] /api/v1/auth/refresh-token HTTP/1.1 | Status: 401 | Latency: 3.18138ms | IP: 127.0.0.1
2026/01/04 22:25:02 [POST] /api/v1/auth/refresh-token HTTP/1.1 | Status: 401 | Latency: 5.09205ms | IP: 127.0.0.1
2026/01/04 22:25:02 [POST] /api/v1/auth/refresh-token HTTP/1.1 | Status: 401 | Latency: 4.376978ms | IP: 127.0.0.1
2026/01/04 22:25:02 [POST] /api/v1/auth/refresh-token HTTP/1.1 | Status: 401 | Latency: 3.46687ms | IP: 127.0.0.1
2026/01/04 22:25:02 [POST] /api/v1/auth/refresh-token HTTP/1.1 | Status: 401 | Latency: 3.345823ms | IP: 127.0.0.1
2026/01/04 22:25:02 [POST] /api/v1/auth/refresh-token HTTP/1.1 | Status: 401 | Latency: 2.994154ms | IP: 127.0.0.1
2026/01/04 22:25:02 [POST] /api/v1/auth/refresh-token HTTP/1.1 | Status: 401 | Latency: 3.158022ms | IP: 127.0.0.1
2026/01/04 22:25:03 [POST] /api/v1/auth/refresh-token HTTP/1.1 | Status: 401 | Latency: 3.549432ms | IP: 127.0.0.1
2026/01/04 22:25:03 [POST] /api/v1/auth/refresh-token HTTP/1.1 | Status: 401 | Latency: 6.080756ms | IP: 127.0.0.1
2026/01/04 22:25:03 [POST] /api/v1/auth/refresh-token HTTP/1.1 | Status: 401 | Latency: 3.50202ms | IP: 127.0.0.1
2026/01/04 22:25:03 [POST] /api/v1/auth/refresh-token HTTP/1.1 | Status: 401 | Latency: 3.11804ms | IP: 127.0.0.1
2026/01/04 22:25:03 [POST] /api/v1/auth/refresh-token HTTP/1.1 | Status: 401 | Latency: 2.265369ms | IP: 127.0.0.1
2026/01/04 22:25:03 [POST] /api/v1/auth/refresh-token HTTP/1.1 | Status: 401 | Latency: 2.638167ms | IP: 127.0.0.1
2026/01/04 22:25:03 [POST] /api/v1/auth/refresh-token HTTP/1.1 | Status: 401 | Latency: 5.118275ms | IP: 127.0.0.1
2026/01/04 22:25:03 [POST] /api/v1/auth/refresh-token HTTP/1.1 | Status: 401 | Latency: 5.808373ms | IP: 127.0.0.1
2026/01/04 22:25:03 [POST] /api/v1/auth/refresh-token HTTP/1.1 | Status: 401 | Latency: 7.893365ms | IP: 127.0.0.1
2026/01/04 22:25:03 [POST] /api/v1/auth/refresh-token HTTP/1.1 | Status: 401 | Latency: 5.48516ms | IP: 127.0.0.1
2026/01/04 22:25:03 [POST] /api/v1/auth/refresh-token HTTP/1.1 | Status: 401 | Latency: 7.110618ms | IP: 127.0.0.1
2026/01/04 22:25:03 [POST] /api/v1/auth/refresh-token HTTP/1.1 | Status: 401 | Latency: 9.216808ms | IP: 127.0.0.1
2026/01/04 22:25:03 [POST] /api/v1/auth/refresh-token HTTP/1.1 | Status: 401 | Latency: 3.013334ms | IP: 127.0.0.1
2026/01/04 22:25:03 [POST] /api/v1/auth/refresh-token HTTP/1.1 | Status: 401 | Latency: 3.910501ms | IP: 127.0.0.1
2026/01/04 22:25:03 [POST] /api/v1/auth/refresh-token HTTP/1.1 | Status: 401 | Latency: 3.69333ms | IP: 127.0.0.1
2026/01/04 22:25:03 [POST] /api/v1/auth/refresh-token HTTP/1.1 | Status: 401 | Latency: 3.199044ms | IP: 127.0.0.1
2026/01/04 22:25:03 [POST] /api/v1/auth/refresh-token HTTP/1.1 | Status: 401 | Latency: 2.243798ms | IP: 127.0.0.1
2026/01/04 22:25:03 [POST] /api/v1/auth/refresh-token HTTP/1.1 | Status: 401 | Latency: 2.003395ms | IP: 127.0.0.1
2026/01/04 22:25:03 [POST] /api/v1/auth/refresh-token HTTP/1.1 | Status: 401 | Latency: 2.086098ms | IP: 127.0.0.1
2026/01/04 22:25:03 [POST] /api/v1/auth/refresh-token HTTP/1.1 | Status: 401 | Latency: 2.334394ms | IP: 127.0.0.1
2026/01/04 22:25:03 [POST] /api/v1/auth/refresh-token HTTP/1.1 | Status: 401 | Latency: 2.159197ms | IP: 127.0.0.1
2026/01/04 22:25:03 [POST] /api/v1/auth/refresh-token HTTP/1.1 | Status: 401 | Latency: 2.376807ms | IP: 127.0.0.1
2026/01/04 22:25:03 [POST] /api/v1/auth/refresh-token HTTP/1.1 | Status: 401 | Latency: 2.734169ms | IP: 127.0.0.1
2026/01/04 22:25:03 [POST] /api/v1/auth/refresh-token HTTP/1.1 | Status: 401 | Latency: 2.279708ms | IP: 127.0.0.1
2026/01/04 22:25:03 [POST] /api/v1/auth/refresh-token HTTP/1.1 | Status: 401 | Latency: 2.622322ms | IP: 127.0.0.1
2026/01/04 22:25:03 [POST] /api/v1/auth/refresh-token HTTP/1.1 | Status: 401 | Latency: 5.935317ms | IP: 127.0.0.1
2026/01/04 22:25:03 [POST] /api/v1/auth/refresh-token HTTP/1.1 | Status: 401 | Latency: 2.407113ms | IP: 127.0.0.1
2026/01/04 22:25:03 [POST] /api/v1/auth/refresh-token HTTP/1.1 | Status: 401 | Latency: 2.659989ms | IP: 127.0.0.1
2026/01/04 22:25:03 [POST] /api/v1/auth/refresh-token HTTP/1.1 | Status: 401 | Latency: 2.337192ms | IP: 127.0.0.1
2026/01/04 22:25:03 [POST] /api/v1/auth/refresh-token HTTP/1.1 | Status: 401 | Latency: 2.822943ms | IP: 127.0.0.1
2026/01/04 22:25:03 [POST] /api/v1/auth/refresh-token HTTP/1.1 | Status: 401 | Latency: 2.55892ms | IP: 127.0.0.1
2026/01/04 22:25:03 [POST] /api/v1/auth/refresh-token HTTP/1.1 | Status: 401 | Latency: 2.344736ms | IP: 127.0.0.1
2026/01/04 22:25:03 [POST] /api/v1/auth/refresh-token HTTP/1.1 | Status: 401 | Latency: 2.667681ms | IP: 127.0.0.1
2026/01/04 22:25:03 [POST] /api/v1/auth/refresh-token HTTP/1.1 | Status: 401 | Latency: 2.28592ms | IP: 127.0.0.1
2026/01/04 22:25:03 [POST] /api/v1/auth/refresh-token HTTP/1.1 | Status: 401 | Latency: 2.86154ms | IP: 127.0.0.1
2026/01/04 22:25:03 [POST] /api/v1/auth/refresh-token HTTP/1.1 | Status: 401 | Latency: 2.377694ms | IP: 127.0.0.1
2026/01/04 22:25:03 [POST] /api/v1/auth/refresh-token HTTP/1.1 | Status: 401 | Latency: 2.467802ms | IP: 127.0.0.1
2026/01/04 22:25:03 [POST] /api/v1/auth/refresh-token HTTP/1.1 | Status: 401 | Latency: 3.340474ms | IP: 127.0.0.1
2026/01/04 22:25:03 [POST] /api/v1/auth/refresh-token HTTP/1.1 | Status: 401 | Latency: 2.155781ms | IP: 127.0.0.1
2026/01/04 22:25:03 [POST] /api/v1/auth/refresh-token HTTP/1.1 | Status: 401 | Latency: 2.173313ms | IP: 127.0.0.1
2026/01/04 22:25:03 [POST] /api/v1/auth/refresh-token HTTP/1.1 | Status: 401 | Latency: 2.053877ms | IP: 127.0.0.1
2026/01/04 22:25:03 [POST] /api/v1/auth/refresh-token HTTP/1.1 | Status: 401 | Latency: 1.899636ms | IP: 127.0.0.1
2026/01/04 22:25:03 [POST] /api/v1/auth/refresh-token HTTP/1.1 | Status: 401 | Latency: 1.807079ms | IP: 127.0.0.1
2026/01/04 22:25:03 [POST] /api/v1/auth/refresh-token HTTP/1.1 | Status: 401 | Latency: 1.853341ms | IP: 127.0.0.1
2026/01/04 22:25:03 [POST] /api/v1/auth/refresh-token HTTP/1.1 | Status: 401 | Latency: 1.825127ms | IP: 127.0.0.1
2026/01/04 22:25:03 [POST] /api/v1/auth/refresh-token HTTP/1.1 | Status: 401 | Latency: 1.795294ms | IP: 127.0.0.1
2026/01/04 22:25:03 [POST] /api/v1/auth/refresh-token HTTP/1.1 | Status: 401 | Latency: 1.728713ms | IP: 127.0.0.1
2026/01/04 22:25:03 [POST] /api/v1/auth/refresh-token HTTP/1.1 | Status: 429 | Latency: 1.053492ms | IP: 127.0.0.1
2026/01/04 22:25:50 [POST] /api/v1/auth/login HTTP/1.1 | Status: 200 | Latency: 71.577749ms | IP: 127.0.0.1
2026/01/04 22:25:50 [GET] /api/v1/auth/me HTTP/1.1 | Status: 401 | Latency: 70.513µs | IP: 127.0.0.1
2026/01/04 22:25:50 [POST] /api/v1/auth/refresh-token HTTP/1.1 | Status: 200 | Latency: 6.439081ms | IP: 127.0.0.1
2026/01/04 22:25:50 [GET] /api/v1/auth/me HTTP/1.1 | Status: 401 | Latency: 90.929µs | IP: 127.0.0.1
2026/01/04 22:25:51 [POST] /api/v1/auth/login HTTP/1.1 | Status: 200 | Latency: 51.488721ms | IP: 127.0.0.1
2026/01/04 22:25:51 [GET] /api/v1/auth/me HTTP/1.1 | Status: 401 | Latency: 64.557µs | IP: 127.0.0.1
2026/01/04 22:25:51 [POST] /api/v1/auth/refresh-token HTTP/1.1 | Status: 200 | Latency: 6.662878ms | IP: 127.0.0.1
2026/01/04 22:25:51 [GET] /api/v1/auth/me HTTP/1.1 | Status: 401 | Latency: 71.639µs | IP: 127.0.0.1
2026/01/04 22:25:53 [GET] /api/v1/auth/me HTTP/1.1 | Status: 401 | Latency: 101.985µs | IP: 127.0.0.1
2026/01/04 22:25:53 [POST] /api/v1/auth/refresh-token HTTP/1.1 | Status: 200 | Latency: 10.098577ms | IP: 127.0.0.1
2026/01/04 22:25:53 [GET] /api/v1/auth/me HTTP/1.1 | Status: 401 | Latency: 140.022µs | IP: 127.0.0.1
2026/01/04 22:25:54 [POST] /api/v1/auth/login HTTP/1.1 | Status: 200 | Latency: 47.932478ms | IP: 127.0.0.1
2026/01/04 22:25:54 [GET] /api/v1/auth/me HTTP/1.1 | Status: 401 | Latency: 56.486µs | IP: 127.0.0.1
2026/01/04 22:25:54 [POST] /api/v1/auth/refresh-token HTTP/1.1 | Status: 200 | Latency: 7.006901ms | IP: 127.0.0.1
2026/01/04 22:25:54 [GET] /api/v1/auth/me HTTP/1.1 | Status: 401 | Latency: 78.373µs | IP: 127.0.0.1
2026/01/04 22:25:54 [POST] /api/v1/auth/login HTTP/1.1 | Status: 200 | Latency: 48.678917ms | IP: 127.0.0.1
2026/01/04 22:25:54 [GET] /api/v1/auth/me HTTP/1.1 | Status: 401 | Latency: 81.797µs | IP: 127.0.0.1
2026/01/04 22:25:54 [POST] /api/v1/auth/refresh-token HTTP/1.1 | Status: 200 | Latency: 6.582853ms | IP: 127.0.0.1
2026/01/04 22:25:54 [GET] /api/v1/auth/me HTTP/1.1 | Status: 401 | Latency: 98.09µs | IP: 127.0.0.1
2026/01/04 22:25:55 [POST] /api/v1/auth/login HTTP/1.1 | Status: 200 | Latency: 61.792095ms | IP: 127.0.0.1
2026/01/04 22:25:55 [GET] /api/v1/auth/me HTTP/1.1 | Status: 401 | Latency: 59.945µs | IP: 127.0.0.1
2026/01/04 22:25:55 [POST] /api/v1/auth/refresh-token HTTP/1.1 | Status: 200 | Latency: 6.293361ms | IP: 127.0.0.1
2026/01/04 22:25:55 [GET] /api/v1/auth/me HTTP/1.1 | Status: 401 | Latency: 113.375µs | IP: 127.0.0.1
2026/01/04 22:25:55 [POST] /api/v1/auth/login HTTP/1.1 | Status: 200 | Latency: 49.638541ms | IP: 127.0.0.1
2026/01/04 22:25:55 [GET] /api/v1/auth/me HTTP/1.1 | Status: 401 | Latency: 63.475µs | IP: 127.0.0.1
2026/01/04 22:25:55 [POST] /api/v1/auth/refresh-token HTTP/1.1 | Status: 200 | Latency: 8.144848ms | IP: 127.0.0.1
2026/01/04 22:25:55 [GET] /api/v1/auth/me HTTP/1.1 | Status: 401 | Latency: 77.093µs | IP: 127.0.0.1
2026/01/04 22:25:55 [POST] /api/v1/auth/login HTTP/1.1 | Status: 200 | Latency: 55.665079ms | IP: 127.0.0.1
2026/01/04 22:25:55 [GET] /api/v1/auth/me HTTP/1.1 | Status: 401 | Latency: 68.63µs | IP: 127.0.0.1
2026/01/04 22:25:55 [POST] /api/v1/auth/refresh-token HTTP/1.1 | Status: 200 | Latency: 7.679615ms | IP: 127.0.0.1
2026/01/04 22:25:55 [GET] /api/v1/auth/me HTTP/1.1 | Status: 401 | Latency: 89.065µs | IP: 127.0.0.1
2026/01/04 22:29:04 [GET] /api/v1/auth/me HTTP/1.1 | Status: 401 | Latency: 107.954µs | IP: 127.0.0.1
2026/01/04 22:29:04 [POST] /api/v1/auth/refresh-token HTTP/1.1 | Status: 200 | Latency: 9.9456ms | IP: 127.0.0.1
2026/01/04 22:29:04 [GET] /api/v1/auth/me HTTP/1.1 | Status: 401 | Latency: 60.43µs | IP: 127.0.0.1
2026/01/04 22:29:06 [GET] /api/v1/auth/me HTTP/1.1 | Status: 401 | Latency: 367.71µs | IP: 127.0.0.1
2026/01/04 22:29:06 [POST] /api/v1/auth/refresh-token HTTP/1.1 | Status: 200 | Latency: 11.417967ms | IP: 127.0.0.1
2026/01/04 22:29:06 [GET] /api/v1/auth/me HTTP/1.1 | Status: 401 | Latency: 74.653µs | IP: 127.0.0.1
2026/01/04 22:29:08 [GET] /api/v1/auth/me HTTP/1.1 | Status: 401 | Latency: 85.217µs | IP: 127.0.0.1
2026/01/04 22:29:08 [POST] /api/v1/auth/refresh-token HTTP/1.1 | Status: 200 | Latency: 9.230486ms | IP: 127.0.0.1
2026/01/04 22:29:08 [GET] /api/v1/auth/me HTTP/1.1 | Status: 401 | Latency: 63.394µs | IP: 127.0.0.1
2026/01/04 22:29:29 [GET] /api/v1/auth/me HTTP/1.1 | Status: 401 | Latency: 115.495µs | IP: 127.0.0.1
2026/01/04 22:29:29 [POST] /api/v1/auth/refresh-token HTTP/1.1 | Status: 200 | Latency: 17.856112ms | IP: 127.0.0.1
2026/01/04 22:29:29 [GET] /api/v1/auth/me HTTP/1.1 | Status: 401 | Latency: 235.276µs | IP: 127.0.0.1
2026/01/04 22:29:31 [POST] /api/v1/auth/login HTTP/1.1 | Status: 200 | Latency: 50.710094ms | IP: 127.0.0.1
2026/01/04 22:29:31 [GET] /api/v1/auth/me HTTP/1.1 | Status: 401 | Latency: 77.457µs | IP: 127.0.0.1
2026/01/04 22:29:31 [POST] /api/v1/auth/refresh-token HTTP/1.1 | Status: 200 | Latency: 7.801344ms | IP: 127.0.0.1
2026/01/04 22:29:31 [GET] /api/v1/auth/me HTTP/1.1 | Status: 401 | Latency: 107.14µs | IP: 127.0.0.1
2026/01/04 22:32:43 [GET] /api/v1/auth/me HTTP/1.1 | Status: 401 | Latency: 125.85µs | IP: 127.0.0.1
2026/01/04 22:32:43 [POST] /api/v1/auth/refresh-token HTTP/1.1 | Status: 200 | Latency: 20.386617ms | IP: 127.0.0.1
2026/01/04 22:32:43 [GET] /api/v1/auth/me HTTP/1.1 | Status: 401 | Latency: 89.188µs | IP: 127.0.0.1
2026/01/04 22:32:46 [POST] /api/v1/auth/login HTTP/1.1 | Status: 200 | Latency: 60.594459ms | IP: 127.0.0.1
2026/01/04 22:32:46 [GET] /api/v1/auth/me HTTP/1.1 | Status: 401 | Latency: 67.422µs | IP: 127.0.0.1
2026/01/04 22:32:46 [POST] /api/v1/auth/refresh-token HTTP/1.1 | Status: 200 | Latency: 8.565683ms | IP: 127.0.0.1
2026/01/04 22:32:46 [GET] /api/v1/auth/me HTTP/1.1 | Status: 401 | Latency: 65.968µs | IP: 127.0.0.1
2026/01/04 22:32:47 [POST] /api/v1/auth/login HTTP/1.1 | Status: 200 | Latency: 62.926012ms | IP: 127.0.0.1
2026/01/04 22:32:47 [GET] /api/v1/auth/me HTTP/1.1 | Status: 401 | Latency: 54.044µs | IP: 127.0.0.1
2026/01/04 22:32:47 [POST] /api/v1/auth/refresh-token HTTP/1.1 | Status: 200 | Latency: 6.920528ms | IP: 127.0.0.1
2026/01/04 22:32:47 [GET] /api/v1/auth/me HTTP/1.1 | Status: 401 | Latency: 65.066µs | IP: 127.0.0.1
2026/01/04 22:32:48 [POST] /api/v1/auth/login HTTP/1.1 | Status: 200 | Latency: 57.670168ms | IP: 127.0.0.1
2026/01/04 22:32:48 [GET] /api/v1/auth/me HTTP/1.1 | Status: 401 | Latency: 58.747µs | IP: 127.0.0.1
2026/01/04 22:32:48 [POST] /api/v1/auth/refresh-token HTTP/1.1 | Status: 200 | Latency: 8.861286ms | IP: 127.0.0.1
2026/01/04 22:32:48 [GET] /api/v1/auth/me HTTP/1.1 | Status: 401 | Latency: 84.63µs | IP: 127.0.0.1
2026/01/04 22:32:48 [POST] /api/v1/auth/login HTTP/1.1 | Status: 200 | Latency: 65.557837ms | IP: 127.0.0.1
2026/01/04 22:32:48 [GET] /api/v1/auth/me HTTP/1.1 | Status: 401 | Latency: 63.281µs | IP: 127.0.0.1
2026/01/04 22:32:48 [POST] /api/v1/auth/refresh-token HTTP/1.1 | Status: 200 | Latency: 8.936426ms | IP: 127.0.0.1
2026/01/04 22:32:48 [GET] /api/v1/auth/me HTTP/1.1 | Status: 401 | Latency: 104.535µs | IP: 127.0.0.1
2026/01/04 22:32:48 [POST] /api/v1/auth/login HTTP/1.1 | Status: 200 | Latency: 57.060883ms | IP: 127.0.0.1
2026/01/04 22:32:48 [GET] /api/v1/auth/me HTTP/1.1 | Status: 401 | Latency: 54.669µs | IP: 127.0.0.1
2026/01/04 22:32:48 [POST] /api/v1/auth/refresh-token HTTP/1.1 | Status: 200 | Latency: 5.65676ms | IP: 127.0.0.1
2026/01/04 22:32:48 [GET] /api/v1/auth/me HTTP/1.1 | Status: 401 | Latency: 70.754µs | IP: 127.0.0.1
2026/01/04 22:32:49 [POST] /api/v1/auth/login HTTP/1.1 | Status: 200 | Latency: 57.174249ms | IP: 127.0.0.1
2026/01/04 22:32:49 [GET] /api/v1/auth/me HTTP/1.1 | Status: 401 | Latency: 50.99µs | IP: 127.0.0.1
2026/01/04 22:32:49 [POST] /api/v1/auth/refresh-token HTTP/1.1 | Status: 200 | Latency: 5.814838ms | IP: 127.0.0.1
2026/01/04 22:32:49 [GET] /api/v1/auth/me HTTP/1.1 | Status: 401 | Latency: 63.391µs | IP: 127.0.0.1
2026/01/04 22:32:49 [POST] /api/v1/auth/login HTTP/1.1 | Status: 200 | Latency: 73.919537ms | IP: 127.0.0.1
2026/01/04 22:32:49 [GET] /api/v1/auth/me HTTP/1.1 | Status: 401 | Latency: 50.568µs | IP: 127.0.0.1
2026/01/04 22:32:49 [POST] /api/v1/auth/refresh-token HTTP/1.1 | Status: 200 | Latency: 6.229694ms | IP: 127.0.0.1
2026/01/04 22:32:49 [GET] /api/v1/auth/me HTTP/1.1 | Status: 401 | Latency: 80.119µs | IP: 127.0.0.1
2026/01/04 22:32:50 [POST] /api/v1/auth/login HTTP/1.1 | Status: 200 | Latency: 55.287874ms | IP: 127.0.0.1
2026/01/04 22:32:50 [GET] /api/v1/auth/me HTTP/1.1 | Status: 401 | Latency: 54.972µs | IP: 127.0.0.1
2026/01/04 22:32:50 [POST] /api/v1/auth/refresh-token HTTP/1.1 | Status: 200 | Latency: 6.241052ms | IP: 127.0.0.1
2026/01/04 22:32:50 [GET] /api/v1/auth/me HTTP/1.1 | Status: 401 | Latency: 73.855µs | IP: 127.0.0.1
2026/01/04 22:32:50 [POST] /api/v1/auth/login HTTP/1.1 | Status: 200 | Latency: 63.103955ms | IP: 127.0.0.1
2026/01/04 22:32:50 [GET] /api/v1/auth/me HTTP/1.1 | Status: 401 | Latency: 75.461µs | IP: 127.0.0.1
2026/01/04 22:32:50 [POST] /api/v1/auth/refresh-token HTTP/1.1 | Status: 200 | Latency: 6.45889ms | IP: 127.0.0.1
2026/01/04 22:32:50 [GET] /api/v1/auth/me HTTP/1.1 | Status: 401 | Latency: 52.624µs | IP: 127.0.0.1
2026/01/04 23:25:49 [GET] /api/v1/auth/me HTTP/1.1 | Status: 401 | Latency: 176.986µs | IP: 127.0.0.1
2026/01/04 23:25:49 [POST] /api/v1/auth/refresh-token HTTP/1.1 | Status: 200 | Latency: 26.777398ms | IP: 127.0.0.1
2026/01/04 23:25:49 [GET] /api/v1/auth/me HTTP/1.1 | Status: 401 | Latency: 112.408µs | IP: 127.0.0.1
2026/01/04 23:25:52 [POST] /api/v1/auth/login HTTP/1.1 | Status: 200 | Latency: 63.716815ms | IP: 127.0.0.1
2026/01/04 23:25:52 [GET] /api/v1/auth/me HTTP/1.1 | Status: 401 | Latency: 56.989µs | IP: 127.0.0.1
2026/01/04 23:25:52 [POST] /api/v1/auth/refresh-token HTTP/1.1 | Status: 200 | Latency: 7.763891ms | IP: 127.0.0.1
2026/01/04 23:25:52 [GET] /api/v1/auth/me HTTP/1.1 | Status: 401 | Latency: 92.635µs | IP: 127.0.0.1
2026/01/04 23:27:22 [GET] /api/v1/auth/me HTTP/1.1 | Status: 401 | Latency: 211.188µs | IP: 127.0.0.1
2026/01/04 23:27:22 [POST] /api/v1/auth/refresh-token HTTP/1.1 | Status: 200 | Latency: 10.025466ms | IP: 127.0.0.1
2026/01/04 23:27:22 [GET] /api/v1/auth/me HTTP/1.1 | Status: 401 | Latency: 71.422µs | IP: 127.0.0.1
2026/01/04 23:27:25 [POST] /api/v1/auth/login HTTP/1.1 | Status: 200 | Latency: 59.942962ms | IP: 127.0.0.1
2026/01/04 23:27:25 [GET] /api/v1/auth/me HTTP/1.1 | Status: 401 | Latency: 52.878µs | IP: 127.0.0.1
2026/01/04 23:27:25 [POST] /api/v1/auth/refresh-token HTTP/1.1 | Status: 200 | Latency: 8.197568ms | IP: 127.0.0.1
2026/01/04 23:27:25 [GET] /api/v1/auth/me HTTP/1.1 | Status: 401 | Latency: 97.906µs | IP: 127.0.0.1
2026/01/04 23:27:38 [POST] /api/v1/auth/login HTTP/1.1 | Status: 200 | Latency: 48.767191ms | IP: 127.0.0.1
2026/01/04 23:27:38 [GET] /api/v1/auth/me HTTP/1.1 | Status: 401 | Latency: 76.263µs | IP: 127.0.0.1
2026/01/04 23:27:38 [POST] /api/v1/auth/refresh-token HTTP/1.1 | Status: 200 | Latency: 7.25046ms | IP: 127.0.0.1
2026/01/04 23:27:38 [GET] /api/v1/auth/me HTTP/1.1 | Status: 401 | Latency: 62.317µs | IP: 127.0.0.1
2026/01/04 23:31:10 [GET] /api/v1/auth/me HTTP/1.1 | Status: 401 | Latency: 275.056µs | IP: 127.0.0.1
2026/01/04 23:31:10 [POST] /api/v1/auth/refresh-token HTTP/1.1 | Status: 200 | Latency: 27.9488ms | IP: 127.0.0.1
2026/01/04 23:31:10 [GET] /api/v1/auth/me HTTP/1.1 | Status: 401 | Latency: 139.332µs | IP: 127.0.0.1
2026/01/04 23:31:12 [GET] /api/v1/auth/me HTTP/1.1 | Status: 401 | Latency: 85.672µs | IP: 127.0.0.1
2026/01/04 23:31:12 [POST] /api/v1/auth/refresh-token HTTP/1.1 | Status: 200 | Latency: 6.865661ms | IP: 127.0.0.1
2026/01/04 23:31:12 [GET] /api/v1/auth/me HTTP/1.1 | Status: 401 | Latency: 55.448µs | IP: 127.0.0.1
2026/01/04 23:32:00 [POST] /api/v1/auth/login HTTP/1.1 | Status: 200 | Latency: 65.272382ms | IP: 127.0.0.1
2026/01/04 23:32:00 [GET] /api/v1/auth/me HTTP/1.1 | Status: 401 | Latency: 60.347µs | IP: 127.0.0.1
2026/01/04 23:32:00 [POST] /api/v1/auth/refresh-token HTTP/1.1 | Status: 200 | Latency: 7.066824ms | IP: 127.0.0.1
2026/01/04 23:32:00 [GET] /api/v1/auth/me HTTP/1.1 | Status: 401 | Latency: 86.748µs | IP: 127.0.0.1
2026/01/04 23:32:19 [GET] /api/v1/auth/me HTTP/1.1 | Status: 401 | Latency: 204.725µs | IP: 127.0.0.1
2026/01/04 23:32:19 [POST] /api/v1/auth/refresh-token HTTP/1.1 | Status: 200 | Latency: 14.515996ms | IP: 127.0.0.1
2026/01/04 23:32:20 [GET] /api/v1/auth/me HTTP/1.1 | Status: 401 | Latency: 97.596µs | IP: 127.0.0.1
2026/01/04 23:32:27 [POST] /api/v1/auth/login HTTP/1.1 | Status: 200 | Latency: 53.868385ms | IP: 127.0.0.1
2026/01/04 23:32:27 [GET] /api/v1/auth/me HTTP/1.1 | Status: 401 | Latency: 53.383µs | IP: 127.0.0.1
2026/01/04 23:32:27 [POST] /api/v1/auth/refresh-token HTTP/1.1 | Status: 200 | Latency: 7.644679ms | IP: 127.0.0.1
2026/01/04 23:32:27 [GET] /api/v1/auth/me HTTP/1.1 | Status: 401 | Latency: 78.243µs | IP: 127.0.0.1
2026/01/04 23:34:24 [GET] /api/v1/auth/me HTTP/1.1 | Status: 401 | Latency: 128.517µs | IP: 127.0.0.1
2026/01/04 23:34:24 [POST] /api/v1/auth/refresh-token HTTP/1.1 | Status: 200 | Latency: 38.654629ms | IP: 127.0.0.1
2026/01/04 23:34:25 [GET] /api/v1/auth/me HTTP/1.1 | Status: 401 | Latency: 53.366µs | IP: 127.0.0.1
2026/01/04 23:34:31 [POST] /api/v1/auth/login HTTP/1.1 | Status: 200 | Latency: 60.478722ms | IP: 127.0.0.1
2026/01/04 23:34:31 [GET] /api/v1/auth/me HTTP/1.1 | Status: 401 | Latency: 61.731µs | IP: 127.0.0.1
2026/01/04 23:34:31 [POST] /api/v1/auth/refresh-token HTTP/1.1 | Status: 200 | Latency: 11.349102ms | IP: 127.0.0.1
2026/01/04 23:34:31 [GET] /api/v1/auth/me HTTP/1.1 | Status: 401 | Latency: 90.163µs | IP: 127.0.0.1
signal: killed
